[0m11:46:31.000029 [debug] [MainThread]: Sending event: {'category': 'dbt', 'action': 'invocation', 'label': 'start', 'context': [<snowplow_tracker.self_describing_json.SelfDescribingJson object at 0x00000269B49E7770>, <snowplow_tracker.self_describing_json.SelfDescribingJson object at 0x00000269B174B610>, <snowplow_tracker.self_describing_json.SelfDescribingJson object at 0x00000269B6C8BC50>]}


============================== 11:46:31.006095 | 6daee6d6-9a40-4364-8929-fd4e465a4bd3 ==============================
[0m11:46:31.006095 [info ] [MainThread]: Running with dbt=1.11.8
[0m11:46:31.006792 [debug] [MainThread]: running dbt with arguments {'partial_parse': 'True', 'log_format': 'default', 'introspect': 'True', 'write_json': 'True', 'fail_fast': 'False', 'quiet': 'False', 'profiles_dir': 'C:\\Krish\\Project\\sec-edgar-pipeline\\dbt', 'use_experimental_parser': 'False', 'debug': 'False', 'static_parser': 'True', 'send_anonymous_usage_stats': 'True', 'target_path': 'None', 'version_check': 'True', 'printer_width': '80', 'invocation_command': 'dbt run --select bronze', 'no_print': 'None', 'log_cache_events': 'False', 'log_path': 'C:\\Krish\\Project\\sec-edgar-pipeline\\dbt\\logs', 'warn_error_options': 'WarnErrorOptionsV2(error=[], warn=[], silence=[])', 'use_colors': 'True', 'cache_selected_only': 'False', 'warn_error': 'None', 'indirect_selection': 'eager', 'empty': 'False'}
[0m11:46:31.413233 [debug] [MainThread]: Sending event: {'category': 'dbt', 'action': 'project_id', 'label': '6daee6d6-9a40-4364-8929-fd4e465a4bd3', 'context': [<snowplow_tracker.self_describing_json.SelfDescribingJson object at 0x00000269B4F74510>]}
[0m11:46:31.459323 [debug] [MainThread]: Sending event: {'category': 'dbt', 'action': 'adapter_info', 'label': '6daee6d6-9a40-4364-8929-fd4e465a4bd3', 'context': [<snowplow_tracker.self_describing_json.SelfDescribingJson object at 0x00000269B6E4CF30>]}
[0m11:46:31.461684 [info ] [MainThread]: Registered adapter: duckdb=1.10.1
[0m11:46:31.658462 [debug] [MainThread]: checksum: 7d524ac048c2100769df89d592e662e060a73ca564e31bd9c2a37efdfe8d8ab6, vars: {}, profile: , target: , version: 1.11.8
[0m11:46:31.659600 [info ] [MainThread]: Unable to do partial parsing because saved manifest not found. Starting full parse.
[0m11:46:31.660243 [debug] [MainThread]: Sending event: {'category': 'dbt', 'action': 'partial_parser', 'label': '6daee6d6-9a40-4364-8929-fd4e465a4bd3', 'context': [<snowplow_tracker.self_describing_json.SelfDescribingJson object at 0x00000269B6D3DF50>]}
[0m11:46:32.795647 [debug] [MainThread]: Sending event: {'category': 'dbt', 'action': 'load_project', 'label': '6daee6d6-9a40-4364-8929-fd4e465a4bd3', 'context': [<snowplow_tracker.self_describing_json.SelfDescribingJson object at 0x00000269B70E1040>]}
[0m11:46:32.874716 [debug] [MainThread]: Wrote artifact WritableManifest to C:\Krish\Project\sec-edgar-pipeline\dbt\target\manifest.json
[0m11:46:32.878352 [debug] [MainThread]: Wrote artifact SemanticManifest to C:\Krish\Project\sec-edgar-pipeline\dbt\target\semantic_manifest.json
[0m11:46:32.893788 [debug] [MainThread]: Sending event: {'category': 'dbt', 'action': 'resource_counts', 'label': '6daee6d6-9a40-4364-8929-fd4e465a4bd3', 'context': [<snowplow_tracker.self_describing_json.SelfDescribingJson object at 0x00000269B7806A50>]}
[0m11:46:32.894195 [info ] [MainThread]: Found 10 models, 11 data tests, 1 seed, 475 macros
[0m11:46:32.894612 [debug] [MainThread]: Sending event: {'category': 'dbt', 'action': 'runnable_timing', 'label': '6daee6d6-9a40-4364-8929-fd4e465a4bd3', 'context': [<snowplow_tracker.self_describing_json.SelfDescribingJson object at 0x00000269B72361A0>]}
[0m11:46:32.896140 [info ] [MainThread]: 
[0m11:46:32.896518 [info ] [MainThread]: Concurrency: 4 threads (target='dev')
[0m11:46:32.896855 [info ] [MainThread]: 
[0m11:46:32.897292 [debug] [MainThread]: Acquiring new duckdb connection 'master'
[0m11:46:32.900806 [debug] [ThreadPool]: Acquiring new duckdb connection 'list_edgar'
[0m11:46:33.093732 [debug] [ThreadPool]: Using duckdb connection "list_edgar"
[0m11:46:33.094142 [debug] [ThreadPool]: On list_edgar: /* {"app": "dbt", "dbt_version": "1.11.8", "profile_name": "sec_edgar", "target_name": "dev", "connection_name": "list_edgar"} */

    
    select schema_name
    from system.information_schema.schemata
    
    where lower(catalog_name) = '"edgar"'
    
  
  
[0m11:46:33.094392 [debug] [ThreadPool]: Opening a new connection, currently in state init
[0m11:46:33.132687 [debug] [ThreadPool]: SQL status: OK in 0.038 seconds
[0m11:46:33.134499 [debug] [ThreadPool]: On list_edgar: Close
[0m11:46:33.135096 [debug] [ThreadPool]: Re-using an available connection from the pool (formerly list_edgar, now create_edgar_main_bronze)
[0m11:46:33.135933 [debug] [ThreadPool]: Creating schema "database: "edgar"
schema: "main_bronze"
"
[0m11:46:33.140190 [debug] [ThreadPool]: Using duckdb connection "create_edgar_main_bronze"
[0m11:46:33.140447 [debug] [ThreadPool]: On create_edgar_main_bronze: /* {"app": "dbt", "dbt_version": "1.11.8", "profile_name": "sec_edgar", "target_name": "dev", "connection_name": "create_edgar_main_bronze"} */

    
        select type from duckdb_databases()
        where lower(database_name)='edgar'
        and type='sqlite'
    
  
[0m11:46:33.140675 [debug] [ThreadPool]: Opening a new connection, currently in state closed
[0m11:46:33.141736 [debug] [ThreadPool]: SQL status: OK in 0.001 seconds
[0m11:46:33.142730 [debug] [ThreadPool]: Using duckdb connection "create_edgar_main_bronze"
[0m11:46:33.142993 [debug] [ThreadPool]: On create_edgar_main_bronze: BEGIN
[0m11:46:33.143608 [debug] [ThreadPool]: SQL status: OK in 0.000 seconds
[0m11:46:33.143865 [debug] [ThreadPool]: Using duckdb connection "create_edgar_main_bronze"
[0m11:46:33.144074 [debug] [ThreadPool]: On create_edgar_main_bronze: /* {"app": "dbt", "dbt_version": "1.11.8", "profile_name": "sec_edgar", "target_name": "dev", "connection_name": "create_edgar_main_bronze"} */

    
    
        create schema if not exists "edgar"."main_bronze"
    
[0m11:46:33.145370 [debug] [ThreadPool]: SQL status: OK in 0.001 seconds
[0m11:46:33.145977 [debug] [ThreadPool]: On create_edgar_main_bronze: COMMIT
[0m11:46:33.146227 [debug] [ThreadPool]: Using duckdb connection "create_edgar_main_bronze"
[0m11:46:33.146423 [debug] [ThreadPool]: On create_edgar_main_bronze: COMMIT
[0m11:46:33.148887 [debug] [ThreadPool]: SQL status: OK in 0.002 seconds
[0m11:46:33.149193 [debug] [ThreadPool]: On create_edgar_main_bronze: Close
[0m11:46:33.150770 [debug] [ThreadPool]: Acquiring new duckdb connection 'list_edgar_main_gold'
[0m11:46:33.154941 [debug] [ThreadPool]: Using duckdb connection "list_edgar_main_gold"
[0m11:46:33.155321 [debug] [ThreadPool]: Acquiring new duckdb connection 'list_edgar_main_silver'
[0m11:46:33.155595 [debug] [ThreadPool]: On list_edgar_main_gold: BEGIN
[0m11:46:33.156036 [debug] [ThreadPool]: Acquiring new duckdb connection 'list_edgar_main_bronze'
[0m11:46:33.157130 [debug] [ThreadPool]: Using duckdb connection "list_edgar_main_silver"
[0m11:46:33.157624 [debug] [ThreadPool]: Acquiring new duckdb connection 'list_edgar_main_seeds'
[0m11:46:33.157896 [debug] [ThreadPool]: Opening a new connection, currently in state init
[0m11:46:33.159119 [debug] [ThreadPool]: Using duckdb connection "list_edgar_main_bronze"
[0m11:46:33.159393 [debug] [ThreadPool]: On list_edgar_main_silver: BEGIN
[0m11:46:33.160589 [debug] [ThreadPool]: Using duckdb connection "list_edgar_main_seeds"
[0m11:46:33.161025 [debug] [ThreadPool]: On list_edgar_main_bronze: BEGIN
[0m11:46:33.161280 [debug] [ThreadPool]: Opening a new connection, currently in state init
[0m11:46:33.161537 [debug] [ThreadPool]: SQL status: OK in 0.004 seconds
[0m11:46:33.161806 [debug] [ThreadPool]: On list_edgar_main_seeds: BEGIN
[0m11:46:33.162019 [debug] [ThreadPool]: Opening a new connection, currently in state init
[0m11:46:33.162397 [debug] [ThreadPool]: Using duckdb connection "list_edgar_main_gold"
[0m11:46:33.162641 [debug] [ThreadPool]: Opening a new connection, currently in state init
[0m11:46:33.162864 [debug] [ThreadPool]: SQL status: OK in 0.002 seconds
[0m11:46:33.163213 [debug] [ThreadPool]: On list_edgar_main_gold: /* {"app": "dbt", "dbt_version": "1.11.8", "profile_name": "sec_edgar", "target_name": "dev", "connection_name": "list_edgar_main_gold"} */
select
      'edgar' as database,
      table_name as name,
      table_schema as schema,
      CASE table_type
        WHEN 'BASE TABLE' THEN 'table'
        WHEN 'VIEW' THEN 'view'
        WHEN 'LOCAL TEMPORARY' THEN 'table'
        END as type
    from system.information_schema.tables
    where lower(table_schema) = 'main_gold'
    and lower(table_catalog) = 'edgar'
  
[0m11:46:33.163478 [debug] [ThreadPool]: SQL status: OK in 0.001 seconds
[0m11:46:33.163800 [debug] [ThreadPool]: Using duckdb connection "list_edgar_main_silver"
[0m11:46:33.164038 [debug] [ThreadPool]: SQL status: OK in 0.001 seconds
[0m11:46:33.164360 [debug] [ThreadPool]: Using duckdb connection "list_edgar_main_bronze"
[0m11:46:33.164631 [debug] [ThreadPool]: On list_edgar_main_silver: /* {"app": "dbt", "dbt_version": "1.11.8", "profile_name": "sec_edgar", "target_name": "dev", "connection_name": "list_edgar_main_silver"} */
select
      'edgar' as database,
      table_name as name,
      table_schema as schema,
      CASE table_type
        WHEN 'BASE TABLE' THEN 'table'
        WHEN 'VIEW' THEN 'view'
        WHEN 'LOCAL TEMPORARY' THEN 'table'
        END as type
    from system.information_schema.tables
    where lower(table_schema) = 'main_silver'
    and lower(table_catalog) = 'edgar'
  
[0m11:46:33.164926 [debug] [ThreadPool]: Using duckdb connection "list_edgar_main_seeds"
[0m11:46:33.165211 [debug] [ThreadPool]: On list_edgar_main_bronze: /* {"app": "dbt", "dbt_version": "1.11.8", "profile_name": "sec_edgar", "target_name": "dev", "connection_name": "list_edgar_main_bronze"} */
select
      'edgar' as database,
      table_name as name,
      table_schema as schema,
      CASE table_type
        WHEN 'BASE TABLE' THEN 'table'
        WHEN 'VIEW' THEN 'view'
        WHEN 'LOCAL TEMPORARY' THEN 'table'
        END as type
    from system.information_schema.tables
    where lower(table_schema) = 'main_bronze'
    and lower(table_catalog) = 'edgar'
  
[0m11:46:33.165573 [debug] [ThreadPool]: On list_edgar_main_seeds: /* {"app": "dbt", "dbt_version": "1.11.8", "profile_name": "sec_edgar", "target_name": "dev", "connection_name": "list_edgar_main_seeds"} */
select
      'edgar' as database,
      table_name as name,
      table_schema as schema,
      CASE table_type
        WHEN 'BASE TABLE' THEN 'table'
        WHEN 'VIEW' THEN 'view'
        WHEN 'LOCAL TEMPORARY' THEN 'table'
        END as type
    from system.information_schema.tables
    where lower(table_schema) = 'main_seeds'
    and lower(table_catalog) = 'edgar'
  
[0m11:46:33.171868 [debug] [ThreadPool]: SQL status: OK in 0.006 seconds
[0m11:46:33.172206 [debug] [ThreadPool]: SQL status: OK in 0.008 seconds
[0m11:46:33.172476 [debug] [ThreadPool]: SQL status: OK in 0.007 seconds
[0m11:46:33.172733 [debug] [ThreadPool]: SQL status: OK in 0.007 seconds
[0m11:46:33.173478 [debug] [ThreadPool]: On list_edgar_main_seeds: ROLLBACK
[0m11:46:33.174331 [debug] [ThreadPool]: On list_edgar_main_gold: ROLLBACK
[0m11:46:33.175223 [debug] [ThreadPool]: On list_edgar_main_bronze: ROLLBACK
[0m11:46:33.175995 [debug] [ThreadPool]: On list_edgar_main_silver: ROLLBACK
[0m11:46:33.178027 [debug] [ThreadPool]: Failed to rollback 'list_edgar_main_bronze'
[0m11:46:33.178285 [debug] [ThreadPool]: On list_edgar_main_bronze: Close
[0m11:46:33.178660 [debug] [ThreadPool]: Failed to rollback 'list_edgar_main_seeds'
[0m11:46:33.179061 [debug] [ThreadPool]: On list_edgar_main_seeds: Close
[0m11:46:33.179585 [debug] [ThreadPool]: Failed to rollback 'list_edgar_main_gold'
[0m11:46:33.180176 [debug] [ThreadPool]: Failed to rollback 'list_edgar_main_silver'
[0m11:46:33.180485 [debug] [ThreadPool]: On list_edgar_main_gold: Close
[0m11:46:33.180749 [debug] [ThreadPool]: On list_edgar_main_silver: Close
[0m11:46:33.181491 [debug] [MainThread]: Sending event: {'category': 'dbt', 'action': 'runnable_timing', 'label': '6daee6d6-9a40-4364-8929-fd4e465a4bd3', 'context': [<snowplow_tracker.self_describing_json.SelfDescribingJson object at 0x00000269B783DD90>]}
[0m11:46:33.181868 [debug] [MainThread]: Using duckdb connection "master"
[0m11:46:33.182098 [debug] [MainThread]: On master: BEGIN
[0m11:46:33.182289 [debug] [MainThread]: Opening a new connection, currently in state init
[0m11:46:33.182693 [debug] [MainThread]: SQL status: OK in 0.000 seconds
[0m11:46:33.182911 [debug] [MainThread]: On master: COMMIT
[0m11:46:33.183105 [debug] [MainThread]: Using duckdb connection "master"
[0m11:46:33.183444 [debug] [MainThread]: On master: COMMIT
[0m11:46:33.183788 [debug] [MainThread]: SQL status: OK in 0.000 seconds
[0m11:46:33.184029 [debug] [MainThread]: On master: Close
[0m11:46:33.187887 [debug] [Thread-1 (]: Began running node model.sec_edgar.raw_company_facts
[0m11:46:33.188614 [debug] [Thread-2 (]: Began running node model.sec_edgar.raw_submissions
[0m11:46:33.188321 [info ] [Thread-1 (]: 1 of 2 START sql table model main_bronze.raw_company_facts ..................... [RUN]
[0m11:46:33.189498 [debug] [Thread-1 (]: Acquiring new duckdb connection 'model.sec_edgar.raw_company_facts'
[0m11:46:33.189097 [info ] [Thread-2 (]: 2 of 2 START sql table model main_bronze.raw_submissions ....................... [RUN]
[0m11:46:33.189970 [debug] [Thread-1 (]: Began compiling node model.sec_edgar.raw_company_facts
[0m11:46:33.190431 [debug] [Thread-2 (]: Acquiring new duckdb connection 'model.sec_edgar.raw_submissions'
[0m11:46:33.195259 [debug] [Thread-1 (]: Writing injected SQL for node "model.sec_edgar.raw_company_facts"
[0m11:46:33.195634 [debug] [Thread-2 (]: Began compiling node model.sec_edgar.raw_submissions
[0m11:46:33.197851 [debug] [Thread-2 (]: Writing injected SQL for node "model.sec_edgar.raw_submissions"
[0m11:46:33.199985 [debug] [Thread-2 (]: Began executing node model.sec_edgar.raw_submissions
[0m11:46:33.204438 [debug] [Thread-1 (]: Began executing node model.sec_edgar.raw_company_facts
[0m11:46:33.222222 [debug] [Thread-2 (]: Writing runtime sql for node "model.sec_edgar.raw_submissions"
[0m11:46:33.224274 [debug] [Thread-1 (]: Writing runtime sql for node "model.sec_edgar.raw_company_facts"
[0m11:46:33.226507 [debug] [Thread-2 (]: Using duckdb connection "model.sec_edgar.raw_submissions"
[0m11:46:33.226894 [debug] [Thread-2 (]: On model.sec_edgar.raw_submissions: BEGIN
[0m11:46:33.227249 [debug] [Thread-1 (]: Using duckdb connection "model.sec_edgar.raw_company_facts"
[0m11:46:33.227555 [debug] [Thread-2 (]: Opening a new connection, currently in state init
[0m11:46:33.227871 [debug] [Thread-1 (]: On model.sec_edgar.raw_company_facts: BEGIN
[0m11:46:33.228415 [debug] [Thread-1 (]: Opening a new connection, currently in state init
[0m11:46:33.228813 [debug] [Thread-2 (]: SQL status: OK in 0.001 seconds
[0m11:46:33.229114 [debug] [Thread-2 (]: Using duckdb connection "model.sec_edgar.raw_submissions"
[0m11:46:33.229393 [debug] [Thread-1 (]: SQL status: OK in 0.001 seconds
[0m11:46:33.229711 [debug] [Thread-2 (]: On model.sec_edgar.raw_submissions: /* {"app": "dbt", "dbt_version": "1.11.8", "profile_name": "sec_edgar", "target_name": "dev", "node_id": "model.sec_edgar.raw_submissions"} */

  
    
    

    create  table
      "edgar"."main_bronze"."raw_submissions__dbt_tmp"
  
    as (
      -- Bronze: raw_submissions
--
-- Reads all submission metadata JSON files from disk into DuckDB as-is.
-- No transformations — faithful copy of the SEC submissions endpoint response.
--
-- Source files : data/raw/submissions/{cik}.json  (one file per company, ~50 KB each)
-- Configured in: dbt_project.yml  →  vars.raw_submissions_path
--
-- The 'filings' column contains nested filing history arrays.
-- The Silver model (stg_companies) extracts the top-level company metadata.
--
-- append-only: never update or delete rows from this table.



select
    cast(cik as varchar)            as cik_raw,
    name                            as company_name_raw,

    -- Industry classification code (4-digit integer)
    cast(sic as varchar)            as sic_raw,
    sicDescription                  as sic_description_raw,

    stateOfIncorporation            as state_of_incorporation_raw,

    -- Arrays of tickers and exchanges — a company can have multiple
    -- The Silver layer extracts the primary (first) ticker and exchange
    tickers                         as tickers_raw,
    exchanges                       as exchanges_raw,

    -- Full filing history — kept as blob for Silver to flatten
    filings                         as filings_blob,

    current_timestamp               as loaded_at

from read_json_auto(
    'C:/Krish/Project/sec-edgar-pipeline/data/raw/submissions/*.json',
    auto_detect = true
)
    );
  
  
[0m11:46:33.230066 [debug] [Thread-1 (]: Using duckdb connection "model.sec_edgar.raw_company_facts"
[0m11:46:33.230540 [debug] [Thread-1 (]: On model.sec_edgar.raw_company_facts: /* {"app": "dbt", "dbt_version": "1.11.8", "profile_name": "sec_edgar", "target_name": "dev", "node_id": "model.sec_edgar.raw_company_facts"} */

  
    
    

    create  table
      "edgar"."main_bronze"."raw_company_facts__dbt_tmp"
  
    as (
      -- Bronze: raw_company_facts
--
-- Reads all companyfacts JSON files from disk into DuckDB as-is.
-- No transformations — this is a faithful copy of what the SEC API returned.
--
-- Source files : data/raw/facts/{cik}.json  (one file per company, 5–20 MB each)
-- Configured in: dbt_project.yml  →  vars.raw_facts_path
--
-- The 'facts' column contains deeply nested XBRL data.
-- The Silver model (stg_financials) is responsible for unnesting it.
--
-- append-only: never update or delete rows from this table.



select
    -- CIK comes back as an integer from the API; cast to string for consistency.
    -- Zero-padding to 10 digits happens in the Silver layer.
    cast(cik as varchar)            as cik_raw,

    entityName                      as entity_name,

    -- Keep the full facts blob intact — Silver will unnest this.
    -- DuckDB stores it as a JSON column.
    facts                           as facts_blob,

    -- Record when this row was loaded so we can track freshness
    current_timestamp               as loaded_at

from read_json_auto(
    'C:/Krish/Project/sec-edgar-pipeline/data/raw/facts/*.json',
    -- Allow up to 32 MB per file — some companyfacts responses exceed the default
    maximum_object_size = 33554432,
    -- Let DuckDB infer column types automatically from the JSON structure
    auto_detect = true
)
    );
  
  
[0m11:46:33.836112 [debug] [Thread-2 (]: SQL status: OK in 0.606 seconds
[0m11:46:33.842106 [debug] [Thread-2 (]: Using duckdb connection "model.sec_edgar.raw_submissions"
[0m11:46:33.842521 [debug] [Thread-2 (]: On model.sec_edgar.raw_submissions: /* {"app": "dbt", "dbt_version": "1.11.8", "profile_name": "sec_edgar", "target_name": "dev", "node_id": "model.sec_edgar.raw_submissions"} */
alter table "edgar"."main_bronze"."raw_submissions__dbt_tmp" rename to "raw_submissions"
[0m11:46:33.843899 [debug] [Thread-2 (]: SQL status: OK in 0.001 seconds
[0m11:46:33.862649 [debug] [Thread-2 (]: On model.sec_edgar.raw_submissions: COMMIT
[0m11:46:33.863256 [debug] [Thread-2 (]: Using duckdb connection "model.sec_edgar.raw_submissions"
[0m11:46:33.863785 [debug] [Thread-2 (]: On model.sec_edgar.raw_submissions: COMMIT
[0m11:46:33.938025 [debug] [Thread-2 (]: SQL status: OK in 0.073 seconds
[0m11:46:33.949766 [debug] [Thread-2 (]: Using duckdb connection "model.sec_edgar.raw_submissions"
[0m11:46:33.951082 [debug] [Thread-2 (]: On model.sec_edgar.raw_submissions: /* {"app": "dbt", "dbt_version": "1.11.8", "profile_name": "sec_edgar", "target_name": "dev", "node_id": "model.sec_edgar.raw_submissions"} */

      drop table if exists "edgar"."main_bronze"."raw_submissions__dbt_backup" cascade
    
[0m11:46:33.953554 [debug] [Thread-2 (]: SQL status: OK in 0.002 seconds
[0m11:46:33.956450 [debug] [Thread-2 (]: On model.sec_edgar.raw_submissions: Close
[0m11:46:33.958944 [debug] [Thread-2 (]: Sending event: {'category': 'dbt', 'action': 'run_model', 'label': '6daee6d6-9a40-4364-8929-fd4e465a4bd3', 'context': [<snowplow_tracker.self_describing_json.SelfDescribingJson object at 0x00000269B8CA0260>]}
[0m11:46:33.959806 [info ] [Thread-2 (]: 2 of 2 OK created sql table model main_bronze.raw_submissions .................. [[32mOK[0m in 0.77s]
[0m11:46:33.961057 [debug] [Thread-2 (]: Finished running node model.sec_edgar.raw_submissions
[0m11:46:38.774149 [debug] [Thread-1 (]: DuckDB adapter: duckdb error: Invalid Input Error: JSON transform error in file "C:\Krish\Project\sec-edgar-pipeline\data\raw\facts\0000821189.json", in record/value 1: Object {"ConsolidatedOilAndGasProductionCostsPerUnitOfPro... has unknown key "ConsolidatedOilAndGasProductionCostsPerUnitOfProduction"
Try increasing 'sample_size', reducing 'maximum_depth', specifying 'columns', 'format' or 'records' manually, setting 'ignore_errors' to true, or setting 'union_by_name' to true when reading multiple files with a different structure.
[0m11:46:38.775108 [debug] [Thread-1 (]: DuckDB adapter: Error running SQL: /* {"app": "dbt", "dbt_version": "1.11.8", "profile_name": "sec_edgar", "target_name": "dev", "node_id": "model.sec_edgar.raw_company_facts"} */

  
    
    

    create  table
      "edgar"."main_bronze"."raw_company_facts__dbt_tmp"
  
    as (
      -- Bronze: raw_company_facts
--
-- Reads all companyfacts JSON files from disk into DuckDB as-is.
-- No transformations — this is a faithful copy of what the SEC API returned.
--
-- Source files : data/raw/facts/{cik}.json  (one file per company, 5–20 MB each)
-- Configured in: dbt_project.yml  →  vars.raw_facts_path
--
-- The 'facts' column contains deeply nested XBRL data.
-- The Silver model (stg_financials) is responsible for unnesting it.
--
-- append-only: never update or delete rows from this table.



select
    -- CIK comes back as an integer from the API; cast to string for consistency.
    -- Zero-padding to 10 digits happens in the Silver layer.
    cast(cik as varchar)            as cik_raw,

    entityName                      as entity_name,

    -- Keep the full facts blob intact — Silver will unnest this.
    -- DuckDB stores it as a JSON column.
    facts                           as facts_blob,

    -- Record when this row was loaded so we can track freshness
    current_timestamp               as loaded_at

from read_json_auto(
    'C:/Krish/Project/sec-edgar-pipeline/data/raw/facts/*.json',
    -- Allow up to 32 MB per file — some companyfacts responses exceed the default
    maximum_object_size = 33554432,
    -- Let DuckDB infer column types automatically from the JSON structure
    auto_detect = true
)
    );
  
  
[0m11:46:38.775500 [debug] [Thread-1 (]: DuckDB adapter: Rolling back transaction.
[0m11:46:38.775776 [debug] [Thread-1 (]: On model.sec_edgar.raw_company_facts: ROLLBACK
[0m11:46:38.779572 [debug] [Thread-1 (]: Failed to rollback 'model.sec_edgar.raw_company_facts'
[0m11:46:38.780017 [debug] [Thread-1 (]: On model.sec_edgar.raw_company_facts: Close
[0m11:46:39.333770 [debug] [Thread-1 (]: Runtime Error in model raw_company_facts (models\bronze\raw_company_facts.sql)
  Invalid Input Error: JSON transform error in file "C:\Krish\Project\sec-edgar-pipeline\data\raw\facts\0000821189.json", in record/value 1: Object {"ConsolidatedOilAndGasProductionCostsPerUnitOfPro... has unknown key "ConsolidatedOilAndGasProductionCostsPerUnitOfProduction"
  Try increasing 'sample_size', reducing 'maximum_depth', specifying 'columns', 'format' or 'records' manually, setting 'ignore_errors' to true, or setting 'union_by_name' to true when reading multiple files with a different structure.
[0m11:46:39.334281 [debug] [Thread-1 (]: Sending event: {'category': 'dbt', 'action': 'run_model', 'label': '6daee6d6-9a40-4364-8929-fd4e465a4bd3', 'context': [<snowplow_tracker.self_describing_json.SelfDescribingJson object at 0x00000269B8C80AF0>]}
[0m11:46:39.334774 [error] [Thread-1 (]: 1 of 2 ERROR creating sql table model main_bronze.raw_company_facts ............ [[31mERROR[0m in 6.14s]
[0m11:46:39.335423 [debug] [Thread-1 (]: Finished running node model.sec_edgar.raw_company_facts
[0m11:46:39.335898 [debug] [Thread-7 (]: Marking all children of 'model.sec_edgar.raw_company_facts' to be skipped because of status 'error'.  Reason: Runtime Error in model raw_company_facts (models\bronze\raw_company_facts.sql)
  Invalid Input Error: JSON transform error in file "C:\Krish\Project\sec-edgar-pipeline\data\raw\facts\0000821189.json", in record/value 1: Object {"ConsolidatedOilAndGasProductionCostsPerUnitOfPro... has unknown key "ConsolidatedOilAndGasProductionCostsPerUnitOfProduction"
  Try increasing 'sample_size', reducing 'maximum_depth', specifying 'columns', 'format' or 'records' manually, setting 'ignore_errors' to true, or setting 'union_by_name' to true when reading multiple files with a different structure..
[0m11:46:39.337527 [debug] [MainThread]: Using duckdb connection "master"
[0m11:46:39.337831 [debug] [MainThread]: On master: BEGIN
[0m11:46:39.338045 [debug] [MainThread]: Opening a new connection, currently in state closed
[0m11:46:39.338502 [debug] [MainThread]: SQL status: OK in 0.000 seconds
[0m11:46:39.338754 [debug] [MainThread]: On master: COMMIT
[0m11:46:39.338981 [debug] [MainThread]: Using duckdb connection "master"
[0m11:46:39.339187 [debug] [MainThread]: On master: COMMIT
[0m11:46:39.339532 [debug] [MainThread]: SQL status: OK in 0.000 seconds
[0m11:46:39.339757 [debug] [MainThread]: On master: Close
[0m11:46:39.340066 [debug] [MainThread]: Connection 'master' was properly closed.
[0m11:46:39.340283 [debug] [MainThread]: Connection 'create_edgar_main_bronze' was properly closed.
[0m11:46:39.340468 [debug] [MainThread]: Connection 'list_edgar_main_gold' was properly closed.
[0m11:46:39.340631 [debug] [MainThread]: Connection 'list_edgar_main_silver' was properly closed.
[0m11:46:39.340803 [debug] [MainThread]: Connection 'list_edgar_main_bronze' was properly closed.
[0m11:46:39.340987 [debug] [MainThread]: Connection 'list_edgar_main_seeds' was properly closed.
[0m11:46:39.341169 [debug] [MainThread]: Connection 'model.sec_edgar.raw_company_facts' was properly closed.
[0m11:46:39.341333 [debug] [MainThread]: Connection 'model.sec_edgar.raw_submissions' was properly closed.
[0m11:46:39.341785 [info ] [MainThread]: 
[0m11:46:39.342278 [info ] [MainThread]: Finished running 2 table models in 0 hours 0 minutes and 6.44 seconds (6.44s).
[0m11:46:39.343078 [debug] [MainThread]: Command end result
[0m11:46:39.369551 [debug] [MainThread]: Wrote artifact WritableManifest to C:\Krish\Project\sec-edgar-pipeline\dbt\target\manifest.json
[0m11:46:39.372291 [debug] [MainThread]: Wrote artifact SemanticManifest to C:\Krish\Project\sec-edgar-pipeline\dbt\target\semantic_manifest.json
[0m11:46:39.377471 [debug] [MainThread]: Wrote artifact RunExecutionResult to C:\Krish\Project\sec-edgar-pipeline\dbt\target\run_results.json
[0m11:46:39.377814 [info ] [MainThread]: 
[0m11:46:39.378354 [info ] [MainThread]: [31mCompleted with 1 error, 0 partial successes, and 0 warnings:[0m
[0m11:46:39.378800 [info ] [MainThread]: 
[0m11:46:39.379295 [error] [MainThread]: [31mFailure in model raw_company_facts (models\bronze\raw_company_facts.sql)[0m
[0m11:46:39.379779 [error] [MainThread]:   Runtime Error in model raw_company_facts (models\bronze\raw_company_facts.sql)
  Invalid Input Error: JSON transform error in file "C:\Krish\Project\sec-edgar-pipeline\data\raw\facts\0000821189.json", in record/value 1: Object {"ConsolidatedOilAndGasProductionCostsPerUnitOfPro... has unknown key "ConsolidatedOilAndGasProductionCostsPerUnitOfProduction"
  Try increasing 'sample_size', reducing 'maximum_depth', specifying 'columns', 'format' or 'records' manually, setting 'ignore_errors' to true, or setting 'union_by_name' to true when reading multiple files with a different structure.
[0m11:46:39.380233 [info ] [MainThread]: 
[0m11:46:39.380758 [info ] [MainThread]:   compiled code at target\compiled\sec_edgar\models\bronze\raw_company_facts.sql
[0m11:46:39.381129 [info ] [MainThread]: 
[0m11:46:39.381459 [info ] [MainThread]: Done. PASS=1 WARN=0 ERROR=1 SKIP=0 NO-OP=0 TOTAL=2
[0m11:46:39.382069 [debug] [MainThread]: Command `dbt run` failed at 11:46:39.381984 after 8.53 seconds
[0m11:46:39.382348 [debug] [MainThread]: Sending event: {'category': 'dbt', 'action': 'invocation', 'label': 'end', 'context': [<snowplow_tracker.self_describing_json.SelfDescribingJson object at 0x00000269B78B6150>, <snowplow_tracker.self_describing_json.SelfDescribingJson object at 0x00000269B4EE7150>, <snowplow_tracker.self_describing_json.SelfDescribingJson object at 0x00000269AF511C50>]}
[0m11:46:39.382618 [debug] [MainThread]: Flushing usage events
[0m11:46:39.775822 [debug] [MainThread]: An error was encountered while trying to flush usage events
[0m11:48:45.701039 [debug] [MainThread]: Sending event: {'category': 'dbt', 'action': 'invocation', 'label': 'start', 'context': [<snowplow_tracker.self_describing_json.SelfDescribingJson object at 0x0000028C788A7770>, <snowplow_tracker.self_describing_json.SelfDescribingJson object at 0x0000028C7563B610>, <snowplow_tracker.self_describing_json.SelfDescribingJson object at 0x0000028C7AB5BC50>]}


============================== 11:48:45.705007 | 110f9e19-9dea-4423-b989-86da57ecf57a ==============================
[0m11:48:45.705007 [info ] [MainThread]: Running with dbt=1.11.8
[0m11:48:45.705686 [debug] [MainThread]: running dbt with arguments {'target_path': 'None', 'invocation_command': 'dbt run --select bronze', 'no_print': 'None', 'printer_width': '80', 'warn_error_options': 'WarnErrorOptionsV2(error=[], warn=[], silence=[])', 'indirect_selection': 'eager', 'send_anonymous_usage_stats': 'True', 'empty': 'False', 'log_path': 'C:\\Krish\\Project\\sec-edgar-pipeline\\dbt\\logs', 'warn_error': 'None', 'quiet': 'False', 'version_check': 'True', 'cache_selected_only': 'False', 'write_json': 'True', 'use_experimental_parser': 'False', 'fail_fast': 'False', 'use_colors': 'True', 'partial_parse': 'True', 'static_parser': 'True', 'debug': 'False', 'log_cache_events': 'False', 'profiles_dir': 'C:\\Krish\\Project\\sec-edgar-pipeline\\dbt', 'log_format': 'default', 'introspect': 'True'}
[0m11:48:45.921985 [debug] [MainThread]: Sending event: {'category': 'dbt', 'action': 'project_id', 'label': '110f9e19-9dea-4423-b989-86da57ecf57a', 'context': [<snowplow_tracker.self_describing_json.SelfDescribingJson object at 0x0000028C78E48510>]}
[0m11:48:45.969170 [debug] [MainThread]: Sending event: {'category': 'dbt', 'action': 'adapter_info', 'label': '110f9e19-9dea-4423-b989-86da57ecf57a', 'context': [<snowplow_tracker.self_describing_json.SelfDescribingJson object at 0x0000028C7ACECF30>]}
[0m11:48:45.971444 [info ] [MainThread]: Registered adapter: duckdb=1.10.1
[0m11:48:46.129608 [debug] [MainThread]: checksum: 7d524ac048c2100769df89d592e662e060a73ca564e31bd9c2a37efdfe8d8ab6, vars: {}, profile: , target: , version: 1.11.8
[0m11:48:46.246441 [debug] [MainThread]: Partial parsing enabled: 0 files deleted, 0 files added, 1 files changed.
[0m11:48:46.246958 [debug] [MainThread]: Partial parsing: updated file: sec_edgar://models\bronze\raw_company_facts.sql
[0m11:48:46.586730 [debug] [MainThread]: Sending event: {'category': 'dbt', 'action': 'load_project', 'label': '110f9e19-9dea-4423-b989-86da57ecf57a', 'context': [<snowplow_tracker.self_describing_json.SelfDescribingJson object at 0x0000028C7B18FB50>]}
[0m11:48:46.658019 [debug] [MainThread]: Wrote artifact WritableManifest to C:\Krish\Project\sec-edgar-pipeline\dbt\target\manifest.json
[0m11:48:46.660341 [debug] [MainThread]: Wrote artifact SemanticManifest to C:\Krish\Project\sec-edgar-pipeline\dbt\target\semantic_manifest.json
[0m11:48:46.668994 [debug] [MainThread]: Sending event: {'category': 'dbt', 'action': 'resource_counts', 'label': '110f9e19-9dea-4423-b989-86da57ecf57a', 'context': [<snowplow_tracker.self_describing_json.SelfDescribingJson object at 0x0000028C7AF82990>]}
[0m11:48:46.669363 [info ] [MainThread]: Found 10 models, 11 data tests, 1 seed, 475 macros
[0m11:48:46.669784 [debug] [MainThread]: Sending event: {'category': 'dbt', 'action': 'runnable_timing', 'label': '110f9e19-9dea-4423-b989-86da57ecf57a', 'context': [<snowplow_tracker.self_describing_json.SelfDescribingJson object at 0x0000028C7AC63690>]}
[0m11:48:46.671336 [info ] [MainThread]: 
[0m11:48:46.671748 [info ] [MainThread]: Concurrency: 4 threads (target='dev')
[0m11:48:46.672047 [info ] [MainThread]: 
[0m11:48:46.672518 [debug] [MainThread]: Acquiring new duckdb connection 'master'
[0m11:48:46.676153 [debug] [ThreadPool]: Acquiring new duckdb connection 'list_edgar'
[0m11:48:46.795465 [debug] [ThreadPool]: Using duckdb connection "list_edgar"
[0m11:48:46.796113 [debug] [ThreadPool]: On list_edgar: /* {"app": "dbt", "dbt_version": "1.11.8", "profile_name": "sec_edgar", "target_name": "dev", "connection_name": "list_edgar"} */

    
    select schema_name
    from system.information_schema.schemata
    
    where lower(catalog_name) = '"edgar"'
    
  
  
[0m11:48:46.796520 [debug] [ThreadPool]: Opening a new connection, currently in state init
[0m11:48:46.811434 [debug] [ThreadPool]: SQL status: OK in 0.015 seconds
[0m11:48:46.812529 [debug] [ThreadPool]: On list_edgar: Close
[0m11:48:46.813185 [debug] [ThreadPool]: Re-using an available connection from the pool (formerly list_edgar, now create_edgar_main_bronze)
[0m11:48:46.813595 [debug] [ThreadPool]: Creating schema "database: "edgar"
schema: "main_bronze"
"
[0m11:48:46.817573 [debug] [ThreadPool]: Using duckdb connection "create_edgar_main_bronze"
[0m11:48:46.817820 [debug] [ThreadPool]: On create_edgar_main_bronze: /* {"app": "dbt", "dbt_version": "1.11.8", "profile_name": "sec_edgar", "target_name": "dev", "connection_name": "create_edgar_main_bronze"} */

    
        select type from duckdb_databases()
        where lower(database_name)='edgar'
        and type='sqlite'
    
  
[0m11:48:46.818028 [debug] [ThreadPool]: Opening a new connection, currently in state closed
[0m11:48:46.818659 [debug] [ThreadPool]: SQL status: OK in 0.001 seconds
[0m11:48:46.819489 [debug] [ThreadPool]: Using duckdb connection "create_edgar_main_bronze"
[0m11:48:46.819712 [debug] [ThreadPool]: On create_edgar_main_bronze: BEGIN
[0m11:48:46.820048 [debug] [ThreadPool]: SQL status: OK in 0.000 seconds
[0m11:48:46.820273 [debug] [ThreadPool]: Using duckdb connection "create_edgar_main_bronze"
[0m11:48:46.820467 [debug] [ThreadPool]: On create_edgar_main_bronze: /* {"app": "dbt", "dbt_version": "1.11.8", "profile_name": "sec_edgar", "target_name": "dev", "connection_name": "create_edgar_main_bronze"} */

    
    
        create schema if not exists "edgar"."main_bronze"
    
[0m11:48:46.820885 [debug] [ThreadPool]: SQL status: OK in 0.000 seconds
[0m11:48:46.821467 [debug] [ThreadPool]: On create_edgar_main_bronze: COMMIT
[0m11:48:46.821711 [debug] [ThreadPool]: Using duckdb connection "create_edgar_main_bronze"
[0m11:48:46.821914 [debug] [ThreadPool]: On create_edgar_main_bronze: COMMIT
[0m11:48:46.822239 [debug] [ThreadPool]: SQL status: OK in 0.000 seconds
[0m11:48:46.822482 [debug] [ThreadPool]: On create_edgar_main_bronze: Close
[0m11:48:46.823921 [debug] [ThreadPool]: Acquiring new duckdb connection 'list_edgar_main_seeds'
[0m11:48:46.824386 [debug] [ThreadPool]: Acquiring new duckdb connection 'list_edgar_main_gold'
[0m11:48:46.828562 [debug] [ThreadPool]: Using duckdb connection "list_edgar_main_seeds"
[0m11:48:46.829643 [debug] [ThreadPool]: Using duckdb connection "list_edgar_main_gold"
[0m11:48:46.829995 [debug] [ThreadPool]: Acquiring new duckdb connection 'list_edgar_main_silver'
[0m11:48:46.830653 [debug] [ThreadPool]: Acquiring new duckdb connection 'list_edgar_main_bronze'
[0m11:48:46.830932 [debug] [ThreadPool]: On list_edgar_main_seeds: BEGIN
[0m11:48:46.831219 [debug] [ThreadPool]: On list_edgar_main_gold: BEGIN
[0m11:48:46.832448 [debug] [ThreadPool]: Using duckdb connection "list_edgar_main_silver"
[0m11:48:46.833653 [debug] [ThreadPool]: Using duckdb connection "list_edgar_main_bronze"
[0m11:48:46.833973 [debug] [ThreadPool]: Opening a new connection, currently in state init
[0m11:48:46.834202 [debug] [ThreadPool]: Opening a new connection, currently in state init
[0m11:48:46.834601 [debug] [ThreadPool]: On list_edgar_main_silver: BEGIN
[0m11:48:46.834872 [debug] [ThreadPool]: On list_edgar_main_bronze: BEGIN
[0m11:48:46.835408 [debug] [ThreadPool]: SQL status: OK in 0.001 seconds
[0m11:48:46.835652 [debug] [ThreadPool]: Opening a new connection, currently in state init
[0m11:48:46.835882 [debug] [ThreadPool]: SQL status: OK in 0.002 seconds
[0m11:48:46.836120 [debug] [ThreadPool]: Opening a new connection, currently in state init
[0m11:48:46.836363 [debug] [ThreadPool]: Using duckdb connection "list_edgar_main_seeds"
[0m11:48:46.836673 [debug] [ThreadPool]: Using duckdb connection "list_edgar_main_gold"
[0m11:48:46.836914 [debug] [ThreadPool]: SQL status: OK in 0.001 seconds
[0m11:48:46.837256 [debug] [ThreadPool]: On list_edgar_main_seeds: /* {"app": "dbt", "dbt_version": "1.11.8", "profile_name": "sec_edgar", "target_name": "dev", "connection_name": "list_edgar_main_seeds"} */
select
      'edgar' as database,
      table_name as name,
      table_schema as schema,
      CASE table_type
        WHEN 'BASE TABLE' THEN 'table'
        WHEN 'VIEW' THEN 'view'
        WHEN 'LOCAL TEMPORARY' THEN 'table'
        END as type
    from system.information_schema.tables
    where lower(table_schema) = 'main_seeds'
    and lower(table_catalog) = 'edgar'
  
[0m11:48:46.837510 [debug] [ThreadPool]: SQL status: OK in 0.001 seconds
[0m11:48:46.837743 [debug] [ThreadPool]: On list_edgar_main_gold: /* {"app": "dbt", "dbt_version": "1.11.8", "profile_name": "sec_edgar", "target_name": "dev", "connection_name": "list_edgar_main_gold"} */
select
      'edgar' as database,
      table_name as name,
      table_schema as schema,
      CASE table_type
        WHEN 'BASE TABLE' THEN 'table'
        WHEN 'VIEW' THEN 'view'
        WHEN 'LOCAL TEMPORARY' THEN 'table'
        END as type
    from system.information_schema.tables
    where lower(table_schema) = 'main_gold'
    and lower(table_catalog) = 'edgar'
  
[0m11:48:46.837975 [debug] [ThreadPool]: Using duckdb connection "list_edgar_main_silver"
[0m11:48:46.838281 [debug] [ThreadPool]: Using duckdb connection "list_edgar_main_bronze"
[0m11:48:46.838575 [debug] [ThreadPool]: On list_edgar_main_silver: /* {"app": "dbt", "dbt_version": "1.11.8", "profile_name": "sec_edgar", "target_name": "dev", "connection_name": "list_edgar_main_silver"} */
select
      'edgar' as database,
      table_name as name,
      table_schema as schema,
      CASE table_type
        WHEN 'BASE TABLE' THEN 'table'
        WHEN 'VIEW' THEN 'view'
        WHEN 'LOCAL TEMPORARY' THEN 'table'
        END as type
    from system.information_schema.tables
    where lower(table_schema) = 'main_silver'
    and lower(table_catalog) = 'edgar'
  
[0m11:48:46.839034 [debug] [ThreadPool]: On list_edgar_main_bronze: /* {"app": "dbt", "dbt_version": "1.11.8", "profile_name": "sec_edgar", "target_name": "dev", "connection_name": "list_edgar_main_bronze"} */
select
      'edgar' as database,
      table_name as name,
      table_schema as schema,
      CASE table_type
        WHEN 'BASE TABLE' THEN 'table'
        WHEN 'VIEW' THEN 'view'
        WHEN 'LOCAL TEMPORARY' THEN 'table'
        END as type
    from system.information_schema.tables
    where lower(table_schema) = 'main_bronze'
    and lower(table_catalog) = 'edgar'
  
[0m11:48:46.840972 [debug] [ThreadPool]: SQL status: OK in 0.003 seconds
[0m11:48:46.841265 [debug] [ThreadPool]: SQL status: OK in 0.002 seconds
[0m11:48:46.841571 [debug] [ThreadPool]: SQL status: OK in 0.003 seconds
[0m11:48:46.842403 [debug] [ThreadPool]: On list_edgar_main_seeds: ROLLBACK
[0m11:48:46.842706 [debug] [ThreadPool]: SQL status: OK in 0.003 seconds
[0m11:48:46.843436 [debug] [ThreadPool]: On list_edgar_main_silver: ROLLBACK
[0m11:48:46.844493 [debug] [ThreadPool]: On list_edgar_main_bronze: ROLLBACK
[0m11:48:46.845844 [debug] [ThreadPool]: On list_edgar_main_gold: ROLLBACK
[0m11:48:46.846782 [debug] [ThreadPool]: Failed to rollback 'list_edgar_main_silver'
[0m11:48:46.847077 [debug] [ThreadPool]: On list_edgar_main_silver: Close
[0m11:48:46.847479 [debug] [ThreadPool]: Failed to rollback 'list_edgar_main_seeds'
[0m11:48:46.848028 [debug] [ThreadPool]: On list_edgar_main_seeds: Close
[0m11:48:46.848404 [debug] [ThreadPool]: Failed to rollback 'list_edgar_main_bronze'
[0m11:48:46.848645 [debug] [ThreadPool]: On list_edgar_main_bronze: Close
[0m11:48:46.849532 [debug] [ThreadPool]: Failed to rollback 'list_edgar_main_gold'
[0m11:48:46.849755 [debug] [ThreadPool]: On list_edgar_main_gold: Close
[0m11:48:46.850396 [debug] [MainThread]: Sending event: {'category': 'dbt', 'action': 'runnable_timing', 'label': '110f9e19-9dea-4423-b989-86da57ecf57a', 'context': [<snowplow_tracker.self_describing_json.SelfDescribingJson object at 0x0000028C7B66B930>]}
[0m11:48:46.850746 [debug] [MainThread]: Using duckdb connection "master"
[0m11:48:46.850955 [debug] [MainThread]: On master: BEGIN
[0m11:48:46.851173 [debug] [MainThread]: Opening a new connection, currently in state init
[0m11:48:46.851770 [debug] [MainThread]: SQL status: OK in 0.000 seconds
[0m11:48:46.851991 [debug] [MainThread]: On master: COMMIT
[0m11:48:46.852196 [debug] [MainThread]: Using duckdb connection "master"
[0m11:48:46.852377 [debug] [MainThread]: On master: COMMIT
[0m11:48:46.852684 [debug] [MainThread]: SQL status: OK in 0.000 seconds
[0m11:48:46.852903 [debug] [MainThread]: On master: Close
[0m11:48:46.855199 [debug] [Thread-1 (]: Began running node model.sec_edgar.raw_company_facts
[0m11:48:46.855580 [debug] [Thread-2 (]: Began running node model.sec_edgar.raw_submissions
[0m11:48:46.856039 [info ] [Thread-1 (]: 1 of 2 START sql table model main_bronze.raw_company_facts ..................... [RUN]
[0m11:48:46.856924 [debug] [Thread-1 (]: Acquiring new duckdb connection 'model.sec_edgar.raw_company_facts'
[0m11:48:46.857182 [debug] [Thread-1 (]: Began compiling node model.sec_edgar.raw_company_facts
[0m11:48:46.856485 [info ] [Thread-2 (]: 2 of 2 START sql table model main_bronze.raw_submissions ....................... [RUN]
[0m11:48:46.862037 [debug] [Thread-1 (]: Writing injected SQL for node "model.sec_edgar.raw_company_facts"
[0m11:48:46.862468 [debug] [Thread-2 (]: Acquiring new duckdb connection 'model.sec_edgar.raw_submissions'
[0m11:48:46.862875 [debug] [Thread-2 (]: Began compiling node model.sec_edgar.raw_submissions
[0m11:48:46.864875 [debug] [Thread-2 (]: Writing injected SQL for node "model.sec_edgar.raw_submissions"
[0m11:48:46.865374 [debug] [Thread-1 (]: Began executing node model.sec_edgar.raw_company_facts
[0m11:48:46.888968 [debug] [Thread-1 (]: Writing runtime sql for node "model.sec_edgar.raw_company_facts"
[0m11:48:46.889850 [debug] [Thread-2 (]: Began executing node model.sec_edgar.raw_submissions
[0m11:48:46.892345 [debug] [Thread-2 (]: Writing runtime sql for node "model.sec_edgar.raw_submissions"
[0m11:48:46.893029 [debug] [Thread-1 (]: Using duckdb connection "model.sec_edgar.raw_company_facts"
[0m11:48:46.893332 [debug] [Thread-1 (]: On model.sec_edgar.raw_company_facts: BEGIN
[0m11:48:46.893653 [debug] [Thread-2 (]: Using duckdb connection "model.sec_edgar.raw_submissions"
[0m11:48:46.893973 [debug] [Thread-1 (]: Opening a new connection, currently in state init
[0m11:48:46.894458 [debug] [Thread-2 (]: On model.sec_edgar.raw_submissions: BEGIN
[0m11:48:46.895061 [debug] [Thread-2 (]: Opening a new connection, currently in state init
[0m11:48:46.895560 [debug] [Thread-1 (]: SQL status: OK in 0.002 seconds
[0m11:48:46.895894 [debug] [Thread-1 (]: Using duckdb connection "model.sec_edgar.raw_company_facts"
[0m11:48:46.896215 [debug] [Thread-2 (]: SQL status: OK in 0.001 seconds
[0m11:48:46.896722 [debug] [Thread-1 (]: On model.sec_edgar.raw_company_facts: /* {"app": "dbt", "dbt_version": "1.11.8", "profile_name": "sec_edgar", "target_name": "dev", "node_id": "model.sec_edgar.raw_company_facts"} */

  
    
    

    create  table
      "edgar"."main_bronze"."raw_company_facts__dbt_tmp"
  
    as (
      -- Bronze: raw_company_facts
--
-- Reads all companyfacts JSON files from disk into DuckDB as-is.
-- No transformations — this is a faithful copy of what the SEC API returned.
--
-- Source files : data/raw/facts/{cik}.json  (one file per company, 5–20 MB each)
-- Configured in: dbt_project.yml  →  vars.raw_facts_path
--
-- The 'facts' column contains deeply nested XBRL data.
-- The Silver model (stg_financials) is responsible for unnesting it.
--
-- append-only: never update or delete rows from this table.



select
    -- CIK comes back as an integer from the API; cast to string for consistency.
    -- Zero-padding to 10 digits happens in the Silver layer.
    cast(cik as varchar)            as cik_raw,

    entityName                      as entity_name,

    -- Keep the full facts blob intact — Silver will unnest this.
    -- DuckDB stores it as a JSON column.
    facts                           as facts_blob,

    -- Record when this row was loaded so we can track freshness
    current_timestamp               as loaded_at

from read_json(
    'C:/Krish/Project/sec-edgar-pipeline/data/raw/facts/*.json',
    -- Specify columns explicitly so DuckDB reads 'facts' as an opaque JSON blob.
    -- Without this, DuckDB tries to infer a unified schema across all 54 files,
    -- which fails because each company has different GAAP concept keys inside 'facts'.
    columns = {
        'cik':        'BIGINT',
        'entityName': 'VARCHAR',
        'facts':      'JSON'
    },
    maximum_object_size = 33554432,
    -- When multiple files have different nested structures, merge by column name
    -- rather than by column position
    union_by_name = true
)
    );
  
  
[0m11:48:46.897152 [debug] [Thread-2 (]: Using duckdb connection "model.sec_edgar.raw_submissions"
[0m11:48:46.897769 [debug] [Thread-2 (]: On model.sec_edgar.raw_submissions: /* {"app": "dbt", "dbt_version": "1.11.8", "profile_name": "sec_edgar", "target_name": "dev", "node_id": "model.sec_edgar.raw_submissions"} */

  
    
    

    create  table
      "edgar"."main_bronze"."raw_submissions__dbt_tmp"
  
    as (
      -- Bronze: raw_submissions
--
-- Reads all submission metadata JSON files from disk into DuckDB as-is.
-- No transformations — faithful copy of the SEC submissions endpoint response.
--
-- Source files : data/raw/submissions/{cik}.json  (one file per company, ~50 KB each)
-- Configured in: dbt_project.yml  →  vars.raw_submissions_path
--
-- The 'filings' column contains nested filing history arrays.
-- The Silver model (stg_companies) extracts the top-level company metadata.
--
-- append-only: never update or delete rows from this table.



select
    cast(cik as varchar)            as cik_raw,
    name                            as company_name_raw,

    -- Industry classification code (4-digit integer)
    cast(sic as varchar)            as sic_raw,
    sicDescription                  as sic_description_raw,

    stateOfIncorporation            as state_of_incorporation_raw,

    -- Arrays of tickers and exchanges — a company can have multiple
    -- The Silver layer extracts the primary (first) ticker and exchange
    tickers                         as tickers_raw,
    exchanges                       as exchanges_raw,

    -- Full filing history — kept as blob for Silver to flatten
    filings                         as filings_blob,

    current_timestamp               as loaded_at

from read_json_auto(
    'C:/Krish/Project/sec-edgar-pipeline/data/raw/submissions/*.json',
    auto_detect = true
)
    );
  
  
[0m11:48:47.165113 [debug] [Thread-1 (]: SQL status: OK in 0.268 seconds
[0m11:48:47.177080 [debug] [Thread-1 (]: Using duckdb connection "model.sec_edgar.raw_company_facts"
[0m11:48:47.177536 [debug] [Thread-1 (]: On model.sec_edgar.raw_company_facts: /* {"app": "dbt", "dbt_version": "1.11.8", "profile_name": "sec_edgar", "target_name": "dev", "node_id": "model.sec_edgar.raw_company_facts"} */
alter table "edgar"."main_bronze"."raw_company_facts__dbt_tmp" rename to "raw_company_facts"
[0m11:48:47.178303 [debug] [Thread-1 (]: SQL status: OK in 0.000 seconds
[0m11:48:47.197894 [debug] [Thread-1 (]: On model.sec_edgar.raw_company_facts: COMMIT
[0m11:48:47.198546 [debug] [Thread-1 (]: Using duckdb connection "model.sec_edgar.raw_company_facts"
[0m11:48:47.198991 [debug] [Thread-1 (]: On model.sec_edgar.raw_company_facts: COMMIT
[0m11:48:47.295994 [debug] [Thread-2 (]: SQL status: OK in 0.398 seconds
[0m11:48:47.300433 [debug] [Thread-2 (]: Using duckdb connection "model.sec_edgar.raw_submissions"
[0m11:48:47.300845 [debug] [Thread-2 (]: On model.sec_edgar.raw_submissions: /* {"app": "dbt", "dbt_version": "1.11.8", "profile_name": "sec_edgar", "target_name": "dev", "node_id": "model.sec_edgar.raw_submissions"} */

    SELECT index_name
    FROM duckdb_indexes()
    WHERE schema_name = 'main_bronze'
      AND table_name = 'raw_submissions'
  
[0m11:48:47.301756 [debug] [Thread-2 (]: SQL status: OK in 0.001 seconds
[0m11:48:47.302854 [debug] [Thread-2 (]: Using duckdb connection "model.sec_edgar.raw_submissions"
[0m11:48:47.303202 [debug] [Thread-2 (]: On model.sec_edgar.raw_submissions: /* {"app": "dbt", "dbt_version": "1.11.8", "profile_name": "sec_edgar", "target_name": "dev", "node_id": "model.sec_edgar.raw_submissions"} */

    SELECT COUNT(*) as remaining_indexes
    FROM duckdb_indexes()
    WHERE schema_name = 'main_bronze'
      AND table_name = 'raw_submissions'
  
[0m11:48:47.307487 [debug] [Thread-2 (]: SQL status: OK in 0.004 seconds
[0m11:48:47.310518 [debug] [Thread-2 (]: Using duckdb connection "model.sec_edgar.raw_submissions"
[0m11:48:47.310889 [debug] [Thread-2 (]: On model.sec_edgar.raw_submissions: /* {"app": "dbt", "dbt_version": "1.11.8", "profile_name": "sec_edgar", "target_name": "dev", "node_id": "model.sec_edgar.raw_submissions"} */
alter table "edgar"."main_bronze"."raw_submissions" rename to "raw_submissions__dbt_backup"
[0m11:48:47.311501 [debug] [Thread-2 (]: SQL status: OK in 0.000 seconds
[0m11:48:47.313429 [debug] [Thread-2 (]: Using duckdb connection "model.sec_edgar.raw_submissions"
[0m11:48:47.313739 [debug] [Thread-2 (]: On model.sec_edgar.raw_submissions: /* {"app": "dbt", "dbt_version": "1.11.8", "profile_name": "sec_edgar", "target_name": "dev", "node_id": "model.sec_edgar.raw_submissions"} */
alter table "edgar"."main_bronze"."raw_submissions__dbt_tmp" rename to "raw_submissions"
[0m11:48:47.314321 [debug] [Thread-2 (]: SQL status: OK in 0.000 seconds
[0m11:48:47.317129 [debug] [Thread-2 (]: On model.sec_edgar.raw_submissions: COMMIT
[0m11:48:47.317451 [debug] [Thread-2 (]: Using duckdb connection "model.sec_edgar.raw_submissions"
[0m11:48:47.317712 [debug] [Thread-2 (]: On model.sec_edgar.raw_submissions: COMMIT
[0m11:48:47.493388 [debug] [Thread-1 (]: SQL status: OK in 0.294 seconds
[0m11:48:47.502085 [debug] [Thread-1 (]: Using duckdb connection "model.sec_edgar.raw_company_facts"
[0m11:48:47.502777 [debug] [Thread-1 (]: On model.sec_edgar.raw_company_facts: /* {"app": "dbt", "dbt_version": "1.11.8", "profile_name": "sec_edgar", "target_name": "dev", "node_id": "model.sec_edgar.raw_company_facts"} */

      drop table if exists "edgar"."main_bronze"."raw_company_facts__dbt_backup" cascade
    
[0m11:48:47.503932 [debug] [Thread-1 (]: SQL status: OK in 0.001 seconds
[0m11:48:47.507355 [debug] [Thread-1 (]: On model.sec_edgar.raw_company_facts: Close
[0m11:48:47.510366 [debug] [Thread-1 (]: Sending event: {'category': 'dbt', 'action': 'run_model', 'label': '110f9e19-9dea-4423-b989-86da57ecf57a', 'context': [<snowplow_tracker.self_describing_json.SelfDescribingJson object at 0x0000028C7B1134D0>]}
[0m11:48:47.511323 [info ] [Thread-1 (]: 1 of 2 OK created sql table model main_bronze.raw_company_facts ................ [[32mOK[0m in 0.65s]
[0m11:48:47.512358 [debug] [Thread-1 (]: Finished running node model.sec_edgar.raw_company_facts
[0m11:48:47.541997 [debug] [Thread-2 (]: SQL status: OK in 0.224 seconds
[0m11:48:47.544040 [debug] [Thread-2 (]: Using duckdb connection "model.sec_edgar.raw_submissions"
[0m11:48:47.544428 [debug] [Thread-2 (]: On model.sec_edgar.raw_submissions: /* {"app": "dbt", "dbt_version": "1.11.8", "profile_name": "sec_edgar", "target_name": "dev", "node_id": "model.sec_edgar.raw_submissions"} */

      drop table if exists "edgar"."main_bronze"."raw_submissions__dbt_backup" cascade
    
[0m11:48:47.950411 [debug] [Thread-2 (]: SQL status: OK in 0.406 seconds
[0m11:48:47.951658 [debug] [Thread-2 (]: On model.sec_edgar.raw_submissions: Close
[0m11:48:47.952256 [debug] [Thread-2 (]: Sending event: {'category': 'dbt', 'action': 'run_model', 'label': '110f9e19-9dea-4423-b989-86da57ecf57a', 'context': [<snowplow_tracker.self_describing_json.SelfDescribingJson object at 0x0000028C7B3EE8E0>]}
[0m11:48:47.952775 [info ] [Thread-2 (]: 2 of 2 OK created sql table model main_bronze.raw_submissions .................. [[32mOK[0m in 1.09s]
[0m11:48:47.953410 [debug] [Thread-2 (]: Finished running node model.sec_edgar.raw_submissions
[0m11:48:47.954708 [debug] [MainThread]: Using duckdb connection "master"
[0m11:48:47.954957 [debug] [MainThread]: On master: BEGIN
[0m11:48:47.955168 [debug] [MainThread]: Opening a new connection, currently in state closed
[0m11:48:47.955884 [debug] [MainThread]: SQL status: OK in 0.001 seconds
[0m11:48:47.956124 [debug] [MainThread]: On master: COMMIT
[0m11:48:47.956334 [debug] [MainThread]: Using duckdb connection "master"
[0m11:48:47.956509 [debug] [MainThread]: On master: COMMIT
[0m11:48:47.956829 [debug] [MainThread]: SQL status: OK in 0.000 seconds
[0m11:48:47.957084 [debug] [MainThread]: On master: Close
[0m11:48:47.957361 [debug] [MainThread]: Connection 'master' was properly closed.
[0m11:48:47.957553 [debug] [MainThread]: Connection 'create_edgar_main_bronze' was properly closed.
[0m11:48:47.957724 [debug] [MainThread]: Connection 'list_edgar_main_seeds' was properly closed.
[0m11:48:47.957883 [debug] [MainThread]: Connection 'list_edgar_main_gold' was properly closed.
[0m11:48:47.958051 [debug] [MainThread]: Connection 'list_edgar_main_silver' was properly closed.
[0m11:48:47.958228 [debug] [MainThread]: Connection 'list_edgar_main_bronze' was properly closed.
[0m11:48:47.958386 [debug] [MainThread]: Connection 'model.sec_edgar.raw_company_facts' was properly closed.
[0m11:48:47.958540 [debug] [MainThread]: Connection 'model.sec_edgar.raw_submissions' was properly closed.
[0m11:48:47.958751 [info ] [MainThread]: 
[0m11:48:47.959158 [info ] [MainThread]: Finished running 2 table models in 0 hours 0 minutes and 1.29 seconds (1.29s).
[0m11:48:47.959811 [debug] [MainThread]: Command end result
[0m11:48:47.982136 [debug] [MainThread]: Wrote artifact WritableManifest to C:\Krish\Project\sec-edgar-pipeline\dbt\target\manifest.json
[0m11:48:47.985255 [debug] [MainThread]: Wrote artifact SemanticManifest to C:\Krish\Project\sec-edgar-pipeline\dbt\target\semantic_manifest.json
[0m11:48:47.990171 [debug] [MainThread]: Wrote artifact RunExecutionResult to C:\Krish\Project\sec-edgar-pipeline\dbt\target\run_results.json
[0m11:48:47.990482 [info ] [MainThread]: 
[0m11:48:47.990996 [info ] [MainThread]: [32mCompleted successfully[0m
[0m11:48:47.991417 [info ] [MainThread]: 
[0m11:48:47.991755 [info ] [MainThread]: Done. PASS=2 WARN=0 ERROR=0 SKIP=0 NO-OP=0 TOTAL=2
[0m11:48:47.992356 [debug] [MainThread]: Command `dbt run` succeeded at 11:48:47.992261 after 2.42 seconds
[0m11:48:47.992643 [debug] [MainThread]: Sending event: {'category': 'dbt', 'action': 'invocation', 'label': 'end', 'context': [<snowplow_tracker.self_describing_json.SelfDescribingJson object at 0x0000028C7B8BFC50>, <snowplow_tracker.self_describing_json.SelfDescribingJson object at 0x0000028C7B6D2450>, <snowplow_tracker.self_describing_json.SelfDescribingJson object at 0x0000028C7889AB50>]}
[0m11:48:47.992950 [debug] [MainThread]: Flushing usage events
[0m11:48:48.401029 [debug] [MainThread]: An error was encountered while trying to flush usage events
[0m11:49:03.095619 [debug] [MainThread]: Sending event: {'category': 'dbt', 'action': 'invocation', 'label': 'start', 'context': [<snowplow_tracker.self_describing_json.SelfDescribingJson object at 0x000001E4CF3AB770>, <snowplow_tracker.self_describing_json.SelfDescribingJson object at 0x000001E4CC14B610>, <snowplow_tracker.self_describing_json.SelfDescribingJson object at 0x000001E4D165BC50>]}


============================== 11:49:03.099749 | 55b51fe8-2faa-415d-af6b-41b834666dd8 ==============================
[0m11:49:03.099749 [info ] [MainThread]: Running with dbt=1.11.8
[0m11:49:03.100522 [debug] [MainThread]: running dbt with arguments {'introspect': 'True', 'invocation_command': 'dbt run --select raw_company_facts', 'no_print': 'None', 'printer_width': '80', 'warn_error_options': 'WarnErrorOptionsV2(error=[], warn=[], silence=[])', 'indirect_selection': 'eager', 'send_anonymous_usage_stats': 'True', 'empty': 'False', 'log_path': 'C:\\Krish\\Project\\sec-edgar-pipeline\\dbt\\logs', 'warn_error': 'None', 'quiet': 'False', 'version_check': 'True', 'cache_selected_only': 'False', 'write_json': 'True', 'log_cache_events': 'False', 'partial_parse': 'True', 'use_colors': 'True', 'use_experimental_parser': 'False', 'static_parser': 'True', 'fail_fast': 'False', 'debug': 'False', 'profiles_dir': 'C:\\Krish\\Project\\sec-edgar-pipeline\\dbt', 'log_format': 'default', 'target_path': 'None'}
[0m11:49:03.314391 [debug] [MainThread]: Sending event: {'category': 'dbt', 'action': 'project_id', 'label': '55b51fe8-2faa-415d-af6b-41b834666dd8', 'context': [<snowplow_tracker.self_describing_json.SelfDescribingJson object at 0x000001E4CF944510>]}
[0m11:49:03.362547 [debug] [MainThread]: Sending event: {'category': 'dbt', 'action': 'adapter_info', 'label': '55b51fe8-2faa-415d-af6b-41b834666dd8', 'context': [<snowplow_tracker.self_describing_json.SelfDescribingJson object at 0x000001E4D17DCF30>]}
[0m11:49:03.364954 [info ] [MainThread]: Registered adapter: duckdb=1.10.1
[0m11:49:03.512088 [debug] [MainThread]: checksum: 7d524ac048c2100769df89d592e662e060a73ca564e31bd9c2a37efdfe8d8ab6, vars: {}, profile: , target: , version: 1.11.8
[0m11:49:03.639331 [debug] [MainThread]: Partial parsing enabled: 0 files deleted, 0 files added, 0 files changed.
[0m11:49:03.639642 [debug] [MainThread]: Nothing changed, skipping partial parsing.
[0m11:49:03.639844 [debug] [MainThread]: Partial parsing enabled, no changes found, skipping parsing
[0m11:49:03.677232 [debug] [MainThread]: Sending event: {'category': 'dbt', 'action': 'load_project', 'label': '55b51fe8-2faa-415d-af6b-41b834666dd8', 'context': [<snowplow_tracker.self_describing_json.SelfDescribingJson object at 0x000001E4D170D950>]}
[0m11:49:03.788088 [debug] [MainThread]: Wrote artifact WritableManifest to C:\Krish\Project\sec-edgar-pipeline\dbt\target\manifest.json
[0m11:49:03.790389 [debug] [MainThread]: Wrote artifact SemanticManifest to C:\Krish\Project\sec-edgar-pipeline\dbt\target\semantic_manifest.json
[0m11:49:03.800633 [debug] [MainThread]: Sending event: {'category': 'dbt', 'action': 'resource_counts', 'label': '55b51fe8-2faa-415d-af6b-41b834666dd8', 'context': [<snowplow_tracker.self_describing_json.SelfDescribingJson object at 0x000001E4D15C7980>]}
[0m11:49:03.801058 [info ] [MainThread]: Found 10 models, 11 data tests, 1 seed, 475 macros
[0m11:49:03.801528 [debug] [MainThread]: Sending event: {'category': 'dbt', 'action': 'runnable_timing', 'label': '55b51fe8-2faa-415d-af6b-41b834666dd8', 'context': [<snowplow_tracker.self_describing_json.SelfDescribingJson object at 0x000001E4D1DAEB30>]}
[0m11:49:03.802707 [info ] [MainThread]: 
[0m11:49:03.803089 [info ] [MainThread]: Concurrency: 4 threads (target='dev')
[0m11:49:03.803385 [info ] [MainThread]: 
[0m11:49:03.803797 [debug] [MainThread]: Acquiring new duckdb connection 'master'
[0m11:49:03.804621 [debug] [ThreadPool]: Acquiring new duckdb connection 'list_edgar'
[0m11:49:03.956532 [debug] [ThreadPool]: Using duckdb connection "list_edgar"
[0m11:49:03.956853 [debug] [ThreadPool]: On list_edgar: /* {"app": "dbt", "dbt_version": "1.11.8", "profile_name": "sec_edgar", "target_name": "dev", "connection_name": "list_edgar"} */

    
    select schema_name
    from system.information_schema.schemata
    
    where lower(catalog_name) = '"edgar"'
    
  
  
[0m11:49:03.957071 [debug] [ThreadPool]: Opening a new connection, currently in state init
[0m11:49:03.978138 [debug] [ThreadPool]: SQL status: OK in 0.021 seconds
[0m11:49:03.979118 [debug] [ThreadPool]: On list_edgar: Close
[0m11:49:03.979697 [debug] [ThreadPool]: Re-using an available connection from the pool (formerly list_edgar, now create_edgar_main_bronze)
[0m11:49:03.980036 [debug] [ThreadPool]: Creating schema "database: "edgar"
schema: "main_bronze"
"
[0m11:49:03.984547 [debug] [ThreadPool]: Using duckdb connection "create_edgar_main_bronze"
[0m11:49:03.984872 [debug] [ThreadPool]: On create_edgar_main_bronze: /* {"app": "dbt", "dbt_version": "1.11.8", "profile_name": "sec_edgar", "target_name": "dev", "connection_name": "create_edgar_main_bronze"} */

    
        select type from duckdb_databases()
        where lower(database_name)='edgar'
        and type='sqlite'
    
  
[0m11:49:03.985121 [debug] [ThreadPool]: Opening a new connection, currently in state closed
[0m11:49:03.985874 [debug] [ThreadPool]: SQL status: OK in 0.001 seconds
[0m11:49:03.986874 [debug] [ThreadPool]: Using duckdb connection "create_edgar_main_bronze"
[0m11:49:03.987137 [debug] [ThreadPool]: On create_edgar_main_bronze: BEGIN
[0m11:49:03.987531 [debug] [ThreadPool]: SQL status: OK in 0.000 seconds
[0m11:49:03.987783 [debug] [ThreadPool]: Using duckdb connection "create_edgar_main_bronze"
[0m11:49:03.988002 [debug] [ThreadPool]: On create_edgar_main_bronze: /* {"app": "dbt", "dbt_version": "1.11.8", "profile_name": "sec_edgar", "target_name": "dev", "connection_name": "create_edgar_main_bronze"} */

    
    
        create schema if not exists "edgar"."main_bronze"
    
[0m11:49:03.988404 [debug] [ThreadPool]: SQL status: OK in 0.000 seconds
[0m11:49:03.989013 [debug] [ThreadPool]: On create_edgar_main_bronze: COMMIT
[0m11:49:03.989267 [debug] [ThreadPool]: Using duckdb connection "create_edgar_main_bronze"
[0m11:49:03.989499 [debug] [ThreadPool]: On create_edgar_main_bronze: COMMIT
[0m11:49:03.989837 [debug] [ThreadPool]: SQL status: OK in 0.000 seconds
[0m11:49:03.990087 [debug] [ThreadPool]: On create_edgar_main_bronze: Close
[0m11:49:03.994223 [debug] [ThreadPool]: Acquiring new duckdb connection 'list_edgar_main_bronze'
[0m11:49:03.998159 [debug] [ThreadPool]: Using duckdb connection "list_edgar_main_bronze"
[0m11:49:03.998411 [debug] [ThreadPool]: On list_edgar_main_bronze: BEGIN
[0m11:49:03.998718 [debug] [ThreadPool]: Acquiring new duckdb connection 'list_edgar_main_gold'
[0m11:49:03.999002 [debug] [ThreadPool]: Opening a new connection, currently in state init
[0m11:49:03.999403 [debug] [ThreadPool]: Acquiring new duckdb connection 'list_edgar_main_silver'
[0m11:49:03.999830 [debug] [ThreadPool]: Acquiring new duckdb connection 'list_edgar_main_seeds'
[0m11:49:04.000933 [debug] [ThreadPool]: Using duckdb connection "list_edgar_main_gold"
[0m11:49:04.001466 [debug] [ThreadPool]: SQL status: OK in 0.002 seconds
[0m11:49:04.003393 [debug] [ThreadPool]: Using duckdb connection "list_edgar_main_silver"
[0m11:49:04.004512 [debug] [ThreadPool]: Using duckdb connection "list_edgar_main_seeds"
[0m11:49:04.004831 [debug] [ThreadPool]: On list_edgar_main_gold: BEGIN
[0m11:49:04.005068 [debug] [ThreadPool]: Using duckdb connection "list_edgar_main_bronze"
[0m11:49:04.005294 [debug] [ThreadPool]: On list_edgar_main_silver: BEGIN
[0m11:49:04.005703 [debug] [ThreadPool]: On list_edgar_main_seeds: BEGIN
[0m11:49:04.005974 [debug] [ThreadPool]: Opening a new connection, currently in state init
[0m11:49:04.006212 [debug] [ThreadPool]: On list_edgar_main_bronze: /* {"app": "dbt", "dbt_version": "1.11.8", "profile_name": "sec_edgar", "target_name": "dev", "connection_name": "list_edgar_main_bronze"} */
select
      'edgar' as database,
      table_name as name,
      table_schema as schema,
      CASE table_type
        WHEN 'BASE TABLE' THEN 'table'
        WHEN 'VIEW' THEN 'view'
        WHEN 'LOCAL TEMPORARY' THEN 'table'
        END as type
    from system.information_schema.tables
    where lower(table_schema) = 'main_bronze'
    and lower(table_catalog) = 'edgar'
  
[0m11:49:04.006436 [debug] [ThreadPool]: Opening a new connection, currently in state init
[0m11:49:04.006640 [debug] [ThreadPool]: Opening a new connection, currently in state init
[0m11:49:04.007263 [debug] [ThreadPool]: SQL status: OK in 0.001 seconds
[0m11:49:04.007613 [debug] [ThreadPool]: Using duckdb connection "list_edgar_main_gold"
[0m11:49:04.007862 [debug] [ThreadPool]: On list_edgar_main_gold: /* {"app": "dbt", "dbt_version": "1.11.8", "profile_name": "sec_edgar", "target_name": "dev", "connection_name": "list_edgar_main_gold"} */
select
      'edgar' as database,
      table_name as name,
      table_schema as schema,
      CASE table_type
        WHEN 'BASE TABLE' THEN 'table'
        WHEN 'VIEW' THEN 'view'
        WHEN 'LOCAL TEMPORARY' THEN 'table'
        END as type
    from system.information_schema.tables
    where lower(table_schema) = 'main_gold'
    and lower(table_catalog) = 'edgar'
  
[0m11:49:04.008287 [debug] [ThreadPool]: SQL status: OK in 0.002 seconds
[0m11:49:04.008592 [debug] [ThreadPool]: SQL status: OK in 0.002 seconds
[0m11:49:04.008928 [debug] [ThreadPool]: Using duckdb connection "list_edgar_main_seeds"
[0m11:49:04.009280 [debug] [ThreadPool]: Using duckdb connection "list_edgar_main_silver"
[0m11:49:04.009593 [debug] [ThreadPool]: On list_edgar_main_seeds: /* {"app": "dbt", "dbt_version": "1.11.8", "profile_name": "sec_edgar", "target_name": "dev", "connection_name": "list_edgar_main_seeds"} */
select
      'edgar' as database,
      table_name as name,
      table_schema as schema,
      CASE table_type
        WHEN 'BASE TABLE' THEN 'table'
        WHEN 'VIEW' THEN 'view'
        WHEN 'LOCAL TEMPORARY' THEN 'table'
        END as type
    from system.information_schema.tables
    where lower(table_schema) = 'main_seeds'
    and lower(table_catalog) = 'edgar'
  
[0m11:49:04.009849 [debug] [ThreadPool]: SQL status: OK in 0.003 seconds
[0m11:49:04.010106 [debug] [ThreadPool]: SQL status: OK in 0.002 seconds
[0m11:49:04.010328 [debug] [ThreadPool]: On list_edgar_main_silver: /* {"app": "dbt", "dbt_version": "1.11.8", "profile_name": "sec_edgar", "target_name": "dev", "connection_name": "list_edgar_main_silver"} */
select
      'edgar' as database,
      table_name as name,
      table_schema as schema,
      CASE table_type
        WHEN 'BASE TABLE' THEN 'table'
        WHEN 'VIEW' THEN 'view'
        WHEN 'LOCAL TEMPORARY' THEN 'table'
        END as type
    from system.information_schema.tables
    where lower(table_schema) = 'main_silver'
    and lower(table_catalog) = 'edgar'
  
[0m11:49:04.011327 [debug] [ThreadPool]: On list_edgar_main_bronze: ROLLBACK
[0m11:49:04.011634 [debug] [ThreadPool]: SQL status: OK in 0.001 seconds
[0m11:49:04.012420 [debug] [ThreadPool]: On list_edgar_main_gold: ROLLBACK
[0m11:49:04.013482 [debug] [ThreadPool]: On list_edgar_main_seeds: ROLLBACK
[0m11:49:04.014109 [debug] [ThreadPool]: SQL status: OK in 0.001 seconds
[0m11:49:04.014727 [debug] [ThreadPool]: Failed to rollback 'list_edgar_main_bronze'
[0m11:49:04.015649 [debug] [ThreadPool]: On list_edgar_main_silver: ROLLBACK
[0m11:49:04.015971 [debug] [ThreadPool]: On list_edgar_main_bronze: Close
[0m11:49:04.016563 [debug] [ThreadPool]: Failed to rollback 'list_edgar_main_gold'
[0m11:49:04.017039 [debug] [ThreadPool]: Failed to rollback 'list_edgar_main_seeds'
[0m11:49:04.017441 [debug] [ThreadPool]: Failed to rollback 'list_edgar_main_silver'
[0m11:49:04.018181 [debug] [ThreadPool]: On list_edgar_main_gold: Close
[0m11:49:04.018454 [debug] [ThreadPool]: On list_edgar_main_seeds: Close
[0m11:49:04.018711 [debug] [ThreadPool]: On list_edgar_main_silver: Close
[0m11:49:04.019683 [debug] [MainThread]: Sending event: {'category': 'dbt', 'action': 'runnable_timing', 'label': '55b51fe8-2faa-415d-af6b-41b834666dd8', 'context': [<snowplow_tracker.self_describing_json.SelfDescribingJson object at 0x000001E4D1E5A9C0>]}
[0m11:49:04.020028 [debug] [MainThread]: Using duckdb connection "master"
[0m11:49:04.020227 [debug] [MainThread]: On master: BEGIN
[0m11:49:04.020404 [debug] [MainThread]: Opening a new connection, currently in state init
[0m11:49:04.020792 [debug] [MainThread]: SQL status: OK in 0.000 seconds
[0m11:49:04.021034 [debug] [MainThread]: On master: COMMIT
[0m11:49:04.021232 [debug] [MainThread]: Using duckdb connection "master"
[0m11:49:04.021420 [debug] [MainThread]: On master: COMMIT
[0m11:49:04.021718 [debug] [MainThread]: SQL status: OK in 0.000 seconds
[0m11:49:04.021936 [debug] [MainThread]: On master: Close
[0m11:49:04.024400 [debug] [Thread-1 (]: Began running node model.sec_edgar.raw_company_facts
[0m11:49:04.024800 [info ] [Thread-1 (]: 1 of 1 START sql table model main_bronze.raw_company_facts ..................... [RUN]
[0m11:49:04.025390 [debug] [Thread-1 (]: Acquiring new duckdb connection 'model.sec_edgar.raw_company_facts'
[0m11:49:04.025679 [debug] [Thread-1 (]: Began compiling node model.sec_edgar.raw_company_facts
[0m11:49:04.030645 [debug] [Thread-1 (]: Writing injected SQL for node "model.sec_edgar.raw_company_facts"
[0m11:49:04.031317 [debug] [Thread-1 (]: Began executing node model.sec_edgar.raw_company_facts
[0m11:49:04.053041 [debug] [Thread-1 (]: Writing runtime sql for node "model.sec_edgar.raw_company_facts"
[0m11:49:04.054039 [debug] [Thread-1 (]: Using duckdb connection "model.sec_edgar.raw_company_facts"
[0m11:49:04.054448 [debug] [Thread-1 (]: On model.sec_edgar.raw_company_facts: BEGIN
[0m11:49:04.054730 [debug] [Thread-1 (]: Opening a new connection, currently in state init
[0m11:49:04.055386 [debug] [Thread-1 (]: SQL status: OK in 0.001 seconds
[0m11:49:04.055680 [debug] [Thread-1 (]: Using duckdb connection "model.sec_edgar.raw_company_facts"
[0m11:49:04.056027 [debug] [Thread-1 (]: On model.sec_edgar.raw_company_facts: /* {"app": "dbt", "dbt_version": "1.11.8", "profile_name": "sec_edgar", "target_name": "dev", "node_id": "model.sec_edgar.raw_company_facts"} */

  
    
    

    create  table
      "edgar"."main_bronze"."raw_company_facts__dbt_tmp"
  
    as (
      -- Bronze: raw_company_facts
--
-- Reads all companyfacts JSON files from disk into DuckDB as-is.
-- No transformations — this is a faithful copy of what the SEC API returned.
--
-- Source files : data/raw/facts/{cik}.json  (one file per company, 5–20 MB each)
-- Configured in: dbt_project.yml  →  vars.raw_facts_path
--
-- The 'facts' column contains deeply nested XBRL data.
-- The Silver model (stg_financials) is responsible for unnesting it.
--
-- append-only: never update or delete rows from this table.



select
    -- CIK comes back as an integer from the API; cast to string for consistency.
    -- Zero-padding to 10 digits happens in the Silver layer.
    cast(cik as varchar)            as cik_raw,

    entityName                      as entity_name,

    -- Keep the full facts blob intact — Silver will unnest this.
    -- DuckDB stores it as a JSON column.
    facts                           as facts_blob,

    -- Record when this row was loaded so we can track freshness
    current_timestamp               as loaded_at

from read_json(
    'C:/Krish/Project/sec-edgar-pipeline/data/raw/facts/*.json',
    -- Specify columns explicitly so DuckDB reads 'facts' as an opaque JSON blob.
    -- Without this, DuckDB tries to infer a unified schema across all 54 files,
    -- which fails because each company has different GAAP concept keys inside 'facts'.
    columns = {
        'cik':        'BIGINT',
        'entityName': 'VARCHAR',
        'facts':      'JSON'
    },
    maximum_object_size = 33554432,
    -- When multiple files have different nested structures, merge by column name
    -- rather than by column position
    union_by_name = true
)
    );
  
  
[0m11:49:04.267774 [debug] [Thread-1 (]: SQL status: OK in 0.211 seconds
[0m11:49:04.271846 [debug] [Thread-1 (]: Using duckdb connection "model.sec_edgar.raw_company_facts"
[0m11:49:04.272215 [debug] [Thread-1 (]: On model.sec_edgar.raw_company_facts: /* {"app": "dbt", "dbt_version": "1.11.8", "profile_name": "sec_edgar", "target_name": "dev", "node_id": "model.sec_edgar.raw_company_facts"} */

    SELECT index_name
    FROM duckdb_indexes()
    WHERE schema_name = 'main_bronze'
      AND table_name = 'raw_company_facts'
  
[0m11:49:04.272992 [debug] [Thread-1 (]: SQL status: OK in 0.000 seconds
[0m11:49:04.273895 [debug] [Thread-1 (]: Using duckdb connection "model.sec_edgar.raw_company_facts"
[0m11:49:04.274183 [debug] [Thread-1 (]: On model.sec_edgar.raw_company_facts: /* {"app": "dbt", "dbt_version": "1.11.8", "profile_name": "sec_edgar", "target_name": "dev", "node_id": "model.sec_edgar.raw_company_facts"} */

    SELECT COUNT(*) as remaining_indexes
    FROM duckdb_indexes()
    WHERE schema_name = 'main_bronze'
      AND table_name = 'raw_company_facts'
  
[0m11:49:04.274840 [debug] [Thread-1 (]: SQL status: OK in 0.000 seconds
[0m11:49:04.279404 [debug] [Thread-1 (]: Using duckdb connection "model.sec_edgar.raw_company_facts"
[0m11:49:04.279714 [debug] [Thread-1 (]: On model.sec_edgar.raw_company_facts: /* {"app": "dbt", "dbt_version": "1.11.8", "profile_name": "sec_edgar", "target_name": "dev", "node_id": "model.sec_edgar.raw_company_facts"} */
alter table "edgar"."main_bronze"."raw_company_facts" rename to "raw_company_facts__dbt_backup"
[0m11:49:04.280403 [debug] [Thread-1 (]: SQL status: OK in 0.000 seconds
[0m11:49:04.282457 [debug] [Thread-1 (]: Using duckdb connection "model.sec_edgar.raw_company_facts"
[0m11:49:04.282746 [debug] [Thread-1 (]: On model.sec_edgar.raw_company_facts: /* {"app": "dbt", "dbt_version": "1.11.8", "profile_name": "sec_edgar", "target_name": "dev", "node_id": "model.sec_edgar.raw_company_facts"} */
alter table "edgar"."main_bronze"."raw_company_facts__dbt_tmp" rename to "raw_company_facts"
[0m11:49:04.283278 [debug] [Thread-1 (]: SQL status: OK in 0.000 seconds
[0m11:49:04.295057 [debug] [Thread-1 (]: On model.sec_edgar.raw_company_facts: COMMIT
[0m11:49:04.295467 [debug] [Thread-1 (]: Using duckdb connection "model.sec_edgar.raw_company_facts"
[0m11:49:04.295735 [debug] [Thread-1 (]: On model.sec_edgar.raw_company_facts: COMMIT
[0m11:49:04.570817 [debug] [Thread-1 (]: SQL status: OK in 0.275 seconds
[0m11:49:04.575551 [debug] [Thread-1 (]: Using duckdb connection "model.sec_edgar.raw_company_facts"
[0m11:49:04.575948 [debug] [Thread-1 (]: On model.sec_edgar.raw_company_facts: /* {"app": "dbt", "dbt_version": "1.11.8", "profile_name": "sec_edgar", "target_name": "dev", "node_id": "model.sec_edgar.raw_company_facts"} */

      drop table if exists "edgar"."main_bronze"."raw_company_facts__dbt_backup" cascade
    
[0m11:49:04.835401 [debug] [Thread-1 (]: SQL status: OK in 0.259 seconds
[0m11:49:04.837494 [debug] [Thread-1 (]: On model.sec_edgar.raw_company_facts: Close
[0m11:49:04.839123 [debug] [Thread-1 (]: Sending event: {'category': 'dbt', 'action': 'run_model', 'label': '55b51fe8-2faa-415d-af6b-41b834666dd8', 'context': [<snowplow_tracker.self_describing_json.SelfDescribingJson object at 0x000001E4D1E26990>]}
[0m11:49:04.839655 [info ] [Thread-1 (]: 1 of 1 OK created sql table model main_bronze.raw_company_facts ................ [[32mOK[0m in 0.81s]
[0m11:49:04.840211 [debug] [Thread-1 (]: Finished running node model.sec_edgar.raw_company_facts
[0m11:49:04.841322 [debug] [MainThread]: Using duckdb connection "master"
[0m11:49:04.841588 [debug] [MainThread]: On master: BEGIN
[0m11:49:04.841801 [debug] [MainThread]: Opening a new connection, currently in state closed
[0m11:49:04.842262 [debug] [MainThread]: SQL status: OK in 0.000 seconds
[0m11:49:04.842505 [debug] [MainThread]: On master: COMMIT
[0m11:49:04.842717 [debug] [MainThread]: Using duckdb connection "master"
[0m11:49:04.843031 [debug] [MainThread]: On master: COMMIT
[0m11:49:04.843432 [debug] [MainThread]: SQL status: OK in 0.000 seconds
[0m11:49:04.843686 [debug] [MainThread]: On master: Close
[0m11:49:04.843988 [debug] [MainThread]: Connection 'master' was properly closed.
[0m11:49:04.844205 [debug] [MainThread]: Connection 'create_edgar_main_bronze' was properly closed.
[0m11:49:04.844386 [debug] [MainThread]: Connection 'list_edgar_main_bronze' was properly closed.
[0m11:49:04.844589 [debug] [MainThread]: Connection 'list_edgar_main_gold' was properly closed.
[0m11:49:04.844769 [debug] [MainThread]: Connection 'list_edgar_main_silver' was properly closed.
[0m11:49:04.844937 [debug] [MainThread]: Connection 'list_edgar_main_seeds' was properly closed.
[0m11:49:04.845116 [debug] [MainThread]: Connection 'model.sec_edgar.raw_company_facts' was properly closed.
[0m11:49:04.845333 [info ] [MainThread]: 
[0m11:49:04.845790 [info ] [MainThread]: Finished running 1 table model in 0 hours 0 minutes and 1.04 seconds (1.04s).
[0m11:49:04.846474 [debug] [MainThread]: Command end result
[0m11:49:04.874690 [debug] [MainThread]: Wrote artifact WritableManifest to C:\Krish\Project\sec-edgar-pipeline\dbt\target\manifest.json
[0m11:49:04.877819 [debug] [MainThread]: Wrote artifact SemanticManifest to C:\Krish\Project\sec-edgar-pipeline\dbt\target\semantic_manifest.json
[0m11:49:04.882742 [debug] [MainThread]: Wrote artifact RunExecutionResult to C:\Krish\Project\sec-edgar-pipeline\dbt\target\run_results.json
[0m11:49:04.883032 [info ] [MainThread]: 
[0m11:49:04.883463 [info ] [MainThread]: [32mCompleted successfully[0m
[0m11:49:04.883773 [info ] [MainThread]: 
[0m11:49:04.884073 [info ] [MainThread]: Done. PASS=1 WARN=0 ERROR=0 SKIP=0 NO-OP=0 TOTAL=1
[0m11:49:04.884692 [debug] [MainThread]: Command `dbt run` succeeded at 11:49:04.884595 after 1.92 seconds
[0m11:49:04.884965 [debug] [MainThread]: Sending event: {'category': 'dbt', 'action': 'invocation', 'label': 'end', 'context': [<snowplow_tracker.self_describing_json.SelfDescribingJson object at 0x000001E4D1DC9B20>, <snowplow_tracker.self_describing_json.SelfDescribingJson object at 0x000001E4D2145590>, <snowplow_tracker.self_describing_json.SelfDescribingJson object at 0x000001E4D2145630>]}
[0m11:49:04.885227 [debug] [MainThread]: Flushing usage events
[0m11:49:05.318105 [debug] [MainThread]: An error was encountered while trying to flush usage events
[0m11:49:43.205236 [debug] [MainThread]: Sending event: {'category': 'dbt', 'action': 'invocation', 'label': 'start', 'context': [<snowplow_tracker.self_describing_json.SelfDescribingJson object at 0x000001E81E5FB770>, <snowplow_tracker.self_describing_json.SelfDescribingJson object at 0x000001E81B36B610>, <snowplow_tracker.self_describing_json.SelfDescribingJson object at 0x000001E8208ABC50>]}


============================== 11:49:43.209034 | d273078f-1f9a-4de6-9002-ddf0f38943ce ==============================
[0m11:49:43.209034 [info ] [MainThread]: Running with dbt=1.11.8
[0m11:49:43.209670 [debug] [MainThread]: running dbt with arguments {'log_format': 'default', 'invocation_command': 'dbt test --select bronze', 'no_print': 'None', 'printer_width': '80', 'warn_error_options': 'WarnErrorOptionsV2(error=[], warn=[], silence=[])', 'indirect_selection': 'eager', 'send_anonymous_usage_stats': 'True', 'empty': 'None', 'log_path': 'C:\\Krish\\Project\\sec-edgar-pipeline\\dbt\\logs', 'warn_error': 'None', 'version_check': 'True', 'quiet': 'False', 'log_cache_events': 'False', 'write_json': 'True', 'cache_selected_only': 'False', 'partial_parse': 'True', 'use_colors': 'True', 'fail_fast': 'False', 'static_parser': 'True', 'debug': 'False', 'use_experimental_parser': 'False', 'profiles_dir': 'C:\\Krish\\Project\\sec-edgar-pipeline\\dbt', 'introspect': 'True', 'target_path': 'None'}
[0m11:49:43.419119 [debug] [MainThread]: Sending event: {'category': 'dbt', 'action': 'project_id', 'label': 'd273078f-1f9a-4de6-9002-ddf0f38943ce', 'context': [<snowplow_tracker.self_describing_json.SelfDescribingJson object at 0x000001E81EB94510>]}
[0m11:49:43.466594 [debug] [MainThread]: Sending event: {'category': 'dbt', 'action': 'adapter_info', 'label': 'd273078f-1f9a-4de6-9002-ddf0f38943ce', 'context': [<snowplow_tracker.self_describing_json.SelfDescribingJson object at 0x000001E820AFCF30>]}
[0m11:49:43.468540 [info ] [MainThread]: Registered adapter: duckdb=1.10.1
[0m11:49:43.624493 [debug] [MainThread]: checksum: 7d524ac048c2100769df89d592e662e060a73ca564e31bd9c2a37efdfe8d8ab6, vars: {}, profile: , target: , version: 1.11.8
[0m11:49:43.746331 [debug] [MainThread]: Partial parsing enabled: 0 files deleted, 0 files added, 0 files changed.
[0m11:49:43.746657 [debug] [MainThread]: Nothing changed, skipping partial parsing.
[0m11:49:43.746879 [debug] [MainThread]: Partial parsing enabled, no changes found, skipping parsing
[0m11:49:43.786759 [debug] [MainThread]: Sending event: {'category': 'dbt', 'action': 'load_project', 'label': 'd273078f-1f9a-4de6-9002-ddf0f38943ce', 'context': [<snowplow_tracker.self_describing_json.SelfDescribingJson object at 0x000001E82095D950>]}
[0m11:49:43.896852 [debug] [MainThread]: Wrote artifact WritableManifest to C:\Krish\Project\sec-edgar-pipeline\dbt\target\manifest.json
[0m11:49:43.898977 [debug] [MainThread]: Wrote artifact SemanticManifest to C:\Krish\Project\sec-edgar-pipeline\dbt\target\semantic_manifest.json
[0m11:49:43.918267 [debug] [MainThread]: Sending event: {'category': 'dbt', 'action': 'resource_counts', 'label': 'd273078f-1f9a-4de6-9002-ddf0f38943ce', 'context': [<snowplow_tracker.self_describing_json.SelfDescribingJson object at 0x000001E821077020>]}
[0m11:49:43.918646 [info ] [MainThread]: Found 10 models, 11 data tests, 1 seed, 475 macros
[0m11:49:43.919074 [debug] [MainThread]: Sending event: {'category': 'dbt', 'action': 'runnable_timing', 'label': 'd273078f-1f9a-4de6-9002-ddf0f38943ce', 'context': [<snowplow_tracker.self_describing_json.SelfDescribingJson object at 0x000001E820B2C2F0>]}
[0m11:49:43.920311 [info ] [MainThread]: 
[0m11:49:43.920832 [info ] [MainThread]: Concurrency: 4 threads (target='dev')
[0m11:49:43.921117 [info ] [MainThread]: 
[0m11:49:43.921489 [debug] [MainThread]: Acquiring new duckdb connection 'master'
[0m11:49:43.925610 [debug] [ThreadPool]: Acquiring new duckdb connection 'list_edgar_main_gold'
[0m11:49:43.931220 [debug] [ThreadPool]: Acquiring new duckdb connection 'list_edgar_main_silver'
[0m11:49:43.936971 [debug] [ThreadPool]: Acquiring new duckdb connection 'list_edgar_main_seeds'
[0m11:49:43.938908 [debug] [ThreadPool]: Acquiring new duckdb connection 'list_edgar_main_bronze'
[0m11:49:44.047353 [debug] [ThreadPool]: Using duckdb connection "list_edgar_main_gold"
[0m11:49:44.047743 [debug] [ThreadPool]: Using duckdb connection "list_edgar_main_seeds"
[0m11:49:44.048107 [debug] [ThreadPool]: On list_edgar_main_gold: BEGIN
[0m11:49:44.048387 [debug] [ThreadPool]: Using duckdb connection "list_edgar_main_silver"
[0m11:49:44.048679 [debug] [ThreadPool]: Using duckdb connection "list_edgar_main_bronze"
[0m11:49:44.048912 [debug] [ThreadPool]: On list_edgar_main_seeds: BEGIN
[0m11:49:44.049148 [debug] [ThreadPool]: Opening a new connection, currently in state init
[0m11:49:44.049367 [debug] [ThreadPool]: On list_edgar_main_silver: BEGIN
[0m11:49:44.049622 [debug] [ThreadPool]: On list_edgar_main_bronze: BEGIN
[0m11:49:44.049845 [debug] [ThreadPool]: Opening a new connection, currently in state init
[0m11:49:44.050140 [debug] [ThreadPool]: Opening a new connection, currently in state init
[0m11:49:44.050417 [debug] [ThreadPool]: Opening a new connection, currently in state init
[0m11:49:44.068346 [debug] [ThreadPool]: SQL status: OK in 0.019 seconds
[0m11:49:44.068746 [debug] [ThreadPool]: Using duckdb connection "list_edgar_main_gold"
[0m11:49:44.069024 [debug] [ThreadPool]: SQL status: OK in 0.019 seconds
[0m11:49:44.069294 [debug] [ThreadPool]: SQL status: OK in 0.019 seconds
[0m11:49:44.069553 [debug] [ThreadPool]: On list_edgar_main_gold: /* {"app": "dbt", "dbt_version": "1.11.8", "profile_name": "sec_edgar", "target_name": "dev", "connection_name": "list_edgar_main_gold"} */
select
      'edgar' as database,
      table_name as name,
      table_schema as schema,
      CASE table_type
        WHEN 'BASE TABLE' THEN 'table'
        WHEN 'VIEW' THEN 'view'
        WHEN 'LOCAL TEMPORARY' THEN 'table'
        END as type
    from system.information_schema.tables
    where lower(table_schema) = 'main_gold'
    and lower(table_catalog) = 'edgar'
  
[0m11:49:44.069778 [debug] [ThreadPool]: SQL status: OK in 0.020 seconds
[0m11:49:44.070042 [debug] [ThreadPool]: Using duckdb connection "list_edgar_main_bronze"
[0m11:49:44.070266 [debug] [ThreadPool]: Using duckdb connection "list_edgar_main_silver"
[0m11:49:44.070646 [debug] [ThreadPool]: Using duckdb connection "list_edgar_main_seeds"
[0m11:49:44.070909 [debug] [ThreadPool]: On list_edgar_main_bronze: /* {"app": "dbt", "dbt_version": "1.11.8", "profile_name": "sec_edgar", "target_name": "dev", "connection_name": "list_edgar_main_bronze"} */
select
      'edgar' as database,
      table_name as name,
      table_schema as schema,
      CASE table_type
        WHEN 'BASE TABLE' THEN 'table'
        WHEN 'VIEW' THEN 'view'
        WHEN 'LOCAL TEMPORARY' THEN 'table'
        END as type
    from system.information_schema.tables
    where lower(table_schema) = 'main_bronze'
    and lower(table_catalog) = 'edgar'
  
[0m11:49:44.071182 [debug] [ThreadPool]: On list_edgar_main_silver: /* {"app": "dbt", "dbt_version": "1.11.8", "profile_name": "sec_edgar", "target_name": "dev", "connection_name": "list_edgar_main_silver"} */
select
      'edgar' as database,
      table_name as name,
      table_schema as schema,
      CASE table_type
        WHEN 'BASE TABLE' THEN 'table'
        WHEN 'VIEW' THEN 'view'
        WHEN 'LOCAL TEMPORARY' THEN 'table'
        END as type
    from system.information_schema.tables
    where lower(table_schema) = 'main_silver'
    and lower(table_catalog) = 'edgar'
  
[0m11:49:44.071440 [debug] [ThreadPool]: On list_edgar_main_seeds: /* {"app": "dbt", "dbt_version": "1.11.8", "profile_name": "sec_edgar", "target_name": "dev", "connection_name": "list_edgar_main_seeds"} */
select
      'edgar' as database,
      table_name as name,
      table_schema as schema,
      CASE table_type
        WHEN 'BASE TABLE' THEN 'table'
        WHEN 'VIEW' THEN 'view'
        WHEN 'LOCAL TEMPORARY' THEN 'table'
        END as type
    from system.information_schema.tables
    where lower(table_schema) = 'main_seeds'
    and lower(table_catalog) = 'edgar'
  
[0m11:49:44.073246 [debug] [ThreadPool]: SQL status: OK in 0.003 seconds
[0m11:49:44.073571 [debug] [ThreadPool]: SQL status: OK in 0.001 seconds
[0m11:49:44.074427 [debug] [ThreadPool]: On list_edgar_main_gold: ROLLBACK
[0m11:49:44.075264 [debug] [ThreadPool]: On list_edgar_main_seeds: ROLLBACK
[0m11:49:44.075566 [debug] [ThreadPool]: SQL status: OK in 0.004 seconds
[0m11:49:44.075833 [debug] [ThreadPool]: SQL status: OK in 0.004 seconds
[0m11:49:44.076719 [debug] [ThreadPool]: On list_edgar_main_silver: ROLLBACK
[0m11:49:44.077463 [debug] [ThreadPool]: Failed to rollback 'list_edgar_main_gold'
[0m11:49:44.078449 [debug] [ThreadPool]: On list_edgar_main_bronze: ROLLBACK
[0m11:49:44.078947 [debug] [ThreadPool]: Failed to rollback 'list_edgar_main_silver'
[0m11:49:44.079334 [debug] [ThreadPool]: On list_edgar_main_gold: Close
[0m11:49:44.079669 [debug] [ThreadPool]: Failed to rollback 'list_edgar_main_seeds'
[0m11:49:44.080101 [debug] [ThreadPool]: Failed to rollback 'list_edgar_main_bronze'
[0m11:49:44.080348 [debug] [ThreadPool]: On list_edgar_main_silver: Close
[0m11:49:44.080639 [debug] [ThreadPool]: On list_edgar_main_seeds: Close
[0m11:49:44.081018 [debug] [ThreadPool]: On list_edgar_main_bronze: Close
[0m11:49:44.082313 [debug] [MainThread]: Sending event: {'category': 'dbt', 'action': 'runnable_timing', 'label': 'd273078f-1f9a-4de6-9002-ddf0f38943ce', 'context': [<snowplow_tracker.self_describing_json.SelfDescribingJson object at 0x000001E8210C0460>]}
[0m11:49:44.082639 [debug] [MainThread]: Using duckdb connection "master"
[0m11:49:44.082843 [debug] [MainThread]: On master: BEGIN
[0m11:49:44.083019 [debug] [MainThread]: Opening a new connection, currently in state init
[0m11:49:44.083373 [debug] [MainThread]: SQL status: OK in 0.000 seconds
[0m11:49:44.083594 [debug] [MainThread]: On master: COMMIT
[0m11:49:44.083784 [debug] [MainThread]: Using duckdb connection "master"
[0m11:49:44.083962 [debug] [MainThread]: On master: COMMIT
[0m11:49:44.084274 [debug] [MainThread]: SQL status: OK in 0.000 seconds
[0m11:49:44.084491 [debug] [MainThread]: On master: Close
[0m11:49:44.087018 [debug] [Thread-1 (]: Began running node test.sec_edgar.not_null_raw_company_facts_cik_raw.2e1e8bca32
[0m11:49:44.087344 [debug] [Thread-2 (]: Began running node test.sec_edgar.not_null_raw_company_facts_entity_name.bbf65e8df4
[0m11:49:44.087626 [debug] [Thread-4 (]: Began running node test.sec_edgar.not_null_raw_company_facts_loaded_at.0a1383d5c9
[0m11:49:44.087902 [debug] [Thread-3 (]: Began running node test.sec_edgar.not_null_raw_company_facts_facts_blob.c828cded0a
[0m11:49:44.088209 [info ] [Thread-1 (]: 1 of 9 START test not_null_raw_company_facts_cik_raw ........................... [RUN]
[0m11:49:44.088481 [info ] [Thread-2 (]: 2 of 9 START test not_null_raw_company_facts_entity_name ....................... [RUN]
[0m11:49:44.089654 [debug] [Thread-1 (]: Acquiring new duckdb connection 'test.sec_edgar.not_null_raw_company_facts_cik_raw.2e1e8bca32'
[0m11:49:44.090089 [debug] [Thread-2 (]: Acquiring new duckdb connection 'test.sec_edgar.not_null_raw_company_facts_entity_name.bbf65e8df4'
[0m11:49:44.088882 [info ] [Thread-4 (]: 4 of 9 START test not_null_raw_company_facts_loaded_at ......................... [RUN]
[0m11:49:44.090439 [debug] [Thread-1 (]: Began compiling node test.sec_edgar.not_null_raw_company_facts_cik_raw.2e1e8bca32
[0m11:49:44.089147 [info ] [Thread-3 (]: 3 of 9 START test not_null_raw_company_facts_facts_blob ........................ [RUN]
[0m11:49:44.090790 [debug] [Thread-2 (]: Began compiling node test.sec_edgar.not_null_raw_company_facts_entity_name.bbf65e8df4
[0m11:49:44.091235 [debug] [Thread-4 (]: Acquiring new duckdb connection 'test.sec_edgar.not_null_raw_company_facts_loaded_at.0a1383d5c9'
[0m11:49:44.103080 [debug] [Thread-1 (]: Writing injected SQL for node "test.sec_edgar.not_null_raw_company_facts_cik_raw.2e1e8bca32"
[0m11:49:44.103628 [debug] [Thread-3 (]: Acquiring new duckdb connection 'test.sec_edgar.not_null_raw_company_facts_facts_blob.c828cded0a'
[0m11:49:44.106853 [debug] [Thread-2 (]: Writing injected SQL for node "test.sec_edgar.not_null_raw_company_facts_entity_name.bbf65e8df4"
[0m11:49:44.107258 [debug] [Thread-4 (]: Began compiling node test.sec_edgar.not_null_raw_company_facts_loaded_at.0a1383d5c9
[0m11:49:44.107693 [debug] [Thread-3 (]: Began compiling node test.sec_edgar.not_null_raw_company_facts_facts_blob.c828cded0a
[0m11:49:44.110317 [debug] [Thread-4 (]: Writing injected SQL for node "test.sec_edgar.not_null_raw_company_facts_loaded_at.0a1383d5c9"
[0m11:49:44.115158 [debug] [Thread-3 (]: Writing injected SQL for node "test.sec_edgar.not_null_raw_company_facts_facts_blob.c828cded0a"
[0m11:49:44.116132 [debug] [Thread-1 (]: Began executing node test.sec_edgar.not_null_raw_company_facts_cik_raw.2e1e8bca32
[0m11:49:44.129662 [debug] [Thread-1 (]: Writing runtime sql for node "test.sec_edgar.not_null_raw_company_facts_cik_raw.2e1e8bca32"
[0m11:49:44.130374 [debug] [Thread-2 (]: Began executing node test.sec_edgar.not_null_raw_company_facts_entity_name.bbf65e8df4
[0m11:49:44.130724 [debug] [Thread-3 (]: Began executing node test.sec_edgar.not_null_raw_company_facts_facts_blob.c828cded0a
[0m11:49:44.131040 [debug] [Thread-4 (]: Began executing node test.sec_edgar.not_null_raw_company_facts_loaded_at.0a1383d5c9
[0m11:49:44.133076 [debug] [Thread-2 (]: Writing runtime sql for node "test.sec_edgar.not_null_raw_company_facts_entity_name.bbf65e8df4"
[0m11:49:44.134600 [debug] [Thread-3 (]: Writing runtime sql for node "test.sec_edgar.not_null_raw_company_facts_facts_blob.c828cded0a"
[0m11:49:44.136119 [debug] [Thread-4 (]: Writing runtime sql for node "test.sec_edgar.not_null_raw_company_facts_loaded_at.0a1383d5c9"
[0m11:49:44.136538 [debug] [Thread-1 (]: Using duckdb connection "test.sec_edgar.not_null_raw_company_facts_cik_raw.2e1e8bca32"
[0m11:49:44.137607 [debug] [Thread-1 (]: On test.sec_edgar.not_null_raw_company_facts_cik_raw.2e1e8bca32: BEGIN
[0m11:49:44.138249 [debug] [Thread-2 (]: Using duckdb connection "test.sec_edgar.not_null_raw_company_facts_entity_name.bbf65e8df4"
[0m11:49:44.138596 [debug] [Thread-3 (]: Using duckdb connection "test.sec_edgar.not_null_raw_company_facts_facts_blob.c828cded0a"
[0m11:49:44.138912 [debug] [Thread-1 (]: Opening a new connection, currently in state init
[0m11:49:44.139234 [debug] [Thread-4 (]: Using duckdb connection "test.sec_edgar.not_null_raw_company_facts_loaded_at.0a1383d5c9"
[0m11:49:44.139544 [debug] [Thread-2 (]: On test.sec_edgar.not_null_raw_company_facts_entity_name.bbf65e8df4: BEGIN
[0m11:49:44.139867 [debug] [Thread-3 (]: On test.sec_edgar.not_null_raw_company_facts_facts_blob.c828cded0a: BEGIN
[0m11:49:44.140514 [debug] [Thread-4 (]: On test.sec_edgar.not_null_raw_company_facts_loaded_at.0a1383d5c9: BEGIN
[0m11:49:44.140817 [debug] [Thread-2 (]: Opening a new connection, currently in state init
[0m11:49:44.141107 [debug] [Thread-1 (]: SQL status: OK in 0.002 seconds
[0m11:49:44.141398 [debug] [Thread-3 (]: Opening a new connection, currently in state init
[0m11:49:44.141683 [debug] [Thread-4 (]: Opening a new connection, currently in state init
[0m11:49:44.142360 [debug] [Thread-1 (]: Using duckdb connection "test.sec_edgar.not_null_raw_company_facts_cik_raw.2e1e8bca32"
[0m11:49:44.142882 [debug] [Thread-2 (]: SQL status: OK in 0.002 seconds
[0m11:49:44.143321 [debug] [Thread-1 (]: On test.sec_edgar.not_null_raw_company_facts_cik_raw.2e1e8bca32: /* {"app": "dbt", "dbt_version": "1.11.8", "profile_name": "sec_edgar", "target_name": "dev", "node_id": "test.sec_edgar.not_null_raw_company_facts_cik_raw.2e1e8bca32"} */

    
    select
      count(*) as failures,
      count(*) != 0 as should_warn,
      count(*) != 0 as should_error
    from (
      
    
  
    
    



select cik_raw
from "edgar"."main_bronze"."raw_company_facts"
where cik_raw is null



  
  
      
    ) dbt_internal_test
[0m11:49:44.143675 [debug] [Thread-3 (]: SQL status: OK in 0.002 seconds
[0m11:49:44.144089 [debug] [Thread-2 (]: Using duckdb connection "test.sec_edgar.not_null_raw_company_facts_entity_name.bbf65e8df4"
[0m11:49:44.144411 [debug] [Thread-4 (]: SQL status: OK in 0.003 seconds
[0m11:49:44.144909 [debug] [Thread-3 (]: Using duckdb connection "test.sec_edgar.not_null_raw_company_facts_facts_blob.c828cded0a"
[0m11:49:44.145241 [debug] [Thread-2 (]: On test.sec_edgar.not_null_raw_company_facts_entity_name.bbf65e8df4: /* {"app": "dbt", "dbt_version": "1.11.8", "profile_name": "sec_edgar", "target_name": "dev", "node_id": "test.sec_edgar.not_null_raw_company_facts_entity_name.bbf65e8df4"} */

    
    select
      count(*) as failures,
      count(*) != 0 as should_warn,
      count(*) != 0 as should_error
    from (
      
    
  
    
    



select entity_name
from "edgar"."main_bronze"."raw_company_facts"
where entity_name is null



  
  
      
    ) dbt_internal_test
[0m11:49:44.145583 [debug] [Thread-4 (]: Using duckdb connection "test.sec_edgar.not_null_raw_company_facts_loaded_at.0a1383d5c9"
[0m11:49:44.145917 [debug] [Thread-3 (]: On test.sec_edgar.not_null_raw_company_facts_facts_blob.c828cded0a: /* {"app": "dbt", "dbt_version": "1.11.8", "profile_name": "sec_edgar", "target_name": "dev", "node_id": "test.sec_edgar.not_null_raw_company_facts_facts_blob.c828cded0a"} */

    
    select
      count(*) as failures,
      count(*) != 0 as should_warn,
      count(*) != 0 as should_error
    from (
      
    
  
    
    



select facts_blob
from "edgar"."main_bronze"."raw_company_facts"
where facts_blob is null



  
  
      
    ) dbt_internal_test
[0m11:49:44.146410 [debug] [Thread-4 (]: On test.sec_edgar.not_null_raw_company_facts_loaded_at.0a1383d5c9: /* {"app": "dbt", "dbt_version": "1.11.8", "profile_name": "sec_edgar", "target_name": "dev", "node_id": "test.sec_edgar.not_null_raw_company_facts_loaded_at.0a1383d5c9"} */

    
    select
      count(*) as failures,
      count(*) != 0 as should_warn,
      count(*) != 0 as should_error
    from (
      
    
  
    
    



select loaded_at
from "edgar"."main_bronze"."raw_company_facts"
where loaded_at is null



  
  
      
    ) dbt_internal_test
[0m11:49:44.147755 [debug] [Thread-3 (]: SQL status: OK in 0.001 seconds
[0m11:49:44.148097 [debug] [Thread-4 (]: SQL status: OK in 0.001 seconds
[0m11:49:44.148372 [debug] [Thread-1 (]: SQL status: OK in 0.004 seconds
[0m11:49:44.148665 [debug] [Thread-2 (]: SQL status: OK in 0.002 seconds
[0m11:49:44.151909 [debug] [Thread-3 (]: On test.sec_edgar.not_null_raw_company_facts_facts_blob.c828cded0a: ROLLBACK
[0m11:49:44.152976 [debug] [Thread-4 (]: On test.sec_edgar.not_null_raw_company_facts_loaded_at.0a1383d5c9: ROLLBACK
[0m11:49:44.153976 [debug] [Thread-1 (]: On test.sec_edgar.not_null_raw_company_facts_cik_raw.2e1e8bca32: ROLLBACK
[0m11:49:44.155011 [debug] [Thread-2 (]: On test.sec_edgar.not_null_raw_company_facts_entity_name.bbf65e8df4: ROLLBACK
[0m11:49:44.155662 [debug] [Thread-3 (]: Failed to rollback 'test.sec_edgar.not_null_raw_company_facts_facts_blob.c828cded0a'
[0m11:49:44.156193 [debug] [Thread-4 (]: Failed to rollback 'test.sec_edgar.not_null_raw_company_facts_loaded_at.0a1383d5c9'
[0m11:49:44.156736 [debug] [Thread-1 (]: Failed to rollback 'test.sec_edgar.not_null_raw_company_facts_cik_raw.2e1e8bca32'
[0m11:49:44.157163 [debug] [Thread-2 (]: Failed to rollback 'test.sec_edgar.not_null_raw_company_facts_entity_name.bbf65e8df4'
[0m11:49:44.157583 [debug] [Thread-3 (]: On test.sec_edgar.not_null_raw_company_facts_facts_blob.c828cded0a: Close
[0m11:49:44.157949 [debug] [Thread-4 (]: On test.sec_edgar.not_null_raw_company_facts_loaded_at.0a1383d5c9: Close
[0m11:49:44.158270 [debug] [Thread-1 (]: On test.sec_edgar.not_null_raw_company_facts_cik_raw.2e1e8bca32: Close
[0m11:49:44.158598 [debug] [Thread-2 (]: On test.sec_edgar.not_null_raw_company_facts_entity_name.bbf65e8df4: Close
[0m11:49:44.159100 [info ] [Thread-3 (]: 3 of 9 PASS not_null_raw_company_facts_facts_blob .............................. [[32mPASS[0m in 0.06s]
[0m11:49:44.159612 [info ] [Thread-4 (]: 4 of 9 PASS not_null_raw_company_facts_loaded_at ............................... [[32mPASS[0m in 0.07s]
[0m11:49:44.161159 [debug] [Thread-3 (]: Finished running node test.sec_edgar.not_null_raw_company_facts_facts_blob.c828cded0a
[0m11:49:44.161572 [debug] [Thread-4 (]: Finished running node test.sec_edgar.not_null_raw_company_facts_loaded_at.0a1383d5c9
[0m11:49:44.160183 [info ] [Thread-1 (]: 1 of 9 PASS not_null_raw_company_facts_cik_raw ................................. [[32mPASS[0m in 0.07s]
[0m11:49:44.162009 [debug] [Thread-3 (]: Began running node test.sec_edgar.not_null_raw_submissions_cik_raw.6ed84af535
[0m11:49:44.160625 [info ] [Thread-2 (]: 2 of 9 PASS not_null_raw_company_facts_entity_name ............................. [[32mPASS[0m in 0.07s]
[0m11:49:44.162496 [debug] [Thread-4 (]: Began running node test.sec_edgar.not_null_raw_submissions_company_name_raw.08e371d4fd
[0m11:49:44.162985 [debug] [Thread-1 (]: Finished running node test.sec_edgar.not_null_raw_company_facts_cik_raw.2e1e8bca32
[0m11:49:44.163704 [debug] [Thread-2 (]: Finished running node test.sec_edgar.not_null_raw_company_facts_entity_name.bbf65e8df4
[0m11:49:44.163287 [info ] [Thread-3 (]: 5 of 9 START test not_null_raw_submissions_cik_raw ............................. [RUN]
[0m11:49:44.164379 [debug] [Thread-1 (]: Began running node test.sec_edgar.not_null_raw_submissions_loaded_at.13be9a48ea
[0m11:49:44.164091 [info ] [Thread-4 (]: 6 of 9 START test not_null_raw_submissions_company_name_raw .................... [RUN]
[0m11:49:44.164824 [debug] [Thread-2 (]: Began running node test.sec_edgar.unique_raw_company_facts_cik_raw.f41407570e
[0m11:49:44.165208 [debug] [Thread-3 (]: Re-using an available connection from the pool (formerly test.sec_edgar.not_null_raw_company_facts_facts_blob.c828cded0a, now test.sec_edgar.not_null_raw_submissions_cik_raw.6ed84af535)
[0m11:49:44.165540 [info ] [Thread-1 (]: 7 of 9 START test not_null_raw_submissions_loaded_at ........................... [RUN]
[0m11:49:44.165943 [debug] [Thread-4 (]: Re-using an available connection from the pool (formerly test.sec_edgar.not_null_raw_company_facts_loaded_at.0a1383d5c9, now test.sec_edgar.not_null_raw_submissions_company_name_raw.08e371d4fd)
[0m11:49:44.166675 [debug] [Thread-3 (]: Began compiling node test.sec_edgar.not_null_raw_submissions_cik_raw.6ed84af535
[0m11:49:44.166332 [info ] [Thread-2 (]: 8 of 9 START test unique_raw_company_facts_cik_raw ............................. [RUN]
[0m11:49:44.167098 [debug] [Thread-1 (]: Re-using an available connection from the pool (formerly test.sec_edgar.not_null_raw_company_facts_cik_raw.2e1e8bca32, now test.sec_edgar.not_null_raw_submissions_loaded_at.13be9a48ea)
[0m11:49:44.167380 [debug] [Thread-4 (]: Began compiling node test.sec_edgar.not_null_raw_submissions_company_name_raw.08e371d4fd
[0m11:49:44.170675 [debug] [Thread-3 (]: Writing injected SQL for node "test.sec_edgar.not_null_raw_submissions_cik_raw.6ed84af535"
[0m11:49:44.171092 [debug] [Thread-2 (]: Re-using an available connection from the pool (formerly test.sec_edgar.not_null_raw_company_facts_entity_name.bbf65e8df4, now test.sec_edgar.unique_raw_company_facts_cik_raw.f41407570e)
[0m11:49:44.171401 [debug] [Thread-1 (]: Began compiling node test.sec_edgar.not_null_raw_submissions_loaded_at.13be9a48ea
[0m11:49:44.174076 [debug] [Thread-4 (]: Writing injected SQL for node "test.sec_edgar.not_null_raw_submissions_company_name_raw.08e371d4fd"
[0m11:49:44.174507 [debug] [Thread-2 (]: Began compiling node test.sec_edgar.unique_raw_company_facts_cik_raw.f41407570e
[0m11:49:44.177075 [debug] [Thread-1 (]: Writing injected SQL for node "test.sec_edgar.not_null_raw_submissions_loaded_at.13be9a48ea"
[0m11:49:44.181472 [debug] [Thread-2 (]: Writing injected SQL for node "test.sec_edgar.unique_raw_company_facts_cik_raw.f41407570e"
[0m11:49:44.181991 [debug] [Thread-3 (]: Began executing node test.sec_edgar.not_null_raw_submissions_cik_raw.6ed84af535
[0m11:49:44.183459 [debug] [Thread-3 (]: Writing runtime sql for node "test.sec_edgar.not_null_raw_submissions_cik_raw.6ed84af535"
[0m11:49:44.184177 [debug] [Thread-2 (]: Began executing node test.sec_edgar.unique_raw_company_facts_cik_raw.f41407570e
[0m11:49:44.184498 [debug] [Thread-4 (]: Began executing node test.sec_edgar.not_null_raw_submissions_company_name_raw.08e371d4fd
[0m11:49:44.184814 [debug] [Thread-1 (]: Began executing node test.sec_edgar.not_null_raw_submissions_loaded_at.13be9a48ea
[0m11:49:44.186805 [debug] [Thread-2 (]: Writing runtime sql for node "test.sec_edgar.unique_raw_company_facts_cik_raw.f41407570e"
[0m11:49:44.188346 [debug] [Thread-4 (]: Writing runtime sql for node "test.sec_edgar.not_null_raw_submissions_company_name_raw.08e371d4fd"
[0m11:49:44.188768 [debug] [Thread-3 (]: Using duckdb connection "test.sec_edgar.not_null_raw_submissions_cik_raw.6ed84af535"
[0m11:49:44.190191 [debug] [Thread-1 (]: Writing runtime sql for node "test.sec_edgar.not_null_raw_submissions_loaded_at.13be9a48ea"
[0m11:49:44.190734 [debug] [Thread-3 (]: On test.sec_edgar.not_null_raw_submissions_cik_raw.6ed84af535: BEGIN
[0m11:49:44.191221 [debug] [Thread-3 (]: Opening a new connection, currently in state closed
[0m11:49:44.191705 [debug] [Thread-2 (]: Using duckdb connection "test.sec_edgar.unique_raw_company_facts_cik_raw.f41407570e"
[0m11:49:44.192012 [debug] [Thread-2 (]: On test.sec_edgar.unique_raw_company_facts_cik_raw.f41407570e: BEGIN
[0m11:49:44.192398 [debug] [Thread-2 (]: Opening a new connection, currently in state closed
[0m11:49:44.192813 [debug] [Thread-3 (]: SQL status: OK in 0.002 seconds
[0m11:49:44.193120 [debug] [Thread-3 (]: Using duckdb connection "test.sec_edgar.not_null_raw_submissions_cik_raw.6ed84af535"
[0m11:49:44.193401 [debug] [Thread-3 (]: On test.sec_edgar.not_null_raw_submissions_cik_raw.6ed84af535: /* {"app": "dbt", "dbt_version": "1.11.8", "profile_name": "sec_edgar", "target_name": "dev", "node_id": "test.sec_edgar.not_null_raw_submissions_cik_raw.6ed84af535"} */

    
    select
      count(*) as failures,
      count(*) != 0 as should_warn,
      count(*) != 0 as should_error
    from (
      
    
  
    
    



select cik_raw
from "edgar"."main_bronze"."raw_submissions"
where cik_raw is null



  
  
      
    ) dbt_internal_test
[0m11:49:44.193769 [debug] [Thread-2 (]: SQL status: OK in 0.001 seconds
[0m11:49:44.194060 [debug] [Thread-2 (]: Using duckdb connection "test.sec_edgar.unique_raw_company_facts_cik_raw.f41407570e"
[0m11:49:44.194447 [debug] [Thread-4 (]: Using duckdb connection "test.sec_edgar.not_null_raw_submissions_company_name_raw.08e371d4fd"
[0m11:49:44.194936 [debug] [Thread-2 (]: On test.sec_edgar.unique_raw_company_facts_cik_raw.f41407570e: /* {"app": "dbt", "dbt_version": "1.11.8", "profile_name": "sec_edgar", "target_name": "dev", "node_id": "test.sec_edgar.unique_raw_company_facts_cik_raw.f41407570e"} */

    
    select
      count(*) as failures,
      count(*) != 0 as should_warn,
      count(*) != 0 as should_error
    from (
      
    
  
    
    

select
    cik_raw as unique_field,
    count(*) as n_records

from "edgar"."main_bronze"."raw_company_facts"
where cik_raw is not null
group by cik_raw
having count(*) > 1



  
  
      
    ) dbt_internal_test
[0m11:49:44.195299 [debug] [Thread-1 (]: Using duckdb connection "test.sec_edgar.not_null_raw_submissions_loaded_at.13be9a48ea"
[0m11:49:44.195628 [debug] [Thread-3 (]: SQL status: OK in 0.002 seconds
[0m11:49:44.195931 [debug] [Thread-4 (]: On test.sec_edgar.not_null_raw_submissions_company_name_raw.08e371d4fd: BEGIN
[0m11:49:44.196756 [debug] [Thread-1 (]: On test.sec_edgar.not_null_raw_submissions_loaded_at.13be9a48ea: BEGIN
[0m11:49:44.197127 [debug] [Thread-4 (]: Opening a new connection, currently in state closed
[0m11:49:44.198218 [debug] [Thread-3 (]: On test.sec_edgar.not_null_raw_submissions_cik_raw.6ed84af535: ROLLBACK
[0m11:49:44.198596 [debug] [Thread-1 (]: Opening a new connection, currently in state closed
[0m11:49:44.199391 [debug] [Thread-3 (]: Failed to rollback 'test.sec_edgar.not_null_raw_submissions_cik_raw.6ed84af535'
[0m11:49:44.199689 [debug] [Thread-3 (]: On test.sec_edgar.not_null_raw_submissions_cik_raw.6ed84af535: Close
[0m11:49:44.200001 [debug] [Thread-1 (]: SQL status: OK in 0.001 seconds
[0m11:49:44.200717 [debug] [Thread-1 (]: Using duckdb connection "test.sec_edgar.not_null_raw_submissions_loaded_at.13be9a48ea"
[0m11:49:44.201025 [debug] [Thread-4 (]: SQL status: OK in 0.004 seconds
[0m11:49:44.200450 [info ] [Thread-3 (]: 5 of 9 PASS not_null_raw_submissions_cik_raw ................................... [[32mPASS[0m in 0.04s]
[0m11:49:44.201454 [debug] [Thread-1 (]: On test.sec_edgar.not_null_raw_submissions_loaded_at.13be9a48ea: /* {"app": "dbt", "dbt_version": "1.11.8", "profile_name": "sec_edgar", "target_name": "dev", "node_id": "test.sec_edgar.not_null_raw_submissions_loaded_at.13be9a48ea"} */

    
    select
      count(*) as failures,
      count(*) != 0 as should_warn,
      count(*) != 0 as should_error
    from (
      
    
  
    
    



select loaded_at
from "edgar"."main_bronze"."raw_submissions"
where loaded_at is null



  
  
      
    ) dbt_internal_test
[0m11:49:44.201825 [debug] [Thread-4 (]: Using duckdb connection "test.sec_edgar.not_null_raw_submissions_company_name_raw.08e371d4fd"
[0m11:49:44.202412 [debug] [Thread-3 (]: Finished running node test.sec_edgar.not_null_raw_submissions_cik_raw.6ed84af535
[0m11:49:44.202925 [debug] [Thread-4 (]: On test.sec_edgar.not_null_raw_submissions_company_name_raw.08e371d4fd: /* {"app": "dbt", "dbt_version": "1.11.8", "profile_name": "sec_edgar", "target_name": "dev", "node_id": "test.sec_edgar.not_null_raw_submissions_company_name_raw.08e371d4fd"} */

    
    select
      count(*) as failures,
      count(*) != 0 as should_warn,
      count(*) != 0 as should_error
    from (
      
    
  
    
    



select company_name_raw
from "edgar"."main_bronze"."raw_submissions"
where company_name_raw is null



  
  
      
    ) dbt_internal_test
[0m11:49:44.203412 [debug] [Thread-3 (]: Began running node test.sec_edgar.unique_raw_submissions_cik_raw.a41cd70f60
[0m11:49:44.203977 [debug] [Thread-2 (]: SQL status: OK in 0.008 seconds
[0m11:49:44.204288 [debug] [Thread-1 (]: SQL status: OK in 0.002 seconds
[0m11:49:44.205099 [debug] [Thread-4 (]: SQL status: OK in 0.001 seconds
[0m11:49:44.204649 [info ] [Thread-3 (]: 9 of 9 START test unique_raw_submissions_cik_raw ............................... [RUN]
[0m11:49:44.206440 [debug] [Thread-1 (]: On test.sec_edgar.not_null_raw_submissions_loaded_at.13be9a48ea: ROLLBACK
[0m11:49:44.207467 [debug] [Thread-2 (]: On test.sec_edgar.unique_raw_company_facts_cik_raw.f41407570e: ROLLBACK
[0m11:49:44.208447 [debug] [Thread-4 (]: On test.sec_edgar.not_null_raw_submissions_company_name_raw.08e371d4fd: ROLLBACK
[0m11:49:44.208851 [debug] [Thread-3 (]: Re-using an available connection from the pool (formerly test.sec_edgar.not_null_raw_submissions_cik_raw.6ed84af535, now test.sec_edgar.unique_raw_submissions_cik_raw.a41cd70f60)
[0m11:49:44.209468 [debug] [Thread-1 (]: Failed to rollback 'test.sec_edgar.not_null_raw_submissions_loaded_at.13be9a48ea'
[0m11:49:44.210177 [debug] [Thread-2 (]: Failed to rollback 'test.sec_edgar.unique_raw_company_facts_cik_raw.f41407570e'
[0m11:49:44.210724 [debug] [Thread-4 (]: Failed to rollback 'test.sec_edgar.not_null_raw_submissions_company_name_raw.08e371d4fd'
[0m11:49:44.211068 [debug] [Thread-3 (]: Began compiling node test.sec_edgar.unique_raw_submissions_cik_raw.a41cd70f60
[0m11:49:44.211386 [debug] [Thread-1 (]: On test.sec_edgar.not_null_raw_submissions_loaded_at.13be9a48ea: Close
[0m11:49:44.211669 [debug] [Thread-2 (]: On test.sec_edgar.unique_raw_company_facts_cik_raw.f41407570e: Close
[0m11:49:44.211938 [debug] [Thread-4 (]: On test.sec_edgar.not_null_raw_submissions_company_name_raw.08e371d4fd: Close
[0m11:49:44.214868 [debug] [Thread-3 (]: Writing injected SQL for node "test.sec_edgar.unique_raw_submissions_cik_raw.a41cd70f60"
[0m11:49:44.215388 [info ] [Thread-1 (]: 7 of 9 PASS not_null_raw_submissions_loaded_at ................................. [[32mPASS[0m in 0.05s]
[0m11:49:44.215838 [info ] [Thread-2 (]: 8 of 9 PASS unique_raw_company_facts_cik_raw ................................... [[32mPASS[0m in 0.04s]
[0m11:49:44.216937 [debug] [Thread-1 (]: Finished running node test.sec_edgar.not_null_raw_submissions_loaded_at.13be9a48ea
[0m11:49:44.216331 [info ] [Thread-4 (]: 6 of 9 PASS not_null_raw_submissions_company_name_raw .......................... [[32mPASS[0m in 0.05s]
[0m11:49:44.217455 [debug] [Thread-2 (]: Finished running node test.sec_edgar.unique_raw_company_facts_cik_raw.f41407570e
[0m11:49:44.217938 [debug] [Thread-3 (]: Began executing node test.sec_edgar.unique_raw_submissions_cik_raw.a41cd70f60
[0m11:49:44.218359 [debug] [Thread-4 (]: Finished running node test.sec_edgar.not_null_raw_submissions_company_name_raw.08e371d4fd
[0m11:49:44.219985 [debug] [Thread-3 (]: Writing runtime sql for node "test.sec_edgar.unique_raw_submissions_cik_raw.a41cd70f60"
[0m11:49:44.221064 [debug] [Thread-3 (]: Using duckdb connection "test.sec_edgar.unique_raw_submissions_cik_raw.a41cd70f60"
[0m11:49:44.221440 [debug] [Thread-3 (]: On test.sec_edgar.unique_raw_submissions_cik_raw.a41cd70f60: BEGIN
[0m11:49:44.221743 [debug] [Thread-3 (]: Opening a new connection, currently in state closed
[0m11:49:44.222310 [debug] [Thread-3 (]: SQL status: OK in 0.001 seconds
[0m11:49:44.222606 [debug] [Thread-3 (]: Using duckdb connection "test.sec_edgar.unique_raw_submissions_cik_raw.a41cd70f60"
[0m11:49:44.222867 [debug] [Thread-3 (]: On test.sec_edgar.unique_raw_submissions_cik_raw.a41cd70f60: /* {"app": "dbt", "dbt_version": "1.11.8", "profile_name": "sec_edgar", "target_name": "dev", "node_id": "test.sec_edgar.unique_raw_submissions_cik_raw.a41cd70f60"} */

    
    select
      count(*) as failures,
      count(*) != 0 as should_warn,
      count(*) != 0 as should_error
    from (
      
    
  
    
    

select
    cik_raw as unique_field,
    count(*) as n_records

from "edgar"."main_bronze"."raw_submissions"
where cik_raw is not null
group by cik_raw
having count(*) > 1



  
  
      
    ) dbt_internal_test
[0m11:49:44.225431 [debug] [Thread-3 (]: SQL status: OK in 0.002 seconds
[0m11:49:44.226713 [debug] [Thread-3 (]: On test.sec_edgar.unique_raw_submissions_cik_raw.a41cd70f60: ROLLBACK
[0m11:49:44.227208 [debug] [Thread-3 (]: Failed to rollback 'test.sec_edgar.unique_raw_submissions_cik_raw.a41cd70f60'
[0m11:49:44.227481 [debug] [Thread-3 (]: On test.sec_edgar.unique_raw_submissions_cik_raw.a41cd70f60: Close
[0m11:49:44.227915 [info ] [Thread-3 (]: 9 of 9 PASS unique_raw_submissions_cik_raw ..................................... [[32mPASS[0m in 0.02s]
[0m11:49:44.228521 [debug] [Thread-3 (]: Finished running node test.sec_edgar.unique_raw_submissions_cik_raw.a41cd70f60
[0m11:49:44.229502 [debug] [MainThread]: Using duckdb connection "master"
[0m11:49:44.229739 [debug] [MainThread]: On master: BEGIN
[0m11:49:44.229926 [debug] [MainThread]: Opening a new connection, currently in state closed
[0m11:49:44.230388 [debug] [MainThread]: SQL status: OK in 0.000 seconds
[0m11:49:44.230631 [debug] [MainThread]: On master: COMMIT
[0m11:49:44.230838 [debug] [MainThread]: Using duckdb connection "master"
[0m11:49:44.231036 [debug] [MainThread]: On master: COMMIT
[0m11:49:44.231344 [debug] [MainThread]: SQL status: OK in 0.000 seconds
[0m11:49:44.231588 [debug] [MainThread]: On master: Close
[0m11:49:44.231853 [debug] [MainThread]: Connection 'master' was properly closed.
[0m11:49:44.232032 [debug] [MainThread]: Connection 'list_edgar_main_gold' was properly closed.
[0m11:49:44.232190 [debug] [MainThread]: Connection 'list_edgar_main_silver' was properly closed.
[0m11:49:44.232343 [debug] [MainThread]: Connection 'list_edgar_main_seeds' was properly closed.
[0m11:49:44.232499 [debug] [MainThread]: Connection 'list_edgar_main_bronze' was properly closed.
[0m11:49:44.232648 [debug] [MainThread]: Connection 'test.sec_edgar.not_null_raw_submissions_loaded_at.13be9a48ea' was properly closed.
[0m11:49:44.232794 [debug] [MainThread]: Connection 'test.sec_edgar.unique_raw_company_facts_cik_raw.f41407570e' was properly closed.
[0m11:49:44.232939 [debug] [MainThread]: Connection 'test.sec_edgar.not_null_raw_submissions_company_name_raw.08e371d4fd' was properly closed.
[0m11:49:44.233100 [debug] [MainThread]: Connection 'test.sec_edgar.unique_raw_submissions_cik_raw.a41cd70f60' was properly closed.
[0m11:49:44.233306 [info ] [MainThread]: 
[0m11:49:44.233770 [info ] [MainThread]: Finished running 9 data tests in 0 hours 0 minutes and 0.31 seconds (0.31s).
[0m11:49:44.234996 [debug] [MainThread]: Command end result
[0m11:49:44.255312 [debug] [MainThread]: Wrote artifact WritableManifest to C:\Krish\Project\sec-edgar-pipeline\dbt\target\manifest.json
[0m11:49:44.257576 [debug] [MainThread]: Wrote artifact SemanticManifest to C:\Krish\Project\sec-edgar-pipeline\dbt\target\semantic_manifest.json
[0m11:49:44.263735 [debug] [MainThread]: Wrote artifact RunExecutionResult to C:\Krish\Project\sec-edgar-pipeline\dbt\target\run_results.json
[0m11:49:44.264056 [info ] [MainThread]: 
[0m11:49:44.264575 [info ] [MainThread]: [32mCompleted successfully[0m
[0m11:49:44.265044 [info ] [MainThread]: 
[0m11:49:44.265476 [info ] [MainThread]: Done. PASS=9 WARN=0 ERROR=0 SKIP=0 NO-OP=0 TOTAL=9
[0m11:49:44.266273 [debug] [MainThread]: Command `dbt test` succeeded at 11:49:44.266177 after 1.19 seconds
[0m11:49:44.266564 [debug] [MainThread]: Sending event: {'category': 'dbt', 'action': 'invocation', 'label': 'end', 'context': [<snowplow_tracker.self_describing_json.SelfDescribingJson object at 0x000001E81F6268D0>, <snowplow_tracker.self_describing_json.SelfDescribingJson object at 0x000001E821096AF0>, <snowplow_tracker.self_describing_json.SelfDescribingJson object at 0x000001E821097750>]}
[0m11:49:44.266836 [debug] [MainThread]: Flushing usage events
[0m11:49:44.712404 [debug] [MainThread]: An error was encountered while trying to flush usage events
[0m13:31:03.591519 [debug] [MainThread]: Sending event: {'category': 'dbt', 'action': 'invocation', 'label': 'start', 'context': [<snowplow_tracker.self_describing_json.SelfDescribingJson object at 0x000001A33EC7B770>, <snowplow_tracker.self_describing_json.SelfDescribingJson object at 0x000001A33BACB610>, <snowplow_tracker.self_describing_json.SelfDescribingJson object at 0x000001A340F3BC50>]}


============================== 13:31:03.595250 | e6272bcb-e89c-4cee-a7c7-62d38d04808c ==============================
[0m13:31:03.595250 [info ] [MainThread]: Running with dbt=1.11.8
[0m13:31:03.595908 [debug] [MainThread]: running dbt with arguments {'log_format': 'default', 'invocation_command': 'dbt seed', 'no_print': 'None', 'printer_width': '80', 'warn_error_options': 'WarnErrorOptionsV2(error=[], warn=[], silence=[])', 'indirect_selection': 'eager', 'send_anonymous_usage_stats': 'True', 'empty': 'None', 'log_path': 'C:\\Krish\\Project\\sec-edgar-pipeline\\dbt\\logs', 'warn_error': 'None', 'version_check': 'True', 'quiet': 'False', 'log_cache_events': 'False', 'write_json': 'True', 'cache_selected_only': 'False', 'fail_fast': 'False', 'use_colors': 'True', 'partial_parse': 'True', 'static_parser': 'True', 'debug': 'False', 'use_experimental_parser': 'False', 'profiles_dir': 'C:\\Krish\\Project\\sec-edgar-pipeline\\dbt', 'introspect': 'True', 'target_path': 'None'}
[0m13:31:03.826565 [debug] [MainThread]: Sending event: {'category': 'dbt', 'action': 'project_id', 'label': 'e6272bcb-e89c-4cee-a7c7-62d38d04808c', 'context': [<snowplow_tracker.self_describing_json.SelfDescribingJson object at 0x000001A33F224510>]}
[0m13:31:03.870396 [debug] [MainThread]: Sending event: {'category': 'dbt', 'action': 'adapter_info', 'label': 'e6272bcb-e89c-4cee-a7c7-62d38d04808c', 'context': [<snowplow_tracker.self_describing_json.SelfDescribingJson object at 0x000001A3410BD040>]}
[0m13:31:03.873569 [info ] [MainThread]: Registered adapter: duckdb=1.10.1
[0m13:31:04.032420 [debug] [MainThread]: checksum: 7d524ac048c2100769df89d592e662e060a73ca564e31bd9c2a37efdfe8d8ab6, vars: {}, profile: , target: , version: 1.11.8
[0m13:31:04.156865 [debug] [MainThread]: Partial parsing enabled: 0 files deleted, 0 files added, 7 files changed.
[0m13:31:04.157476 [debug] [MainThread]: Partial parsing: updated file: sec_edgar://models\silver\schema.yml
[0m13:31:04.157867 [debug] [MainThread]: Partial parsing: updated file: sec_edgar://macros\fiscal_quarter.sql
[0m13:31:04.158180 [debug] [MainThread]: Partial parsing: updated file: sec_edgar://seeds\gaap_tag_synonyms.csv
[0m13:31:04.158514 [debug] [MainThread]: Partial parsing: updated file: sec_edgar://macros\normalize_gaap_tag.sql
[0m13:31:04.158780 [debug] [MainThread]: Partial parsing: updated file: sec_edgar://models\silver\stg_companies.sql
[0m13:31:04.159025 [debug] [MainThread]: Partial parsing: updated file: sec_edgar://models\silver\stg_financials.sql
[0m13:31:04.159280 [debug] [MainThread]: Partial parsing: updated file: sec_edgar://models\silver\stg_filing_periods.sql
[0m13:31:04.593747 [warn ] [MainThread]: [[33mWARNING[0m][MissingArgumentsPropertyInGenericTestDeprecation]: Deprecated
functionality
Found top-level arguments to test `accepted_values` defined on 'stg_financials'
in package 'sec_edgar' (models\silver\schema.yml). Arguments to generic tests
should be nested under the `arguments` property.
[0m13:31:04.594357 [debug] [MainThread]: Sending event: {'category': 'dbt', 'action': 'deprecation', 'label': 'e6272bcb-e89c-4cee-a7c7-62d38d04808c', 'property_': 'warn', 'context': [<snowplow_tracker.self_describing_json.SelfDescribingJson object at 0x000001A341572E50>]}
[0m13:31:04.657666 [debug] [MainThread]: Sending event: {'category': 'dbt', 'action': 'load_project', 'label': 'e6272bcb-e89c-4cee-a7c7-62d38d04808c', 'context': [<snowplow_tracker.self_describing_json.SelfDescribingJson object at 0x000001A3413835C0>]}
[0m13:31:04.745017 [debug] [MainThread]: Wrote artifact WritableManifest to C:\Krish\Project\sec-edgar-pipeline\dbt\target\manifest.json
[0m13:31:04.748877 [debug] [MainThread]: Wrote artifact SemanticManifest to C:\Krish\Project\sec-edgar-pipeline\dbt\target\semantic_manifest.json
[0m13:31:04.762928 [debug] [MainThread]: Sending event: {'category': 'dbt', 'action': 'resource_counts', 'label': 'e6272bcb-e89c-4cee-a7c7-62d38d04808c', 'context': [<snowplow_tracker.self_describing_json.SelfDescribingJson object at 0x000001A341758D70>]}
[0m13:31:04.763321 [info ] [MainThread]: Found 10 models, 28 data tests, 1 seed, 477 macros
[0m13:31:04.763883 [debug] [MainThread]: Sending event: {'category': 'dbt', 'action': 'runnable_timing', 'label': 'e6272bcb-e89c-4cee-a7c7-62d38d04808c', 'context': [<snowplow_tracker.self_describing_json.SelfDescribingJson object at 0x000001A34190F2B0>]}
[0m13:31:04.765404 [info ] [MainThread]: 
[0m13:31:04.766062 [info ] [MainThread]: Concurrency: 4 threads (target='dev')
[0m13:31:04.766469 [info ] [MainThread]: 
[0m13:31:04.767101 [debug] [MainThread]: Acquiring new duckdb connection 'master'
[0m13:31:04.767925 [debug] [ThreadPool]: Acquiring new duckdb connection 'list_edgar'
[0m13:31:04.887972 [debug] [ThreadPool]: Using duckdb connection "list_edgar"
[0m13:31:04.888305 [debug] [ThreadPool]: On list_edgar: /* {"app": "dbt", "dbt_version": "1.11.8", "profile_name": "sec_edgar", "target_name": "dev", "connection_name": "list_edgar"} */

    
    select schema_name
    from system.information_schema.schemata
    
    where lower(catalog_name) = '"edgar"'
    
  
  
[0m13:31:04.888528 [debug] [ThreadPool]: Opening a new connection, currently in state init
[0m13:31:04.899163 [debug] [ThreadPool]: SQL status: OK in 0.011 seconds
[0m13:31:04.900186 [debug] [ThreadPool]: On list_edgar: Close
[0m13:31:04.900749 [debug] [ThreadPool]: Re-using an available connection from the pool (formerly list_edgar, now create_edgar_main_seeds)
[0m13:31:04.901103 [debug] [ThreadPool]: Creating schema "database: "edgar"
schema: "main_seeds"
"
[0m13:31:04.905764 [debug] [ThreadPool]: Using duckdb connection "create_edgar_main_seeds"
[0m13:31:04.906066 [debug] [ThreadPool]: On create_edgar_main_seeds: /* {"app": "dbt", "dbt_version": "1.11.8", "profile_name": "sec_edgar", "target_name": "dev", "connection_name": "create_edgar_main_seeds"} */

    
        select type from duckdb_databases()
        where lower(database_name)='edgar'
        and type='sqlite'
    
  
[0m13:31:04.906285 [debug] [ThreadPool]: Opening a new connection, currently in state closed
[0m13:31:04.907045 [debug] [ThreadPool]: SQL status: OK in 0.001 seconds
[0m13:31:04.907994 [debug] [ThreadPool]: Using duckdb connection "create_edgar_main_seeds"
[0m13:31:04.908233 [debug] [ThreadPool]: On create_edgar_main_seeds: BEGIN
[0m13:31:04.908580 [debug] [ThreadPool]: SQL status: OK in 0.000 seconds
[0m13:31:04.908880 [debug] [ThreadPool]: Using duckdb connection "create_edgar_main_seeds"
[0m13:31:04.909108 [debug] [ThreadPool]: On create_edgar_main_seeds: /* {"app": "dbt", "dbt_version": "1.11.8", "profile_name": "sec_edgar", "target_name": "dev", "connection_name": "create_edgar_main_seeds"} */

    
    
        create schema if not exists "edgar"."main_seeds"
    
[0m13:31:04.909541 [debug] [ThreadPool]: SQL status: OK in 0.000 seconds
[0m13:31:04.910122 [debug] [ThreadPool]: On create_edgar_main_seeds: COMMIT
[0m13:31:04.910346 [debug] [ThreadPool]: Using duckdb connection "create_edgar_main_seeds"
[0m13:31:04.910550 [debug] [ThreadPool]: On create_edgar_main_seeds: COMMIT
[0m13:31:04.913770 [debug] [ThreadPool]: SQL status: OK in 0.003 seconds
[0m13:31:04.914033 [debug] [ThreadPool]: On create_edgar_main_seeds: Close
[0m13:31:04.918610 [debug] [ThreadPool]: Acquiring new duckdb connection 'list_edgar_main_bronze'
[0m13:31:04.922884 [debug] [ThreadPool]: Using duckdb connection "list_edgar_main_bronze"
[0m13:31:04.923177 [debug] [ThreadPool]: On list_edgar_main_bronze: BEGIN
[0m13:31:04.923588 [debug] [ThreadPool]: Acquiring new duckdb connection 'list_edgar_main_seeds'
[0m13:31:04.923868 [debug] [ThreadPool]: Opening a new connection, currently in state init
[0m13:31:04.925208 [debug] [ThreadPool]: Using duckdb connection "list_edgar_main_seeds"
[0m13:31:04.925653 [debug] [ThreadPool]: Acquiring new duckdb connection 'list_edgar_main_silver'
[0m13:31:04.926162 [debug] [ThreadPool]: On list_edgar_main_seeds: BEGIN
[0m13:31:04.927346 [debug] [ThreadPool]: Using duckdb connection "list_edgar_main_silver"
[0m13:31:04.927661 [debug] [ThreadPool]: Opening a new connection, currently in state init
[0m13:31:04.927898 [debug] [ThreadPool]: SQL status: OK in 0.004 seconds
[0m13:31:04.928207 [debug] [ThreadPool]: Acquiring new duckdb connection 'list_edgar_main_gold'
[0m13:31:04.928446 [debug] [ThreadPool]: On list_edgar_main_silver: BEGIN
[0m13:31:04.929022 [debug] [ThreadPool]: Using duckdb connection "list_edgar_main_bronze"
[0m13:31:04.930293 [debug] [ThreadPool]: Using duckdb connection "list_edgar_main_gold"
[0m13:31:04.930602 [debug] [ThreadPool]: SQL status: OK in 0.003 seconds
[0m13:31:04.930841 [debug] [ThreadPool]: Opening a new connection, currently in state init
[0m13:31:04.931143 [debug] [ThreadPool]: On list_edgar_main_bronze: /* {"app": "dbt", "dbt_version": "1.11.8", "profile_name": "sec_edgar", "target_name": "dev", "connection_name": "list_edgar_main_bronze"} */
select
      'edgar' as database,
      table_name as name,
      table_schema as schema,
      CASE table_type
        WHEN 'BASE TABLE' THEN 'table'
        WHEN 'VIEW' THEN 'view'
        WHEN 'LOCAL TEMPORARY' THEN 'table'
        END as type
    from system.information_schema.tables
    where lower(table_schema) = 'main_bronze'
    and lower(table_catalog) = 'edgar'
  
[0m13:31:04.931417 [debug] [ThreadPool]: On list_edgar_main_gold: BEGIN
[0m13:31:04.931653 [debug] [ThreadPool]: Using duckdb connection "list_edgar_main_seeds"
[0m13:31:04.932136 [debug] [ThreadPool]: Opening a new connection, currently in state init
[0m13:31:04.932380 [debug] [ThreadPool]: SQL status: OK in 0.002 seconds
[0m13:31:04.932644 [debug] [ThreadPool]: On list_edgar_main_seeds: /* {"app": "dbt", "dbt_version": "1.11.8", "profile_name": "sec_edgar", "target_name": "dev", "connection_name": "list_edgar_main_seeds"} */
select
      'edgar' as database,
      table_name as name,
      table_schema as schema,
      CASE table_type
        WHEN 'BASE TABLE' THEN 'table'
        WHEN 'VIEW' THEN 'view'
        WHEN 'LOCAL TEMPORARY' THEN 'table'
        END as type
    from system.information_schema.tables
    where lower(table_schema) = 'main_seeds'
    and lower(table_catalog) = 'edgar'
  
[0m13:31:04.933360 [debug] [ThreadPool]: SQL status: OK in 0.001 seconds
[0m13:31:04.933657 [debug] [ThreadPool]: Using duckdb connection "list_edgar_main_silver"
[0m13:31:04.934134 [debug] [ThreadPool]: Using duckdb connection "list_edgar_main_gold"
[0m13:31:04.934440 [debug] [ThreadPool]: On list_edgar_main_silver: /* {"app": "dbt", "dbt_version": "1.11.8", "profile_name": "sec_edgar", "target_name": "dev", "connection_name": "list_edgar_main_silver"} */
select
      'edgar' as database,
      table_name as name,
      table_schema as schema,
      CASE table_type
        WHEN 'BASE TABLE' THEN 'table'
        WHEN 'VIEW' THEN 'view'
        WHEN 'LOCAL TEMPORARY' THEN 'table'
        END as type
    from system.information_schema.tables
    where lower(table_schema) = 'main_silver'
    and lower(table_catalog) = 'edgar'
  
[0m13:31:04.934769 [debug] [ThreadPool]: On list_edgar_main_gold: /* {"app": "dbt", "dbt_version": "1.11.8", "profile_name": "sec_edgar", "target_name": "dev", "connection_name": "list_edgar_main_gold"} */
select
      'edgar' as database,
      table_name as name,
      table_schema as schema,
      CASE table_type
        WHEN 'BASE TABLE' THEN 'table'
        WHEN 'VIEW' THEN 'view'
        WHEN 'LOCAL TEMPORARY' THEN 'table'
        END as type
    from system.information_schema.tables
    where lower(table_schema) = 'main_gold'
    and lower(table_catalog) = 'edgar'
  
[0m13:31:04.935103 [debug] [ThreadPool]: SQL status: OK in 0.003 seconds
[0m13:31:04.935582 [debug] [ThreadPool]: SQL status: OK in 0.002 seconds
[0m13:31:04.936709 [debug] [ThreadPool]: On list_edgar_main_bronze: ROLLBACK
[0m13:31:04.937140 [debug] [ThreadPool]: SQL status: OK in 0.002 seconds
[0m13:31:04.938013 [debug] [ThreadPool]: On list_edgar_main_seeds: ROLLBACK
[0m13:31:04.938292 [debug] [ThreadPool]: SQL status: OK in 0.003 seconds
[0m13:31:04.939263 [debug] [ThreadPool]: On list_edgar_main_silver: ROLLBACK
[0m13:31:04.940144 [debug] [ThreadPool]: On list_edgar_main_gold: ROLLBACK
[0m13:31:04.941043 [debug] [ThreadPool]: Failed to rollback 'list_edgar_main_bronze'
[0m13:31:04.941302 [debug] [ThreadPool]: On list_edgar_main_bronze: Close
[0m13:31:04.941763 [debug] [ThreadPool]: Failed to rollback 'list_edgar_main_seeds'
[0m13:31:04.942201 [debug] [ThreadPool]: On list_edgar_main_seeds: Close
[0m13:31:04.943261 [debug] [ThreadPool]: Failed to rollback 'list_edgar_main_silver'
[0m13:31:04.943664 [debug] [ThreadPool]: Failed to rollback 'list_edgar_main_gold'
[0m13:31:04.943951 [debug] [ThreadPool]: On list_edgar_main_silver: Close
[0m13:31:04.944210 [debug] [ThreadPool]: On list_edgar_main_gold: Close
[0m13:31:04.944964 [debug] [MainThread]: Sending event: {'category': 'dbt', 'action': 'runnable_timing', 'label': 'e6272bcb-e89c-4cee-a7c7-62d38d04808c', 'context': [<snowplow_tracker.self_describing_json.SelfDescribingJson object at 0x000001A34146F950>]}
[0m13:31:04.945334 [debug] [MainThread]: Using duckdb connection "master"
[0m13:31:04.945600 [debug] [MainThread]: On master: BEGIN
[0m13:31:04.945944 [debug] [MainThread]: Opening a new connection, currently in state init
[0m13:31:04.946402 [debug] [MainThread]: SQL status: OK in 0.000 seconds
[0m13:31:04.946649 [debug] [MainThread]: On master: COMMIT
[0m13:31:04.946873 [debug] [MainThread]: Using duckdb connection "master"
[0m13:31:04.947078 [debug] [MainThread]: On master: COMMIT
[0m13:31:04.947418 [debug] [MainThread]: SQL status: OK in 0.000 seconds
[0m13:31:04.947641 [debug] [MainThread]: On master: Close
[0m13:31:04.950842 [debug] [Thread-1 (]: Began running node seed.sec_edgar.gaap_tag_synonyms
[0m13:31:04.951295 [info ] [Thread-1 (]: 1 of 1 START seed file main_seeds.gaap_tag_synonyms ............................ [RUN]
[0m13:31:04.952069 [debug] [Thread-1 (]: Acquiring new duckdb connection 'seed.sec_edgar.gaap_tag_synonyms'
[0m13:31:04.952350 [debug] [Thread-1 (]: Began compiling node seed.sec_edgar.gaap_tag_synonyms
[0m13:31:04.952605 [debug] [Thread-1 (]: Began executing node seed.sec_edgar.gaap_tag_synonyms
[0m13:31:04.973517 [debug] [Thread-1 (]: Using duckdb connection "seed.sec_edgar.gaap_tag_synonyms"
[0m13:31:04.973886 [debug] [Thread-1 (]: On seed.sec_edgar.gaap_tag_synonyms: BEGIN
[0m13:31:04.974176 [debug] [Thread-1 (]: Opening a new connection, currently in state init
[0m13:31:04.974918 [debug] [Thread-1 (]: SQL status: OK in 0.001 seconds
[0m13:31:04.975405 [debug] [Thread-1 (]: Using duckdb connection "seed.sec_edgar.gaap_tag_synonyms"
[0m13:31:04.975695 [debug] [Thread-1 (]: On seed.sec_edgar.gaap_tag_synonyms: /* {"app": "dbt", "dbt_version": "1.11.8", "profile_name": "sec_edgar", "target_name": "dev", "node_id": "seed.sec_edgar.gaap_tag_synonyms"} */

    create table "edgar"."main_seeds"."gaap_tag_synonyms" ("canonical_tag" text,"synonym_tag" text,"statement_type" text,"display_label" text)
  
[0m13:31:04.978564 [debug] [Thread-1 (]: SQL status: OK in 0.003 seconds
[0m13:31:04.986982 [debug] [Thread-1 (]: Using duckdb connection "seed.sec_edgar.gaap_tag_synonyms"
[0m13:31:04.987404 [debug] [Thread-1 (]: On seed.sec_edgar.gaap_tag_synonyms: 
          COPY "edgar"."main_seeds"."gaap_tag_synonyms" FROM 'C:\Krish\Project\sec-edgar-pipeline\dbt\seeds\gaap_tag_synonyms.csv' (FORMAT CSV, HEADER TRUE, DELIMITER ',')
        ...
[0m13:31:04.998913 [debug] [Thread-1 (]: SQL status: OK in 0.011 seconds
[0m13:31:05.003245 [debug] [Thread-1 (]: Writing runtime SQL for node "seed.sec_edgar.gaap_tag_synonyms"
[0m13:31:05.015722 [debug] [Thread-1 (]: On seed.sec_edgar.gaap_tag_synonyms: COMMIT
[0m13:31:05.016159 [debug] [Thread-1 (]: Using duckdb connection "seed.sec_edgar.gaap_tag_synonyms"
[0m13:31:05.016456 [debug] [Thread-1 (]: On seed.sec_edgar.gaap_tag_synonyms: COMMIT
[0m13:31:05.017712 [debug] [Thread-1 (]: SQL status: OK in 0.001 seconds
[0m13:31:05.019231 [debug] [Thread-1 (]: On seed.sec_edgar.gaap_tag_synonyms: Close
[0m13:31:05.021028 [debug] [Thread-1 (]: Sending event: {'category': 'dbt', 'action': 'run_model', 'label': 'e6272bcb-e89c-4cee-a7c7-62d38d04808c', 'context': [<snowplow_tracker.self_describing_json.SelfDescribingJson object at 0x000001A341AA6C50>]}
[0m13:31:05.021509 [info ] [Thread-1 (]: 1 of 1 OK loaded seed file main_seeds.gaap_tag_synonyms ........................ [[32mINSERT 21[0m in 0.07s]
[0m13:31:05.022158 [debug] [Thread-1 (]: Finished running node seed.sec_edgar.gaap_tag_synonyms
[0m13:31:05.023239 [debug] [MainThread]: Using duckdb connection "master"
[0m13:31:05.023495 [debug] [MainThread]: On master: BEGIN
[0m13:31:05.023715 [debug] [MainThread]: Opening a new connection, currently in state closed
[0m13:31:05.024197 [debug] [MainThread]: SQL status: OK in 0.000 seconds
[0m13:31:05.024444 [debug] [MainThread]: On master: COMMIT
[0m13:31:05.024664 [debug] [MainThread]: Using duckdb connection "master"
[0m13:31:05.024856 [debug] [MainThread]: On master: COMMIT
[0m13:31:05.025170 [debug] [MainThread]: SQL status: OK in 0.000 seconds
[0m13:31:05.025391 [debug] [MainThread]: On master: Close
[0m13:31:05.025667 [debug] [MainThread]: Connection 'master' was properly closed.
[0m13:31:05.025848 [debug] [MainThread]: Connection 'create_edgar_main_seeds' was properly closed.
[0m13:31:05.026010 [debug] [MainThread]: Connection 'list_edgar_main_bronze' was properly closed.
[0m13:31:05.026165 [debug] [MainThread]: Connection 'list_edgar_main_seeds' was properly closed.
[0m13:31:05.026320 [debug] [MainThread]: Connection 'list_edgar_main_silver' was properly closed.
[0m13:31:05.026469 [debug] [MainThread]: Connection 'list_edgar_main_gold' was properly closed.
[0m13:31:05.026621 [debug] [MainThread]: Connection 'seed.sec_edgar.gaap_tag_synonyms' was properly closed.
[0m13:31:05.026970 [info ] [MainThread]: 
[0m13:31:05.027425 [info ] [MainThread]: Finished running 1 seed in 0 hours 0 minutes and 0.26 seconds (0.26s).
[0m13:31:05.028117 [debug] [MainThread]: Command end result
[0m13:31:05.055504 [debug] [MainThread]: Wrote artifact WritableManifest to C:\Krish\Project\sec-edgar-pipeline\dbt\target\manifest.json
[0m13:31:05.058080 [debug] [MainThread]: Wrote artifact SemanticManifest to C:\Krish\Project\sec-edgar-pipeline\dbt\target\semantic_manifest.json
[0m13:31:05.062487 [debug] [MainThread]: Wrote artifact RunExecutionResult to C:\Krish\Project\sec-edgar-pipeline\dbt\target\run_results.json
[0m13:31:05.062776 [info ] [MainThread]: 
[0m13:31:05.063299 [info ] [MainThread]: [32mCompleted successfully[0m
[0m13:31:05.063646 [info ] [MainThread]: 
[0m13:31:05.063970 [info ] [MainThread]: Done. PASS=1 WARN=0 ERROR=0 SKIP=0 NO-OP=0 TOTAL=1
[0m13:31:05.064389 [warn ] [MainThread]: [[33mWARNING[0m][DeprecationsSummary]: Deprecated functionality
Summary of encountered deprecations:
- MissingArgumentsPropertyInGenericTestDeprecation: 2 occurrences
To see all deprecation instances instead of just the first occurrence of each,
run command again with the `--show-all-deprecations` flag. You may also need to
run with `--no-partial-parse` as some deprecations are only encountered during
parsing.
[0m13:31:05.065055 [debug] [MainThread]: Command `dbt seed` succeeded at 13:31:05.064966 after 1.59 seconds
[0m13:31:05.065326 [debug] [MainThread]: Sending event: {'category': 'dbt', 'action': 'invocation', 'label': 'end', 'context': [<snowplow_tracker.self_describing_json.SelfDescribingJson object at 0x000001A341A55810>, <snowplow_tracker.self_describing_json.SelfDescribingJson object at 0x000001A341AAFF50>, <snowplow_tracker.self_describing_json.SelfDescribingJson object at 0x000001A341A639D0>]}
[0m13:31:05.065580 [debug] [MainThread]: Flushing usage events
[0m13:31:05.455682 [debug] [MainThread]: An error was encountered while trying to flush usage events
[0m13:32:17.365661 [debug] [MainThread]: Sending event: {'category': 'dbt', 'action': 'invocation', 'label': 'start', 'context': [<snowplow_tracker.self_describing_json.SelfDescribingJson object at 0x000001F38E79B770>, <snowplow_tracker.self_describing_json.SelfDescribingJson object at 0x000001F38B53B610>, <snowplow_tracker.self_describing_json.SelfDescribingJson object at 0x000001F3909B3B10>]}


============================== 13:32:17.369974 | 7dbef0a3-9a37-464b-8e6c-964ab5d98cbf ==============================
[0m13:32:17.369974 [info ] [MainThread]: Running with dbt=1.11.8
[0m13:32:17.370575 [debug] [MainThread]: running dbt with arguments {'log_format': 'default', 'invocation_command': 'dbt parse', 'no_print': 'None', 'printer_width': '80', 'warn_error_options': 'WarnErrorOptionsV2(error=[], warn=[], silence=[])', 'indirect_selection': 'eager', 'send_anonymous_usage_stats': 'True', 'empty': 'None', 'log_path': 'C:\\Krish\\Project\\sec-edgar-pipeline\\dbt\\logs', 'warn_error': 'None', 'version_check': 'True', 'quiet': 'False', 'cache_selected_only': 'False', 'write_json': 'True', 'use_experimental_parser': 'False', 'partial_parse': 'True', 'use_colors': 'True', 'debug': 'False', 'static_parser': 'True', 'fail_fast': 'False', 'log_cache_events': 'False', 'profiles_dir': 'C:\\Krish\\Project\\sec-edgar-pipeline\\dbt', 'introspect': 'True', 'target_path': 'None'}
[0m13:32:17.582982 [debug] [MainThread]: Sending event: {'category': 'dbt', 'action': 'project_id', 'label': '7dbef0a3-9a37-464b-8e6c-964ab5d98cbf', 'context': [<snowplow_tracker.self_describing_json.SelfDescribingJson object at 0x000001F38ED34510>]}
[0m13:32:17.629053 [debug] [MainThread]: Sending event: {'category': 'dbt', 'action': 'adapter_info', 'label': '7dbef0a3-9a37-464b-8e6c-964ab5d98cbf', 'context': [<snowplow_tracker.self_describing_json.SelfDescribingJson object at 0x000001F390A03240>]}
[0m13:32:17.631191 [info ] [MainThread]: Registered adapter: duckdb=1.10.1
[0m13:32:17.779022 [debug] [MainThread]: checksum: 7d524ac048c2100769df89d592e662e060a73ca564e31bd9c2a37efdfe8d8ab6, vars: {}, profile: , target: , version: 1.11.8
[0m13:32:17.898238 [debug] [MainThread]: Partial parsing enabled: 0 files deleted, 0 files added, 1 files changed.
[0m13:32:17.898904 [debug] [MainThread]: Partial parsing: updated file: sec_edgar://models\silver\schema.yml
[0m13:32:18.276341 [debug] [MainThread]: Sending event: {'category': 'dbt', 'action': 'load_project', 'label': '7dbef0a3-9a37-464b-8e6c-964ab5d98cbf', 'context': [<snowplow_tracker.self_describing_json.SelfDescribingJson object at 0x000001F391149250>]}
[0m13:32:18.279717 [info ] [MainThread]: Performance info: C:\Krish\Project\sec-edgar-pipeline\dbt\target\perf_info.json
[0m13:32:18.373328 [debug] [MainThread]: Wrote artifact WritableManifest to C:\Krish\Project\sec-edgar-pipeline\dbt\target\manifest.json
[0m13:32:18.377422 [debug] [MainThread]: Wrote artifact SemanticManifest to C:\Krish\Project\sec-edgar-pipeline\dbt\target\semantic_manifest.json
[0m13:32:18.378678 [debug] [MainThread]: Command `dbt parse` succeeded at 13:32:18.378471 after 1.11 seconds
[0m13:32:18.379293 [debug] [MainThread]: Sending event: {'category': 'dbt', 'action': 'invocation', 'label': 'end', 'context': [<snowplow_tracker.self_describing_json.SelfDescribingJson object at 0x000001F3909B7110>, <snowplow_tracker.self_describing_json.SelfDescribingJson object at 0x000001F38EAB5B80>, <snowplow_tracker.self_describing_json.SelfDescribingJson object at 0x000001F38F883E70>]}
[0m13:32:18.379672 [debug] [MainThread]: Flushing usage events
[0m13:32:18.773299 [debug] [MainThread]: An error was encountered while trying to flush usage events
[0m13:32:29.121766 [debug] [MainThread]: Sending event: {'category': 'dbt', 'action': 'invocation', 'label': 'start', 'context': [<snowplow_tracker.self_describing_json.SelfDescribingJson object at 0x000002355FE37770>, <snowplow_tracker.self_describing_json.SelfDescribingJson object at 0x000002355CBEB610>, <snowplow_tracker.self_describing_json.SelfDescribingJson object at 0x00000235620DBC50>]}


============================== 13:32:29.125741 | 6cea3b55-6a1e-49f1-82d0-826c262b6dcb ==============================
[0m13:32:29.125741 [info ] [MainThread]: Running with dbt=1.11.8
[0m13:32:29.126480 [debug] [MainThread]: running dbt with arguments {'log_format': 'default', 'invocation_command': 'dbt run --select silver', 'no_print': 'None', 'printer_width': '80', 'warn_error_options': 'WarnErrorOptionsV2(error=[], warn=[], silence=[])', 'indirect_selection': 'eager', 'send_anonymous_usage_stats': 'True', 'empty': 'False', 'log_path': 'C:\\Krish\\Project\\sec-edgar-pipeline\\dbt\\logs', 'warn_error': 'None', 'quiet': 'False', 'version_check': 'True', 'log_cache_events': 'False', 'write_json': 'True', 'use_experimental_parser': 'False', 'fail_fast': 'False', 'use_colors': 'True', 'debug': 'False', 'static_parser': 'True', 'partial_parse': 'True', 'cache_selected_only': 'False', 'profiles_dir': 'C:\\Krish\\Project\\sec-edgar-pipeline\\dbt', 'introspect': 'True', 'target_path': 'None'}
[0m13:32:29.340917 [debug] [MainThread]: Sending event: {'category': 'dbt', 'action': 'project_id', 'label': '6cea3b55-6a1e-49f1-82d0-826c262b6dcb', 'context': [<snowplow_tracker.self_describing_json.SelfDescribingJson object at 0x00000235603C4510>]}
[0m13:32:29.387500 [debug] [MainThread]: Sending event: {'category': 'dbt', 'action': 'adapter_info', 'label': '6cea3b55-6a1e-49f1-82d0-826c262b6dcb', 'context': [<snowplow_tracker.self_describing_json.SelfDescribingJson object at 0x00000235622CCF30>]}
[0m13:32:29.389441 [info ] [MainThread]: Registered adapter: duckdb=1.10.1
[0m13:32:29.542562 [debug] [MainThread]: checksum: 7d524ac048c2100769df89d592e662e060a73ca564e31bd9c2a37efdfe8d8ab6, vars: {}, profile: , target: , version: 1.11.8
[0m13:32:29.679776 [debug] [MainThread]: Partial parsing enabled: 0 files deleted, 0 files added, 0 files changed.
[0m13:32:29.680116 [debug] [MainThread]: Nothing changed, skipping partial parsing.
[0m13:32:29.680346 [debug] [MainThread]: Partial parsing enabled, no changes found, skipping parsing
[0m13:32:29.717877 [debug] [MainThread]: Sending event: {'category': 'dbt', 'action': 'load_project', 'label': '6cea3b55-6a1e-49f1-82d0-826c262b6dcb', 'context': [<snowplow_tracker.self_describing_json.SelfDescribingJson object at 0x000002356218D950>]}
[0m13:32:29.833746 [debug] [MainThread]: Wrote artifact WritableManifest to C:\Krish\Project\sec-edgar-pipeline\dbt\target\manifest.json
[0m13:32:29.836338 [debug] [MainThread]: Wrote artifact SemanticManifest to C:\Krish\Project\sec-edgar-pipeline\dbt\target\semantic_manifest.json
[0m13:32:29.847873 [debug] [MainThread]: Sending event: {'category': 'dbt', 'action': 'resource_counts', 'label': '6cea3b55-6a1e-49f1-82d0-826c262b6dcb', 'context': [<snowplow_tracker.self_describing_json.SelfDescribingJson object at 0x0000023562047980>]}
[0m13:32:29.848264 [info ] [MainThread]: Found 10 models, 28 data tests, 1 seed, 477 macros
[0m13:32:29.848662 [debug] [MainThread]: Sending event: {'category': 'dbt', 'action': 'runnable_timing', 'label': '6cea3b55-6a1e-49f1-82d0-826c262b6dcb', 'context': [<snowplow_tracker.self_describing_json.SelfDescribingJson object at 0x00000235623711D0>]}
[0m13:32:29.850130 [info ] [MainThread]: 
[0m13:32:29.850472 [info ] [MainThread]: Concurrency: 4 threads (target='dev')
[0m13:32:29.850800 [info ] [MainThread]: 
[0m13:32:29.851280 [debug] [MainThread]: Acquiring new duckdb connection 'master'
[0m13:32:29.854707 [debug] [ThreadPool]: Acquiring new duckdb connection 'list_edgar'
[0m13:32:29.982739 [debug] [ThreadPool]: Using duckdb connection "list_edgar"
[0m13:32:29.983067 [debug] [ThreadPool]: On list_edgar: /* {"app": "dbt", "dbt_version": "1.11.8", "profile_name": "sec_edgar", "target_name": "dev", "connection_name": "list_edgar"} */

    
    select schema_name
    from system.information_schema.schemata
    
    where lower(catalog_name) = '"edgar"'
    
  
  
[0m13:32:29.983297 [debug] [ThreadPool]: Opening a new connection, currently in state init
[0m13:32:29.994408 [debug] [ThreadPool]: SQL status: OK in 0.011 seconds
[0m13:32:29.995442 [debug] [ThreadPool]: On list_edgar: Close
[0m13:32:29.996003 [debug] [ThreadPool]: Re-using an available connection from the pool (formerly list_edgar, now create_edgar_main_silver)
[0m13:32:29.996343 [debug] [ThreadPool]: Creating schema "database: "edgar"
schema: "main_silver"
"
[0m13:32:30.000670 [debug] [ThreadPool]: Using duckdb connection "create_edgar_main_silver"
[0m13:32:30.001100 [debug] [ThreadPool]: On create_edgar_main_silver: /* {"app": "dbt", "dbt_version": "1.11.8", "profile_name": "sec_edgar", "target_name": "dev", "connection_name": "create_edgar_main_silver"} */

    
        select type from duckdb_databases()
        where lower(database_name)='edgar'
        and type='sqlite'
    
  
[0m13:32:30.001397 [debug] [ThreadPool]: Opening a new connection, currently in state closed
[0m13:32:30.002356 [debug] [ThreadPool]: SQL status: OK in 0.001 seconds
[0m13:32:30.003337 [debug] [ThreadPool]: Using duckdb connection "create_edgar_main_silver"
[0m13:32:30.003596 [debug] [ThreadPool]: On create_edgar_main_silver: BEGIN
[0m13:32:30.003946 [debug] [ThreadPool]: SQL status: OK in 0.000 seconds
[0m13:32:30.004187 [debug] [ThreadPool]: Using duckdb connection "create_edgar_main_silver"
[0m13:32:30.004547 [debug] [ThreadPool]: On create_edgar_main_silver: /* {"app": "dbt", "dbt_version": "1.11.8", "profile_name": "sec_edgar", "target_name": "dev", "connection_name": "create_edgar_main_silver"} */

    
    
        create schema if not exists "edgar"."main_silver"
    
[0m13:32:30.004980 [debug] [ThreadPool]: SQL status: OK in 0.000 seconds
[0m13:32:30.005577 [debug] [ThreadPool]: On create_edgar_main_silver: COMMIT
[0m13:32:30.005811 [debug] [ThreadPool]: Using duckdb connection "create_edgar_main_silver"
[0m13:32:30.006007 [debug] [ThreadPool]: On create_edgar_main_silver: COMMIT
[0m13:32:30.009124 [debug] [ThreadPool]: SQL status: OK in 0.003 seconds
[0m13:32:30.009411 [debug] [ThreadPool]: On create_edgar_main_silver: Close
[0m13:32:30.010897 [debug] [ThreadPool]: Acquiring new duckdb connection 'list_edgar_main_silver'
[0m13:32:30.011333 [debug] [ThreadPool]: Acquiring new duckdb connection 'list_edgar_main_gold'
[0m13:32:30.015304 [debug] [ThreadPool]: Using duckdb connection "list_edgar_main_silver"
[0m13:32:30.015807 [debug] [ThreadPool]: Acquiring new duckdb connection 'list_edgar_main_bronze'
[0m13:32:30.017149 [debug] [ThreadPool]: Using duckdb connection "list_edgar_main_gold"
[0m13:32:30.017568 [debug] [ThreadPool]: Acquiring new duckdb connection 'list_edgar_main_seeds'
[0m13:32:30.017830 [debug] [ThreadPool]: On list_edgar_main_silver: BEGIN
[0m13:32:30.018894 [debug] [ThreadPool]: Using duckdb connection "list_edgar_main_bronze"
[0m13:32:30.019191 [debug] [ThreadPool]: On list_edgar_main_gold: BEGIN
[0m13:32:30.020308 [debug] [ThreadPool]: Using duckdb connection "list_edgar_main_seeds"
[0m13:32:30.020624 [debug] [ThreadPool]: Opening a new connection, currently in state init
[0m13:32:30.020859 [debug] [ThreadPool]: On list_edgar_main_bronze: BEGIN
[0m13:32:30.021074 [debug] [ThreadPool]: Opening a new connection, currently in state init
[0m13:32:30.021324 [debug] [ThreadPool]: On list_edgar_main_seeds: BEGIN
[0m13:32:30.021708 [debug] [ThreadPool]: Opening a new connection, currently in state init
[0m13:32:30.022033 [debug] [ThreadPool]: Opening a new connection, currently in state init
[0m13:32:30.022300 [debug] [ThreadPool]: SQL status: OK in 0.002 seconds
[0m13:32:30.022559 [debug] [ThreadPool]: SQL status: OK in 0.001 seconds
[0m13:32:30.022994 [debug] [ThreadPool]: SQL status: OK in 0.001 seconds
[0m13:32:30.023273 [debug] [ThreadPool]: Using duckdb connection "list_edgar_main_silver"
[0m13:32:30.023520 [debug] [ThreadPool]: SQL status: OK in 0.001 seconds
[0m13:32:30.023774 [debug] [ThreadPool]: Using duckdb connection "list_edgar_main_gold"
[0m13:32:30.023997 [debug] [ThreadPool]: Using duckdb connection "list_edgar_main_bronze"
[0m13:32:30.024229 [debug] [ThreadPool]: On list_edgar_main_silver: /* {"app": "dbt", "dbt_version": "1.11.8", "profile_name": "sec_edgar", "target_name": "dev", "connection_name": "list_edgar_main_silver"} */
select
      'edgar' as database,
      table_name as name,
      table_schema as schema,
      CASE table_type
        WHEN 'BASE TABLE' THEN 'table'
        WHEN 'VIEW' THEN 'view'
        WHEN 'LOCAL TEMPORARY' THEN 'table'
        END as type
    from system.information_schema.tables
    where lower(table_schema) = 'main_silver'
    and lower(table_catalog) = 'edgar'
  
[0m13:32:30.024504 [debug] [ThreadPool]: Using duckdb connection "list_edgar_main_seeds"
[0m13:32:30.024815 [debug] [ThreadPool]: On list_edgar_main_gold: /* {"app": "dbt", "dbt_version": "1.11.8", "profile_name": "sec_edgar", "target_name": "dev", "connection_name": "list_edgar_main_gold"} */
select
      'edgar' as database,
      table_name as name,
      table_schema as schema,
      CASE table_type
        WHEN 'BASE TABLE' THEN 'table'
        WHEN 'VIEW' THEN 'view'
        WHEN 'LOCAL TEMPORARY' THEN 'table'
        END as type
    from system.information_schema.tables
    where lower(table_schema) = 'main_gold'
    and lower(table_catalog) = 'edgar'
  
[0m13:32:30.025108 [debug] [ThreadPool]: On list_edgar_main_bronze: /* {"app": "dbt", "dbt_version": "1.11.8", "profile_name": "sec_edgar", "target_name": "dev", "connection_name": "list_edgar_main_bronze"} */
select
      'edgar' as database,
      table_name as name,
      table_schema as schema,
      CASE table_type
        WHEN 'BASE TABLE' THEN 'table'
        WHEN 'VIEW' THEN 'view'
        WHEN 'LOCAL TEMPORARY' THEN 'table'
        END as type
    from system.information_schema.tables
    where lower(table_schema) = 'main_bronze'
    and lower(table_catalog) = 'edgar'
  
[0m13:32:30.025651 [debug] [ThreadPool]: On list_edgar_main_seeds: /* {"app": "dbt", "dbt_version": "1.11.8", "profile_name": "sec_edgar", "target_name": "dev", "connection_name": "list_edgar_main_seeds"} */
select
      'edgar' as database,
      table_name as name,
      table_schema as schema,
      CASE table_type
        WHEN 'BASE TABLE' THEN 'table'
        WHEN 'VIEW' THEN 'view'
        WHEN 'LOCAL TEMPORARY' THEN 'table'
        END as type
    from system.information_schema.tables
    where lower(table_schema) = 'main_seeds'
    and lower(table_catalog) = 'edgar'
  
[0m13:32:30.028134 [debug] [ThreadPool]: SQL status: OK in 0.003 seconds
[0m13:32:30.028493 [debug] [ThreadPool]: SQL status: OK in 0.003 seconds
[0m13:32:30.028798 [debug] [ThreadPool]: SQL status: OK in 0.003 seconds
[0m13:32:30.029122 [debug] [ThreadPool]: SQL status: OK in 0.003 seconds
[0m13:32:30.029950 [debug] [ThreadPool]: On list_edgar_main_silver: ROLLBACK
[0m13:32:30.030924 [debug] [ThreadPool]: On list_edgar_main_gold: ROLLBACK
[0m13:32:30.031840 [debug] [ThreadPool]: On list_edgar_main_bronze: ROLLBACK
[0m13:32:30.032676 [debug] [ThreadPool]: On list_edgar_main_seeds: ROLLBACK
[0m13:32:30.034117 [debug] [ThreadPool]: Failed to rollback 'list_edgar_main_silver'
[0m13:32:30.034470 [debug] [ThreadPool]: On list_edgar_main_silver: Close
[0m13:32:30.035276 [debug] [ThreadPool]: Failed to rollback 'list_edgar_main_seeds'
[0m13:32:30.035509 [debug] [ThreadPool]: On list_edgar_main_seeds: Close
[0m13:32:30.035849 [debug] [ThreadPool]: Failed to rollback 'list_edgar_main_gold'
[0m13:32:30.036361 [debug] [ThreadPool]: Failed to rollback 'list_edgar_main_bronze'
[0m13:32:30.036619 [debug] [ThreadPool]: On list_edgar_main_gold: Close
[0m13:32:30.037076 [debug] [ThreadPool]: On list_edgar_main_bronze: Close
[0m13:32:30.038114 [debug] [MainThread]: Sending event: {'category': 'dbt', 'action': 'runnable_timing', 'label': '6cea3b55-6a1e-49f1-82d0-826c262b6dcb', 'context': [<snowplow_tracker.self_describing_json.SelfDescribingJson object at 0x0000023562B5C870>]}
[0m13:32:30.038458 [debug] [MainThread]: Using duckdb connection "master"
[0m13:32:30.038663 [debug] [MainThread]: On master: BEGIN
[0m13:32:30.038841 [debug] [MainThread]: Opening a new connection, currently in state init
[0m13:32:30.039207 [debug] [MainThread]: SQL status: OK in 0.000 seconds
[0m13:32:30.039430 [debug] [MainThread]: On master: COMMIT
[0m13:32:30.039629 [debug] [MainThread]: Using duckdb connection "master"
[0m13:32:30.039815 [debug] [MainThread]: On master: COMMIT
[0m13:32:30.040117 [debug] [MainThread]: SQL status: OK in 0.000 seconds
[0m13:32:30.040341 [debug] [MainThread]: On master: Close
[0m13:32:30.043007 [debug] [Thread-1 (]: Began running node model.sec_edgar.stg_companies
[0m13:32:30.043352 [debug] [Thread-2 (]: Began running node model.sec_edgar.stg_financials
[0m13:32:30.043788 [info ] [Thread-1 (]: 1 of 3 START sql table model main_silver.stg_companies ......................... [RUN]
[0m13:32:30.044675 [debug] [Thread-1 (]: Acquiring new duckdb connection 'model.sec_edgar.stg_companies'
[0m13:32:30.044197 [info ] [Thread-2 (]: 2 of 3 START sql table model main_silver.stg_financials ........................ [RUN]
[0m13:32:30.045169 [debug] [Thread-1 (]: Began compiling node model.sec_edgar.stg_companies
[0m13:32:30.045585 [debug] [Thread-2 (]: Acquiring new duckdb connection 'model.sec_edgar.stg_financials'
[0m13:32:30.050892 [debug] [Thread-1 (]: Writing injected SQL for node "model.sec_edgar.stg_companies"
[0m13:32:30.051256 [debug] [Thread-2 (]: Began compiling node model.sec_edgar.stg_financials
[0m13:32:30.055490 [debug] [Thread-2 (]: Writing injected SQL for node "model.sec_edgar.stg_financials"
[0m13:32:30.056796 [debug] [Thread-1 (]: Began executing node model.sec_edgar.stg_companies
[0m13:32:30.057133 [debug] [Thread-2 (]: Began executing node model.sec_edgar.stg_financials
[0m13:32:30.088722 [debug] [Thread-1 (]: Writing runtime sql for node "model.sec_edgar.stg_companies"
[0m13:32:30.090682 [debug] [Thread-2 (]: Writing runtime sql for node "model.sec_edgar.stg_financials"
[0m13:32:30.092272 [debug] [Thread-1 (]: Using duckdb connection "model.sec_edgar.stg_companies"
[0m13:32:30.092836 [debug] [Thread-2 (]: Using duckdb connection "model.sec_edgar.stg_financials"
[0m13:32:30.093153 [debug] [Thread-1 (]: On model.sec_edgar.stg_companies: BEGIN
[0m13:32:30.093475 [debug] [Thread-2 (]: On model.sec_edgar.stg_financials: BEGIN
[0m13:32:30.093921 [debug] [Thread-1 (]: Opening a new connection, currently in state init
[0m13:32:30.094263 [debug] [Thread-2 (]: Opening a new connection, currently in state init
[0m13:32:30.095019 [debug] [Thread-1 (]: SQL status: OK in 0.001 seconds
[0m13:32:30.095318 [debug] [Thread-1 (]: Using duckdb connection "model.sec_edgar.stg_companies"
[0m13:32:30.095616 [debug] [Thread-2 (]: SQL status: OK in 0.001 seconds
[0m13:32:30.095977 [debug] [Thread-1 (]: On model.sec_edgar.stg_companies: /* {"app": "dbt", "dbt_version": "1.11.8", "profile_name": "sec_edgar", "target_name": "dev", "node_id": "model.sec_edgar.stg_companies"} */

  
    
    

    create  table
      "edgar"."main_silver"."stg_companies__dbt_tmp"
  
    as (
      -- Silver: stg_companies
--
-- Flattens company metadata from the raw submissions feed.
-- One row per company — deduplicated to the most recently loaded record.
--
-- Key transforms:
--   - CIK zero-padded to 10-digit string
--   - Primary ticker and exchange extracted from JSON arrays
--   - SIC code cast to string for consistent joining



with raw as (
    select * from "edgar"."main_bronze"."raw_submissions"
)

select
    lpad(cik_raw, 10, '0')                          as cik,
    company_name_raw                                 as company_name,
    sic_raw                                          as sic_code,
    sic_description_raw                              as sic_description,
    state_of_incorporation_raw                       as state_of_incorporation,
    -- tickers and exchanges are JSON arrays — extract the first (primary) value
    json_extract_string(tickers_raw,  '$[0]')        as primary_ticker,
    json_extract_string(exchanges_raw,'$[0]')        as primary_exchange,
    loaded_at

from raw
-- If the same company was loaded more than once, keep only the freshest record
qualify row_number() over (
    partition by cik_raw
    order by loaded_at desc
) = 1
    );
  
  
[0m13:32:30.096362 [debug] [Thread-2 (]: Using duckdb connection "model.sec_edgar.stg_financials"
[0m13:32:30.098039 [debug] [Thread-2 (]: On model.sec_edgar.stg_financials: /* {"app": "dbt", "dbt_version": "1.11.8", "profile_name": "sec_edgar", "target_name": "dev", "node_id": "model.sec_edgar.stg_financials"} */

  
    
    

    create  table
      "edgar"."main_silver"."stg_financials__dbt_tmp"
  
    as (
      -- Silver: stg_financials
--
-- The hardest model in the project. Transforms the raw XBRL JSON blob into
-- clean, flat, deduplicated financial fact rows.
--
-- Five engineering problems solved here:
--   1. Unnesting   — the JSON is 3 levels deep before we reach individual values
--   2. Tag synonyms — Revenue has 6+ different concept names across companies
--   3. Amendments  — 10-K/A filings supersede the original; keep only the latest
--   4. Period overlap — 10-K and 10-Q both report Q4 data; keep one source
--   5. CIK format  — standardize to 10-digit zero-padded string



with

-- ── Step 1: Extract the us-gaap blob ─────────────────────────────────────────
-- We pull facts -> us-gaap out first using DuckDB's -> operator.
-- This avoids JSONPath hyphen issues with '$.us-gaap' in later steps.
bronze as (
    select
        lpad(cik_raw, 10, '0')             as cik,
        entity_name,
        facts_blob -> 'us-gaap'            as us_gaap_blob
    from "edgar"."main_bronze"."raw_company_facts"
    where facts_blob -> 'us-gaap' is not null
),

-- ── Step 2: Explode concept keys and filter immediately ───────────────────────
-- json_keys() returns all GAAP concept names as a VARCHAR[] for each company.
-- We join to gaap_tag_synonyms RIGHT HERE — before unnesting values —
-- so we only process the ~20 concepts we care about, not the 500+ in each file.
-- This reduces the row count by ~99% before the expensive value unnest.
concept_keys as (
    select
        b.cik,
        b.entity_name,
        b.us_gaap_blob,
        t.concept_name
    from bronze b,
        unnest(json_keys(b.us_gaap_blob)) as t(concept_name)
    -- inner join filters to only tracked synonyms
    inner join "edgar"."main_seeds"."gaap_tag_synonyms" s
        on t.concept_name = s.synonym_tag
),

-- ── Step 3: Unnest the USD values array for each concept ──────────────────────
-- json_extract builds the path: $.{concept}.units.USD
-- Returns a JSON array of filing entries like:
--   [{"val": 394328000000, "end": "2022-09-24", "form": "10-K", ...}, ...]
-- Casting to json[] and unnesting produces one row per filing entry.
unnested as (
    select
        cik,
        entity_name,
        concept_name                        as raw_concept,
        entry
    from concept_keys,
        unnest(
            json_extract(
                us_gaap_blob,
                '$.' || concept_name || '.units.USD'
            )::json[]
        ) as t(entry)
    where
        json_extract(us_gaap_blob, '$.' || concept_name || '.units.USD') is not null
),

-- ── Step 4: Parse JSON fields into typed columns ──────────────────────────────
-- ->> extracts a JSON field as text; try_cast handles malformed dates safely.
extracted as (
    select
        cik,
        entity_name,
        raw_concept,
        

coalesce(
    (
        select s.canonical_tag
        from "edgar"."main_seeds"."gaap_tag_synonyms" s
        where s.synonym_tag = raw_concept
        limit 1
    ),
    raw_concept
)
         as canonical_concept,
        try_cast(entry ->> 'val'    as double)          as reported_value,
        try_cast(entry ->> 'start'  as date)            as period_start,
        try_cast(entry ->> 'end'    as date)            as period_end,
        (entry ->> 'accn')                              as accession_number,
        upper(entry ->> 'form')                         as form_type,
        try_cast(entry ->> 'filed'  as date)            as filed_date,
        (entry ->> 'fp')                                as fiscal_period_label,
        -- Balance sheet items have no start date (point-in-time snapshot)
        -- Income statement items have both start and end (flow over a period)
        case
            when (entry ->> 'start') is null then 'instant'
            else 'duration'
        end                                             as value_type
    from unnested
    where
        try_cast(entry ->> 'val'   as double) is not null
        and try_cast(entry ->> 'end' as date) is not null
),

-- ── Step 5: Remove duplicate amendments ──────────────────────────────────────
-- A 10-K/A (amendment) supersedes the original 10-K for the same period.
-- Keep only the row with the latest filed_date per
-- (company, concept, period_end, form_type).
-- ROW_NUMBER = 1 is the most recently filed version.
deduped_amendments as (
    select
        *,
        row_number() over (
            partition by cik, canonical_concept, period_end, form_type
            order by filed_date desc nulls last
        ) as rn
    from extracted
),

latest_only as (
    select * exclude (rn)
    from deduped_amendments
    where rn = 1
),

-- ── Step 6: Remove 10-K / 10-Q period overlap ─────────────────────────────────
-- Annual 10-K filings contain Q4 and full-year data that also appears in 10-Qs.
-- Rule: Q1/Q2/Q3 → prefer 10-Q.  Q4 and FY → prefer 10-K.
-- ROW_NUMBER = 1 picks the preferred form type for each period.
form_deduped as (
    select
        *,
        

ceil(month(period_end) / 3.0)::integer
              as calendar_quarter,
        year(period_end)                                as period_year,
        row_number() over (
            partition by cik, canonical_concept, period_end
            order by
                case
                    when 

ceil(month(period_end) / 3.0)::integer
 in (1, 2, 3)
                         and form_type = '10-Q'         then 1
                    when 

ceil(month(period_end) / 3.0)::integer
 = 4
                         and form_type = '10-K'         then 1
                    when fiscal_period_label = 'FY'
                         and form_type = '10-K'         then 1
                    else 2
                end
        ) as form_rn
    from latest_only
)

select * exclude (form_rn)
from form_deduped
where form_rn = 1
    );
  
  
[0m13:32:30.103492 [debug] [Thread-2 (]: DuckDB adapter: duckdb error: Binder Error: No function matches the given name and argument types 'json_extract(JSON, BOOLEAN)'. You might need to add explicit type casts.
	Candidate functions:
	json_extract(VARCHAR, BIGINT) -> JSON
	json_extract(VARCHAR, VARCHAR) -> JSON
	json_extract(VARCHAR, VARCHAR[]) -> JSON[]
	json_extract(JSON, BIGINT) -> JSON
	json_extract(JSON, VARCHAR) -> JSON
	json_extract(JSON, VARCHAR[]) -> JSON[]

[0m13:32:30.104244 [debug] [Thread-2 (]: DuckDB adapter: Error running SQL: /* {"app": "dbt", "dbt_version": "1.11.8", "profile_name": "sec_edgar", "target_name": "dev", "node_id": "model.sec_edgar.stg_financials"} */

  
    
    

    create  table
      "edgar"."main_silver"."stg_financials__dbt_tmp"
  
    as (
      -- Silver: stg_financials
--
-- The hardest model in the project. Transforms the raw XBRL JSON blob into
-- clean, flat, deduplicated financial fact rows.
--
-- Five engineering problems solved here:
--   1. Unnesting   — the JSON is 3 levels deep before we reach individual values
--   2. Tag synonyms — Revenue has 6+ different concept names across companies
--   3. Amendments  — 10-K/A filings supersede the original; keep only the latest
--   4. Period overlap — 10-K and 10-Q both report Q4 data; keep one source
--   5. CIK format  — standardize to 10-digit zero-padded string



with

-- ── Step 1: Extract the us-gaap blob ─────────────────────────────────────────
-- We pull facts -> us-gaap out first using DuckDB's -> operator.
-- This avoids JSONPath hyphen issues with '$.us-gaap' in later steps.
bronze as (
    select
        lpad(cik_raw, 10, '0')             as cik,
        entity_name,
        facts_blob -> 'us-gaap'            as us_gaap_blob
    from "edgar"."main_bronze"."raw_company_facts"
    where facts_blob -> 'us-gaap' is not null
),

-- ── Step 2: Explode concept keys and filter immediately ───────────────────────
-- json_keys() returns all GAAP concept names as a VARCHAR[] for each company.
-- We join to gaap_tag_synonyms RIGHT HERE — before unnesting values —
-- so we only process the ~20 concepts we care about, not the 500+ in each file.
-- This reduces the row count by ~99% before the expensive value unnest.
concept_keys as (
    select
        b.cik,
        b.entity_name,
        b.us_gaap_blob,
        t.concept_name
    from bronze b,
        unnest(json_keys(b.us_gaap_blob)) as t(concept_name)
    -- inner join filters to only tracked synonyms
    inner join "edgar"."main_seeds"."gaap_tag_synonyms" s
        on t.concept_name = s.synonym_tag
),

-- ── Step 3: Unnest the USD values array for each concept ──────────────────────
-- json_extract builds the path: $.{concept}.units.USD
-- Returns a JSON array of filing entries like:
--   [{"val": 394328000000, "end": "2022-09-24", "form": "10-K", ...}, ...]
-- Casting to json[] and unnesting produces one row per filing entry.
unnested as (
    select
        cik,
        entity_name,
        concept_name                        as raw_concept,
        entry
    from concept_keys,
        unnest(
            json_extract(
                us_gaap_blob,
                '$.' || concept_name || '.units.USD'
            )::json[]
        ) as t(entry)
    where
        json_extract(us_gaap_blob, '$.' || concept_name || '.units.USD') is not null
),

-- ── Step 4: Parse JSON fields into typed columns ──────────────────────────────
-- ->> extracts a JSON field as text; try_cast handles malformed dates safely.
extracted as (
    select
        cik,
        entity_name,
        raw_concept,
        

coalesce(
    (
        select s.canonical_tag
        from "edgar"."main_seeds"."gaap_tag_synonyms" s
        where s.synonym_tag = raw_concept
        limit 1
    ),
    raw_concept
)
         as canonical_concept,
        try_cast(entry ->> 'val'    as double)          as reported_value,
        try_cast(entry ->> 'start'  as date)            as period_start,
        try_cast(entry ->> 'end'    as date)            as period_end,
        (entry ->> 'accn')                              as accession_number,
        upper(entry ->> 'form')                         as form_type,
        try_cast(entry ->> 'filed'  as date)            as filed_date,
        (entry ->> 'fp')                                as fiscal_period_label,
        -- Balance sheet items have no start date (point-in-time snapshot)
        -- Income statement items have both start and end (flow over a period)
        case
            when (entry ->> 'start') is null then 'instant'
            else 'duration'
        end                                             as value_type
    from unnested
    where
        try_cast(entry ->> 'val'   as double) is not null
        and try_cast(entry ->> 'end' as date) is not null
),

-- ── Step 5: Remove duplicate amendments ──────────────────────────────────────
-- A 10-K/A (amendment) supersedes the original 10-K for the same period.
-- Keep only the row with the latest filed_date per
-- (company, concept, period_end, form_type).
-- ROW_NUMBER = 1 is the most recently filed version.
deduped_amendments as (
    select
        *,
        row_number() over (
            partition by cik, canonical_concept, period_end, form_type
            order by filed_date desc nulls last
        ) as rn
    from extracted
),

latest_only as (
    select * exclude (rn)
    from deduped_amendments
    where rn = 1
),

-- ── Step 6: Remove 10-K / 10-Q period overlap ─────────────────────────────────
-- Annual 10-K filings contain Q4 and full-year data that also appears in 10-Qs.
-- Rule: Q1/Q2/Q3 → prefer 10-Q.  Q4 and FY → prefer 10-K.
-- ROW_NUMBER = 1 picks the preferred form type for each period.
form_deduped as (
    select
        *,
        

ceil(month(period_end) / 3.0)::integer
              as calendar_quarter,
        year(period_end)                                as period_year,
        row_number() over (
            partition by cik, canonical_concept, period_end
            order by
                case
                    when 

ceil(month(period_end) / 3.0)::integer
 in (1, 2, 3)
                         and form_type = '10-Q'         then 1
                    when 

ceil(month(period_end) / 3.0)::integer
 = 4
                         and form_type = '10-K'         then 1
                    when fiscal_period_label = 'FY'
                         and form_type = '10-K'         then 1
                    else 2
                end
        ) as form_rn
    from latest_only
)

select * exclude (form_rn)
from form_deduped
where form_rn = 1
    );
  
  
[0m13:32:30.104941 [debug] [Thread-2 (]: DuckDB adapter: Rolling back transaction.
[0m13:32:30.105241 [debug] [Thread-2 (]: On model.sec_edgar.stg_financials: ROLLBACK
[0m13:32:30.108247 [debug] [Thread-2 (]: Failed to rollback 'model.sec_edgar.stg_financials'
[0m13:32:30.108674 [debug] [Thread-2 (]: On model.sec_edgar.stg_financials: Close
[0m13:32:30.112151 [debug] [Thread-1 (]: SQL status: OK in 0.015 seconds
[0m13:32:30.117145 [debug] [Thread-1 (]: Using duckdb connection "model.sec_edgar.stg_companies"
[0m13:32:30.117630 [debug] [Thread-1 (]: On model.sec_edgar.stg_companies: /* {"app": "dbt", "dbt_version": "1.11.8", "profile_name": "sec_edgar", "target_name": "dev", "node_id": "model.sec_edgar.stg_companies"} */
alter table "edgar"."main_silver"."stg_companies__dbt_tmp" rename to "stg_companies"
[0m13:32:30.118403 [debug] [Thread-1 (]: SQL status: OK in 0.000 seconds
[0m13:32:30.130202 [debug] [Thread-1 (]: On model.sec_edgar.stg_companies: COMMIT
[0m13:32:30.130603 [debug] [Thread-1 (]: Using duckdb connection "model.sec_edgar.stg_companies"
[0m13:32:30.130968 [debug] [Thread-1 (]: On model.sec_edgar.stg_companies: COMMIT
[0m13:32:30.132584 [debug] [Thread-1 (]: SQL status: OK in 0.001 seconds
[0m13:32:30.136999 [debug] [Thread-1 (]: Using duckdb connection "model.sec_edgar.stg_companies"
[0m13:32:30.137291 [debug] [Thread-1 (]: On model.sec_edgar.stg_companies: /* {"app": "dbt", "dbt_version": "1.11.8", "profile_name": "sec_edgar", "target_name": "dev", "node_id": "model.sec_edgar.stg_companies"} */

      drop table if exists "edgar"."main_silver"."stg_companies__dbt_backup" cascade
    
[0m13:32:30.139415 [debug] [Thread-2 (]: Runtime Error in model stg_financials (models\silver\stg_financials.sql)
  Binder Error: No function matches the given name and argument types 'json_extract(JSON, BOOLEAN)'. You might need to add explicit type casts.
  	Candidate functions:
  	json_extract(VARCHAR, BIGINT) -> JSON
  	json_extract(VARCHAR, VARCHAR) -> JSON
  	json_extract(VARCHAR, VARCHAR[]) -> JSON[]
  	json_extract(JSON, BIGINT) -> JSON
  	json_extract(JSON, VARCHAR) -> JSON
  	json_extract(JSON, VARCHAR[]) -> JSON[]
  
[0m13:32:30.139769 [debug] [Thread-1 (]: SQL status: OK in 0.002 seconds
[0m13:32:30.142414 [debug] [Thread-1 (]: On model.sec_edgar.stg_companies: Close
[0m13:32:30.143476 [debug] [Thread-2 (]: Sending event: {'category': 'dbt', 'action': 'run_model', 'label': '6cea3b55-6a1e-49f1-82d0-826c262b6dcb', 'context': [<snowplow_tracker.self_describing_json.SelfDescribingJson object at 0x000002356290F650>]}
[0m13:32:30.143799 [debug] [Thread-1 (]: Sending event: {'category': 'dbt', 'action': 'run_model', 'label': '6cea3b55-6a1e-49f1-82d0-826c262b6dcb', 'context': [<snowplow_tracker.self_describing_json.SelfDescribingJson object at 0x0000023562905910>]}
[0m13:32:30.144258 [error] [Thread-2 (]: 2 of 3 ERROR creating sql table model main_silver.stg_financials ............... [[31mERROR[0m in 0.09s]
[0m13:32:30.145301 [debug] [Thread-2 (]: Finished running node model.sec_edgar.stg_financials
[0m13:32:30.144788 [info ] [Thread-1 (]: 1 of 3 OK created sql table model main_silver.stg_companies .................... [[32mOK[0m in 0.10s]
[0m13:32:30.145827 [debug] [Thread-7 (]: Marking all children of 'model.sec_edgar.stg_financials' to be skipped because of status 'error'.  Reason: Runtime Error in model stg_financials (models\silver\stg_financials.sql)
  Binder Error: No function matches the given name and argument types 'json_extract(JSON, BOOLEAN)'. You might need to add explicit type casts.
  	Candidate functions:
  	json_extract(VARCHAR, BIGINT) -> JSON
  	json_extract(VARCHAR, VARCHAR) -> JSON
  	json_extract(VARCHAR, VARCHAR[]) -> JSON[]
  	json_extract(JSON, BIGINT) -> JSON
  	json_extract(JSON, VARCHAR) -> JSON
  	json_extract(JSON, VARCHAR[]) -> JSON[]
  .
[0m13:32:30.146297 [debug] [Thread-1 (]: Finished running node model.sec_edgar.stg_companies
[0m13:32:30.147199 [debug] [Thread-3 (]: Began running node model.sec_edgar.stg_filing_periods
[0m13:32:30.147529 [info ] [Thread-3 (]: 3 of 3 SKIP relation main_silver.stg_filing_periods ............................ [[33mSKIP[0m]
[0m13:32:30.147923 [debug] [Thread-3 (]: Finished running node model.sec_edgar.stg_filing_periods
[0m13:32:30.148936 [debug] [MainThread]: Using duckdb connection "master"
[0m13:32:30.149186 [debug] [MainThread]: On master: BEGIN
[0m13:32:30.149376 [debug] [MainThread]: Opening a new connection, currently in state closed
[0m13:32:30.149825 [debug] [MainThread]: SQL status: OK in 0.000 seconds
[0m13:32:30.150051 [debug] [MainThread]: On master: COMMIT
[0m13:32:30.150251 [debug] [MainThread]: Using duckdb connection "master"
[0m13:32:30.150437 [debug] [MainThread]: On master: COMMIT
[0m13:32:30.150763 [debug] [MainThread]: SQL status: OK in 0.000 seconds
[0m13:32:30.151001 [debug] [MainThread]: On master: Close
[0m13:32:30.151252 [debug] [MainThread]: Connection 'master' was properly closed.
[0m13:32:30.151431 [debug] [MainThread]: Connection 'create_edgar_main_silver' was properly closed.
[0m13:32:30.151605 [debug] [MainThread]: Connection 'list_edgar_main_silver' was properly closed.
[0m13:32:30.151785 [debug] [MainThread]: Connection 'list_edgar_main_gold' was properly closed.
[0m13:32:30.151956 [debug] [MainThread]: Connection 'list_edgar_main_bronze' was properly closed.
[0m13:32:30.152117 [debug] [MainThread]: Connection 'list_edgar_main_seeds' was properly closed.
[0m13:32:30.152273 [debug] [MainThread]: Connection 'model.sec_edgar.stg_companies' was properly closed.
[0m13:32:30.152425 [debug] [MainThread]: Connection 'model.sec_edgar.stg_financials' was properly closed.
[0m13:32:30.152639 [info ] [MainThread]: 
[0m13:32:30.153056 [info ] [MainThread]: Finished running 3 table models in 0 hours 0 minutes and 0.30 seconds (0.30s).
[0m13:32:30.153769 [debug] [MainThread]: Command end result
[0m13:32:30.177951 [debug] [MainThread]: Wrote artifact WritableManifest to C:\Krish\Project\sec-edgar-pipeline\dbt\target\manifest.json
[0m13:32:30.180788 [debug] [MainThread]: Wrote artifact SemanticManifest to C:\Krish\Project\sec-edgar-pipeline\dbt\target\semantic_manifest.json
[0m13:32:30.185685 [debug] [MainThread]: Wrote artifact RunExecutionResult to C:\Krish\Project\sec-edgar-pipeline\dbt\target\run_results.json
[0m13:32:30.186026 [info ] [MainThread]: 
[0m13:32:30.186464 [info ] [MainThread]: [31mCompleted with 1 error, 0 partial successes, and 0 warnings:[0m
[0m13:32:30.186803 [info ] [MainThread]: 
[0m13:32:30.187222 [error] [MainThread]: [31mFailure in model stg_financials (models\silver\stg_financials.sql)[0m
[0m13:32:30.187618 [error] [MainThread]:   Runtime Error in model stg_financials (models\silver\stg_financials.sql)
  Binder Error: No function matches the given name and argument types 'json_extract(JSON, BOOLEAN)'. You might need to add explicit type casts.
  	Candidate functions:
  	json_extract(VARCHAR, BIGINT) -> JSON
  	json_extract(VARCHAR, VARCHAR) -> JSON
  	json_extract(VARCHAR, VARCHAR[]) -> JSON[]
  	json_extract(JSON, BIGINT) -> JSON
  	json_extract(JSON, VARCHAR) -> JSON
  	json_extract(JSON, VARCHAR[]) -> JSON[]
  
[0m13:32:30.188001 [info ] [MainThread]: 
[0m13:32:30.188310 [info ] [MainThread]:   compiled code at target\compiled\sec_edgar\models\silver\stg_financials.sql
[0m13:32:30.188580 [info ] [MainThread]: 
[0m13:32:30.188880 [info ] [MainThread]: Done. PASS=1 WARN=0 ERROR=1 SKIP=1 NO-OP=0 TOTAL=3
[0m13:32:30.189463 [debug] [MainThread]: Command `dbt run` failed at 13:32:30.189369 after 1.20 seconds
[0m13:32:30.189759 [debug] [MainThread]: Sending event: {'category': 'dbt', 'action': 'invocation', 'label': 'end', 'context': [<snowplow_tracker.self_describing_json.SelfDescribingJson object at 0x0000023562C27610>, <snowplow_tracker.self_describing_json.SelfDescribingJson object at 0x0000023562B2BD10>, <snowplow_tracker.self_describing_json.SelfDescribingJson object at 0x0000023562A52350>]}
[0m13:32:30.190038 [debug] [MainThread]: Flushing usage events
[0m13:32:30.607201 [debug] [MainThread]: An error was encountered while trying to flush usage events
[0m13:35:02.635660 [debug] [MainThread]: Sending event: {'category': 'dbt', 'action': 'invocation', 'label': 'start', 'context': [<snowplow_tracker.self_describing_json.SelfDescribingJson object at 0x00000240BD4EF770>, <snowplow_tracker.self_describing_json.SelfDescribingJson object at 0x00000240BA35B610>, <snowplow_tracker.self_describing_json.SelfDescribingJson object at 0x00000240BF79BC50>]}


============================== 13:35:02.639619 | c72a9450-709c-4caf-aea0-c3f63f93f377 ==============================
[0m13:35:02.639619 [info ] [MainThread]: Running with dbt=1.11.8
[0m13:35:02.640395 [debug] [MainThread]: running dbt with arguments {'target_path': 'None', 'invocation_command': 'dbt run --select stg_financials --no-partial-parse', 'no_print': 'None', 'printer_width': '80', 'warn_error_options': 'WarnErrorOptionsV2(error=[], warn=[], silence=[])', 'indirect_selection': 'eager', 'send_anonymous_usage_stats': 'True', 'empty': 'False', 'log_path': 'C:\\Krish\\Project\\sec-edgar-pipeline\\dbt\\logs', 'warn_error': 'None', 'version_check': 'True', 'quiet': 'False', 'cache_selected_only': 'False', 'use_experimental_parser': 'False', 'write_json': 'True', 'partial_parse': 'False', 'use_colors': 'True', 'fail_fast': 'False', 'static_parser': 'True', 'debug': 'False', 'log_cache_events': 'False', 'profiles_dir': 'C:\\Krish\\Project\\sec-edgar-pipeline\\dbt', 'introspect': 'True', 'log_format': 'default'}
[0m13:35:02.849003 [debug] [MainThread]: Sending event: {'category': 'dbt', 'action': 'project_id', 'label': 'c72a9450-709c-4caf-aea0-c3f63f93f377', 'context': [<snowplow_tracker.self_describing_json.SelfDescribingJson object at 0x00000240BDA84510>]}
[0m13:35:02.895079 [debug] [MainThread]: Sending event: {'category': 'dbt', 'action': 'adapter_info', 'label': 'c72a9450-709c-4caf-aea0-c3f63f93f377', 'context': [<snowplow_tracker.self_describing_json.SelfDescribingJson object at 0x00000240BF92CF30>]}
[0m13:35:02.897391 [info ] [MainThread]: Registered adapter: duckdb=1.10.1
[0m13:35:03.045508 [debug] [MainThread]: checksum: 7d524ac048c2100769df89d592e662e060a73ca564e31bd9c2a37efdfe8d8ab6, vars: {}, profile: , target: , version: 1.11.8
[0m13:35:03.046484 [debug] [MainThread]: Partial parsing not enabled
[0m13:35:04.163511 [debug] [MainThread]: Sending event: {'category': 'dbt', 'action': 'load_project', 'label': 'c72a9450-709c-4caf-aea0-c3f63f93f377', 'context': [<snowplow_tracker.self_describing_json.SelfDescribingJson object at 0x00000240BFE26150>]}
[0m13:35:04.242045 [debug] [MainThread]: Wrote artifact WritableManifest to C:\Krish\Project\sec-edgar-pipeline\dbt\target\manifest.json
[0m13:35:04.244787 [debug] [MainThread]: Wrote artifact SemanticManifest to C:\Krish\Project\sec-edgar-pipeline\dbt\target\semantic_manifest.json
[0m13:35:04.255682 [debug] [MainThread]: Sending event: {'category': 'dbt', 'action': 'resource_counts', 'label': 'c72a9450-709c-4caf-aea0-c3f63f93f377', 'context': [<snowplow_tracker.self_describing_json.SelfDescribingJson object at 0x00000240BF705F40>]}
[0m13:35:04.256078 [info ] [MainThread]: Found 10 models, 28 data tests, 1 seed, 477 macros
[0m13:35:04.256591 [debug] [MainThread]: Sending event: {'category': 'dbt', 'action': 'runnable_timing', 'label': 'c72a9450-709c-4caf-aea0-c3f63f93f377', 'context': [<snowplow_tracker.self_describing_json.SelfDescribingJson object at 0x00000240C0368F30>]}
[0m13:35:04.258100 [info ] [MainThread]: 
[0m13:35:04.258475 [info ] [MainThread]: Concurrency: 4 threads (target='dev')
[0m13:35:04.258754 [info ] [MainThread]: 
[0m13:35:04.259146 [debug] [MainThread]: Acquiring new duckdb connection 'master'
[0m13:35:04.259945 [debug] [ThreadPool]: Acquiring new duckdb connection 'list_edgar'
[0m13:35:04.385211 [debug] [ThreadPool]: Using duckdb connection "list_edgar"
[0m13:35:04.385536 [debug] [ThreadPool]: On list_edgar: /* {"app": "dbt", "dbt_version": "1.11.8", "profile_name": "sec_edgar", "target_name": "dev", "connection_name": "list_edgar"} */

    
    select schema_name
    from system.information_schema.schemata
    
    where lower(catalog_name) = '"edgar"'
    
  
  
[0m13:35:04.385761 [debug] [ThreadPool]: Opening a new connection, currently in state init
[0m13:35:04.396890 [debug] [ThreadPool]: SQL status: OK in 0.011 seconds
[0m13:35:04.397921 [debug] [ThreadPool]: On list_edgar: Close
[0m13:35:04.398688 [debug] [ThreadPool]: Re-using an available connection from the pool (formerly list_edgar, now create_edgar_main_silver)
[0m13:35:04.399086 [debug] [ThreadPool]: Creating schema "database: "edgar"
schema: "main_silver"
"
[0m13:35:04.403420 [debug] [ThreadPool]: Using duckdb connection "create_edgar_main_silver"
[0m13:35:04.403683 [debug] [ThreadPool]: On create_edgar_main_silver: /* {"app": "dbt", "dbt_version": "1.11.8", "profile_name": "sec_edgar", "target_name": "dev", "connection_name": "create_edgar_main_silver"} */

    
        select type from duckdb_databases()
        where lower(database_name)='edgar'
        and type='sqlite'
    
  
[0m13:35:04.403896 [debug] [ThreadPool]: Opening a new connection, currently in state closed
[0m13:35:04.404554 [debug] [ThreadPool]: SQL status: OK in 0.001 seconds
[0m13:35:04.405423 [debug] [ThreadPool]: Using duckdb connection "create_edgar_main_silver"
[0m13:35:04.405661 [debug] [ThreadPool]: On create_edgar_main_silver: BEGIN
[0m13:35:04.405996 [debug] [ThreadPool]: SQL status: OK in 0.000 seconds
[0m13:35:04.406228 [debug] [ThreadPool]: Using duckdb connection "create_edgar_main_silver"
[0m13:35:04.406432 [debug] [ThreadPool]: On create_edgar_main_silver: /* {"app": "dbt", "dbt_version": "1.11.8", "profile_name": "sec_edgar", "target_name": "dev", "connection_name": "create_edgar_main_silver"} */

    
    
        create schema if not exists "edgar"."main_silver"
    
[0m13:35:04.406789 [debug] [ThreadPool]: SQL status: OK in 0.000 seconds
[0m13:35:04.407354 [debug] [ThreadPool]: On create_edgar_main_silver: COMMIT
[0m13:35:04.407592 [debug] [ThreadPool]: Using duckdb connection "create_edgar_main_silver"
[0m13:35:04.407795 [debug] [ThreadPool]: On create_edgar_main_silver: COMMIT
[0m13:35:04.408109 [debug] [ThreadPool]: SQL status: OK in 0.000 seconds
[0m13:35:04.408347 [debug] [ThreadPool]: On create_edgar_main_silver: Close
[0m13:35:04.412281 [debug] [ThreadPool]: Acquiring new duckdb connection 'list_edgar_main_silver'
[0m13:35:04.416460 [debug] [ThreadPool]: Using duckdb connection "list_edgar_main_silver"
[0m13:35:04.416970 [debug] [ThreadPool]: On list_edgar_main_silver: BEGIN
[0m13:35:04.417594 [debug] [ThreadPool]: Acquiring new duckdb connection 'list_edgar_main_gold'
[0m13:35:04.417885 [debug] [ThreadPool]: Opening a new connection, currently in state init
[0m13:35:04.419209 [debug] [ThreadPool]: Using duckdb connection "list_edgar_main_gold"
[0m13:35:04.419583 [debug] [ThreadPool]: Acquiring new duckdb connection 'list_edgar_main_seeds'
[0m13:35:04.419975 [debug] [ThreadPool]: On list_edgar_main_gold: BEGIN
[0m13:35:04.421103 [debug] [ThreadPool]: Using duckdb connection "list_edgar_main_seeds"
[0m13:35:04.421396 [debug] [ThreadPool]: SQL status: OK in 0.004 seconds
[0m13:35:04.421741 [debug] [ThreadPool]: Acquiring new duckdb connection 'list_edgar_main_bronze'
[0m13:35:04.422003 [debug] [ThreadPool]: Opening a new connection, currently in state init
[0m13:35:04.422234 [debug] [ThreadPool]: On list_edgar_main_seeds: BEGIN
[0m13:35:04.422465 [debug] [ThreadPool]: Using duckdb connection "list_edgar_main_silver"
[0m13:35:04.424819 [debug] [ThreadPool]: Using duckdb connection "list_edgar_main_bronze"
[0m13:35:04.425202 [debug] [ThreadPool]: Opening a new connection, currently in state init
[0m13:35:04.425523 [debug] [ThreadPool]: On list_edgar_main_silver: /* {"app": "dbt", "dbt_version": "1.11.8", "profile_name": "sec_edgar", "target_name": "dev", "connection_name": "list_edgar_main_silver"} */
select
      'edgar' as database,
      table_name as name,
      table_schema as schema,
      CASE table_type
        WHEN 'BASE TABLE' THEN 'table'
        WHEN 'VIEW' THEN 'view'
        WHEN 'LOCAL TEMPORARY' THEN 'table'
        END as type
    from system.information_schema.tables
    where lower(table_schema) = 'main_silver'
    and lower(table_catalog) = 'edgar'
  
[0m13:35:04.425785 [debug] [ThreadPool]: SQL status: OK in 0.004 seconds
[0m13:35:04.425996 [debug] [ThreadPool]: On list_edgar_main_bronze: BEGIN
[0m13:35:04.426461 [debug] [ThreadPool]: Using duckdb connection "list_edgar_main_gold"
[0m13:35:04.426806 [debug] [ThreadPool]: Opening a new connection, currently in state init
[0m13:35:04.427107 [debug] [ThreadPool]: On list_edgar_main_gold: /* {"app": "dbt", "dbt_version": "1.11.8", "profile_name": "sec_edgar", "target_name": "dev", "connection_name": "list_edgar_main_gold"} */
select
      'edgar' as database,
      table_name as name,
      table_schema as schema,
      CASE table_type
        WHEN 'BASE TABLE' THEN 'table'
        WHEN 'VIEW' THEN 'view'
        WHEN 'LOCAL TEMPORARY' THEN 'table'
        END as type
    from system.information_schema.tables
    where lower(table_schema) = 'main_gold'
    and lower(table_catalog) = 'edgar'
  
[0m13:35:04.427708 [debug] [ThreadPool]: SQL status: OK in 0.002 seconds
[0m13:35:04.427966 [debug] [ThreadPool]: SQL status: OK in 0.001 seconds
[0m13:35:04.428250 [debug] [ThreadPool]: Using duckdb connection "list_edgar_main_seeds"
[0m13:35:04.428609 [debug] [ThreadPool]: Using duckdb connection "list_edgar_main_bronze"
[0m13:35:04.428883 [debug] [ThreadPool]: SQL status: OK in 0.001 seconds
[0m13:35:04.429142 [debug] [ThreadPool]: SQL status: OK in 0.003 seconds
[0m13:35:04.429379 [debug] [ThreadPool]: On list_edgar_main_seeds: /* {"app": "dbt", "dbt_version": "1.11.8", "profile_name": "sec_edgar", "target_name": "dev", "connection_name": "list_edgar_main_seeds"} */
select
      'edgar' as database,
      table_name as name,
      table_schema as schema,
      CASE table_type
        WHEN 'BASE TABLE' THEN 'table'
        WHEN 'VIEW' THEN 'view'
        WHEN 'LOCAL TEMPORARY' THEN 'table'
        END as type
    from system.information_schema.tables
    where lower(table_schema) = 'main_seeds'
    and lower(table_catalog) = 'edgar'
  
[0m13:35:04.429685 [debug] [ThreadPool]: On list_edgar_main_bronze: /* {"app": "dbt", "dbt_version": "1.11.8", "profile_name": "sec_edgar", "target_name": "dev", "connection_name": "list_edgar_main_bronze"} */
select
      'edgar' as database,
      table_name as name,
      table_schema as schema,
      CASE table_type
        WHEN 'BASE TABLE' THEN 'table'
        WHEN 'VIEW' THEN 'view'
        WHEN 'LOCAL TEMPORARY' THEN 'table'
        END as type
    from system.information_schema.tables
    where lower(table_schema) = 'main_bronze'
    and lower(table_catalog) = 'edgar'
  
[0m13:35:04.430940 [debug] [ThreadPool]: On list_edgar_main_gold: ROLLBACK
[0m13:35:04.431707 [debug] [ThreadPool]: On list_edgar_main_silver: ROLLBACK
[0m13:35:04.433324 [debug] [ThreadPool]: Failed to rollback 'list_edgar_main_gold'
[0m13:35:04.433594 [debug] [ThreadPool]: On list_edgar_main_gold: Close
[0m13:35:04.433857 [debug] [ThreadPool]: SQL status: OK in 0.002 seconds
[0m13:35:04.434133 [debug] [ThreadPool]: SQL status: OK in 0.002 seconds
[0m13:35:04.435130 [debug] [ThreadPool]: On list_edgar_main_seeds: ROLLBACK
[0m13:35:04.436033 [debug] [ThreadPool]: On list_edgar_main_bronze: ROLLBACK
[0m13:35:04.436459 [debug] [ThreadPool]: Failed to rollback 'list_edgar_main_silver'
[0m13:35:04.436895 [debug] [ThreadPool]: Failed to rollback 'list_edgar_main_seeds'
[0m13:35:04.437208 [debug] [ThreadPool]: On list_edgar_main_silver: Close
[0m13:35:04.437521 [debug] [ThreadPool]: Failed to rollback 'list_edgar_main_bronze'
[0m13:35:04.437793 [debug] [ThreadPool]: On list_edgar_main_seeds: Close
[0m13:35:04.438139 [debug] [ThreadPool]: On list_edgar_main_bronze: Close
[0m13:35:04.439361 [debug] [MainThread]: Sending event: {'category': 'dbt', 'action': 'runnable_timing', 'label': 'c72a9450-709c-4caf-aea0-c3f63f93f377', 'context': [<snowplow_tracker.self_describing_json.SelfDescribingJson object at 0x00000240BFF4BE10>]}
[0m13:35:04.439708 [debug] [MainThread]: Using duckdb connection "master"
[0m13:35:04.439946 [debug] [MainThread]: On master: BEGIN
[0m13:35:04.440141 [debug] [MainThread]: Opening a new connection, currently in state init
[0m13:35:04.440490 [debug] [MainThread]: SQL status: OK in 0.000 seconds
[0m13:35:04.440796 [debug] [MainThread]: On master: COMMIT
[0m13:35:04.441011 [debug] [MainThread]: Using duckdb connection "master"
[0m13:35:04.441197 [debug] [MainThread]: On master: COMMIT
[0m13:35:04.441478 [debug] [MainThread]: SQL status: OK in 0.000 seconds
[0m13:35:04.441694 [debug] [MainThread]: On master: Close
[0m13:35:04.443856 [debug] [Thread-1 (]: Began running node model.sec_edgar.stg_financials
[0m13:35:04.444236 [info ] [Thread-1 (]: 1 of 1 START sql table model main_silver.stg_financials ........................ [RUN]
[0m13:35:04.444745 [debug] [Thread-1 (]: Acquiring new duckdb connection 'model.sec_edgar.stg_financials'
[0m13:35:04.445027 [debug] [Thread-1 (]: Began compiling node model.sec_edgar.stg_financials
[0m13:35:04.451481 [debug] [Thread-1 (]: Writing injected SQL for node "model.sec_edgar.stg_financials"
[0m13:35:04.452221 [debug] [Thread-1 (]: Began executing node model.sec_edgar.stg_financials
[0m13:35:04.474917 [debug] [Thread-1 (]: Writing runtime sql for node "model.sec_edgar.stg_financials"
[0m13:35:04.476063 [debug] [Thread-1 (]: Using duckdb connection "model.sec_edgar.stg_financials"
[0m13:35:04.476396 [debug] [Thread-1 (]: On model.sec_edgar.stg_financials: BEGIN
[0m13:35:04.476642 [debug] [Thread-1 (]: Opening a new connection, currently in state init
[0m13:35:04.477267 [debug] [Thread-1 (]: SQL status: OK in 0.001 seconds
[0m13:35:04.477565 [debug] [Thread-1 (]: Using duckdb connection "model.sec_edgar.stg_financials"
[0m13:35:04.477995 [debug] [Thread-1 (]: On model.sec_edgar.stg_financials: /* {"app": "dbt", "dbt_version": "1.11.8", "profile_name": "sec_edgar", "target_name": "dev", "node_id": "model.sec_edgar.stg_financials"} */

  
    
    

    create  table
      "edgar"."main_silver"."stg_financials__dbt_tmp"
  
    as (
      -- Silver: stg_financials
--
-- The hardest model in the project. Transforms the raw XBRL JSON blob into
-- clean, flat, deduplicated financial fact rows.
--
-- Five engineering problems solved here:
--   1. Unnesting   — the JSON is 3 levels deep before we reach individual values
--   2. Tag synonyms — Revenue has 6+ different concept names across companies
--   3. Amendments  — 10-K/A filings supersede the original; keep only the latest
--   4. Period overlap — 10-K and 10-Q both report Q4 data; keep one source
--   5. CIK format  — standardize to 10-digit zero-padded string



with

-- ── Step 1: Extract the us-gaap blob ─────────────────────────────────────────
-- We pull facts -> us-gaap out first using DuckDB's -> operator.
-- This avoids JSONPath hyphen issues with '$.us-gaap' in later steps.
bronze as (
    select
        lpad(cik_raw, 10, '0')             as cik,
        entity_name,
        facts_blob -> 'us-gaap'            as us_gaap_blob
    from "edgar"."main_bronze"."raw_company_facts"
    where facts_blob -> 'us-gaap' is not null
),

-- ── Step 2: Explode concept keys and filter immediately ───────────────────────
-- json_keys() returns all GAAP concept names as a VARCHAR[] for each company.
-- We join to gaap_tag_synonyms RIGHT HERE — before unnesting values —
-- so we only process the ~20 concepts we care about, not the 500+ in each file.
-- This reduces the row count by ~99% before the expensive value unnest.
concept_keys as (
    select
        b.cik,
        b.entity_name,
        b.us_gaap_blob,
        t.concept_name
    from bronze b,
        unnest(json_keys(b.us_gaap_blob)) as t(concept_name)
    -- inner join filters to only tracked synonyms
    inner join "edgar"."main_seeds"."gaap_tag_synonyms" s
        on t.concept_name = s.synonym_tag
),

-- ── Step 3: Unnest the USD values array for each concept ──────────────────────
-- Uses DuckDB's -> chain operator for dynamic key extraction:
--   us_gaap_blob -> concept_name -> 'units' -> 'USD'
-- This avoids JSONPath string concatenation, which DuckDB's binder
-- misinterprets as BOOLEAN inside WHERE after a lateral unnest.
-- Unnesting a NULL or empty json[] naturally produces zero rows — no WHERE needed.
unnested as (
    select
        cik,
        entity_name,
        concept_name                        as raw_concept,
        entry
    from concept_keys,
        unnest(
            (us_gaap_blob -> concept_name -> 'units' -> 'USD')::json[]
        ) as t(entry)
),

-- ── Step 4: Parse JSON fields into typed columns ──────────────────────────────
-- ->> extracts a JSON field as text; try_cast handles malformed dates safely.
extracted as (
    select
        cik,
        entity_name,
        raw_concept,
        

coalesce(
    (
        select s.canonical_tag
        from "edgar"."main_seeds"."gaap_tag_synonyms" s
        where s.synonym_tag = raw_concept
        limit 1
    ),
    raw_concept
)
         as canonical_concept,
        try_cast(entry ->> 'val'    as double)          as reported_value,
        try_cast(entry ->> 'start'  as date)            as period_start,
        try_cast(entry ->> 'end'    as date)            as period_end,
        (entry ->> 'accn')                              as accession_number,
        upper(entry ->> 'form')                         as form_type,
        try_cast(entry ->> 'filed'  as date)            as filed_date,
        (entry ->> 'fp')                                as fiscal_period_label,
        -- Balance sheet items have no start date (point-in-time snapshot)
        -- Income statement items have both start and end (flow over a period)
        case
            when (entry ->> 'start') is null then 'instant'
            else 'duration'
        end                                             as value_type
    from unnested
    where
        try_cast(entry ->> 'val'   as double) is not null
        and try_cast(entry ->> 'end' as date) is not null
),

-- ── Step 5: Remove duplicate amendments ──────────────────────────────────────
-- A 10-K/A (amendment) supersedes the original 10-K for the same period.
-- Keep only the row with the latest filed_date per
-- (company, concept, period_end, form_type).
-- ROW_NUMBER = 1 is the most recently filed version.
deduped_amendments as (
    select
        *,
        row_number() over (
            partition by cik, canonical_concept, period_end, form_type
            order by filed_date desc nulls last
        ) as rn
    from extracted
),

latest_only as (
    select * exclude (rn)
    from deduped_amendments
    where rn = 1
),

-- ── Step 6: Remove 10-K / 10-Q period overlap ─────────────────────────────────
-- Annual 10-K filings contain Q4 and full-year data that also appears in 10-Qs.
-- Rule: Q1/Q2/Q3 → prefer 10-Q.  Q4 and FY → prefer 10-K.
-- ROW_NUMBER = 1 picks the preferred form type for each period.
form_deduped as (
    select
        *,
        

ceil(month(period_end) / 3.0)::integer
              as calendar_quarter,
        year(period_end)                                as period_year,
        row_number() over (
            partition by cik, canonical_concept, period_end
            order by
                case
                    when 

ceil(month(period_end) / 3.0)::integer
 in (1, 2, 3)
                         and form_type = '10-Q'         then 1
                    when 

ceil(month(period_end) / 3.0)::integer
 = 4
                         and form_type = '10-K'         then 1
                    when fiscal_period_label = 'FY'
                         and form_type = '10-K'         then 1
                    else 2
                end
        ) as form_rn
    from latest_only
)

select * exclude (form_rn)
from form_deduped
where form_rn = 1
    );
  
  
[0m13:35:04.479185 [debug] [Thread-1 (]: DuckDB adapter: duckdb error: Binder Error: No function matches the given name and argument types 'json_extract(JSON, BOOLEAN)'. You might need to add explicit type casts.
	Candidate functions:
	json_extract(VARCHAR, BIGINT) -> JSON
	json_extract(VARCHAR, VARCHAR) -> JSON
	json_extract(VARCHAR, VARCHAR[]) -> JSON[]
	json_extract(JSON, BIGINT) -> JSON
	json_extract(JSON, VARCHAR) -> JSON
	json_extract(JSON, VARCHAR[]) -> JSON[]

[0m13:35:04.479994 [debug] [Thread-1 (]: DuckDB adapter: Error running SQL: /* {"app": "dbt", "dbt_version": "1.11.8", "profile_name": "sec_edgar", "target_name": "dev", "node_id": "model.sec_edgar.stg_financials"} */

  
    
    

    create  table
      "edgar"."main_silver"."stg_financials__dbt_tmp"
  
    as (
      -- Silver: stg_financials
--
-- The hardest model in the project. Transforms the raw XBRL JSON blob into
-- clean, flat, deduplicated financial fact rows.
--
-- Five engineering problems solved here:
--   1. Unnesting   — the JSON is 3 levels deep before we reach individual values
--   2. Tag synonyms — Revenue has 6+ different concept names across companies
--   3. Amendments  — 10-K/A filings supersede the original; keep only the latest
--   4. Period overlap — 10-K and 10-Q both report Q4 data; keep one source
--   5. CIK format  — standardize to 10-digit zero-padded string



with

-- ── Step 1: Extract the us-gaap blob ─────────────────────────────────────────
-- We pull facts -> us-gaap out first using DuckDB's -> operator.
-- This avoids JSONPath hyphen issues with '$.us-gaap' in later steps.
bronze as (
    select
        lpad(cik_raw, 10, '0')             as cik,
        entity_name,
        facts_blob -> 'us-gaap'            as us_gaap_blob
    from "edgar"."main_bronze"."raw_company_facts"
    where facts_blob -> 'us-gaap' is not null
),

-- ── Step 2: Explode concept keys and filter immediately ───────────────────────
-- json_keys() returns all GAAP concept names as a VARCHAR[] for each company.
-- We join to gaap_tag_synonyms RIGHT HERE — before unnesting values —
-- so we only process the ~20 concepts we care about, not the 500+ in each file.
-- This reduces the row count by ~99% before the expensive value unnest.
concept_keys as (
    select
        b.cik,
        b.entity_name,
        b.us_gaap_blob,
        t.concept_name
    from bronze b,
        unnest(json_keys(b.us_gaap_blob)) as t(concept_name)
    -- inner join filters to only tracked synonyms
    inner join "edgar"."main_seeds"."gaap_tag_synonyms" s
        on t.concept_name = s.synonym_tag
),

-- ── Step 3: Unnest the USD values array for each concept ──────────────────────
-- Uses DuckDB's -> chain operator for dynamic key extraction:
--   us_gaap_blob -> concept_name -> 'units' -> 'USD'
-- This avoids JSONPath string concatenation, which DuckDB's binder
-- misinterprets as BOOLEAN inside WHERE after a lateral unnest.
-- Unnesting a NULL or empty json[] naturally produces zero rows — no WHERE needed.
unnested as (
    select
        cik,
        entity_name,
        concept_name                        as raw_concept,
        entry
    from concept_keys,
        unnest(
            (us_gaap_blob -> concept_name -> 'units' -> 'USD')::json[]
        ) as t(entry)
),

-- ── Step 4: Parse JSON fields into typed columns ──────────────────────────────
-- ->> extracts a JSON field as text; try_cast handles malformed dates safely.
extracted as (
    select
        cik,
        entity_name,
        raw_concept,
        

coalesce(
    (
        select s.canonical_tag
        from "edgar"."main_seeds"."gaap_tag_synonyms" s
        where s.synonym_tag = raw_concept
        limit 1
    ),
    raw_concept
)
         as canonical_concept,
        try_cast(entry ->> 'val'    as double)          as reported_value,
        try_cast(entry ->> 'start'  as date)            as period_start,
        try_cast(entry ->> 'end'    as date)            as period_end,
        (entry ->> 'accn')                              as accession_number,
        upper(entry ->> 'form')                         as form_type,
        try_cast(entry ->> 'filed'  as date)            as filed_date,
        (entry ->> 'fp')                                as fiscal_period_label,
        -- Balance sheet items have no start date (point-in-time snapshot)
        -- Income statement items have both start and end (flow over a period)
        case
            when (entry ->> 'start') is null then 'instant'
            else 'duration'
        end                                             as value_type
    from unnested
    where
        try_cast(entry ->> 'val'   as double) is not null
        and try_cast(entry ->> 'end' as date) is not null
),

-- ── Step 5: Remove duplicate amendments ──────────────────────────────────────
-- A 10-K/A (amendment) supersedes the original 10-K for the same period.
-- Keep only the row with the latest filed_date per
-- (company, concept, period_end, form_type).
-- ROW_NUMBER = 1 is the most recently filed version.
deduped_amendments as (
    select
        *,
        row_number() over (
            partition by cik, canonical_concept, period_end, form_type
            order by filed_date desc nulls last
        ) as rn
    from extracted
),

latest_only as (
    select * exclude (rn)
    from deduped_amendments
    where rn = 1
),

-- ── Step 6: Remove 10-K / 10-Q period overlap ─────────────────────────────────
-- Annual 10-K filings contain Q4 and full-year data that also appears in 10-Qs.
-- Rule: Q1/Q2/Q3 → prefer 10-Q.  Q4 and FY → prefer 10-K.
-- ROW_NUMBER = 1 picks the preferred form type for each period.
form_deduped as (
    select
        *,
        

ceil(month(period_end) / 3.0)::integer
              as calendar_quarter,
        year(period_end)                                as period_year,
        row_number() over (
            partition by cik, canonical_concept, period_end
            order by
                case
                    when 

ceil(month(period_end) / 3.0)::integer
 in (1, 2, 3)
                         and form_type = '10-Q'         then 1
                    when 

ceil(month(period_end) / 3.0)::integer
 = 4
                         and form_type = '10-K'         then 1
                    when fiscal_period_label = 'FY'
                         and form_type = '10-K'         then 1
                    else 2
                end
        ) as form_rn
    from latest_only
)

select * exclude (form_rn)
from form_deduped
where form_rn = 1
    );
  
  
[0m13:35:04.480461 [debug] [Thread-1 (]: DuckDB adapter: Rolling back transaction.
[0m13:35:04.480715 [debug] [Thread-1 (]: On model.sec_edgar.stg_financials: ROLLBACK
[0m13:35:04.483990 [debug] [Thread-1 (]: Failed to rollback 'model.sec_edgar.stg_financials'
[0m13:35:04.484666 [debug] [Thread-1 (]: On model.sec_edgar.stg_financials: Close
[0m13:35:04.490244 [debug] [Thread-1 (]: Runtime Error in model stg_financials (models\silver\stg_financials.sql)
  Binder Error: No function matches the given name and argument types 'json_extract(JSON, BOOLEAN)'. You might need to add explicit type casts.
  	Candidate functions:
  	json_extract(VARCHAR, BIGINT) -> JSON
  	json_extract(VARCHAR, VARCHAR) -> JSON
  	json_extract(VARCHAR, VARCHAR[]) -> JSON[]
  	json_extract(JSON, BIGINT) -> JSON
  	json_extract(JSON, VARCHAR) -> JSON
  	json_extract(JSON, VARCHAR[]) -> JSON[]
  
[0m13:35:04.491664 [debug] [Thread-1 (]: Sending event: {'category': 'dbt', 'action': 'run_model', 'label': 'c72a9450-709c-4caf-aea0-c3f63f93f377', 'context': [<snowplow_tracker.self_describing_json.SelfDescribingJson object at 0x00000240C0377C50>]}
[0m13:35:04.492172 [error] [Thread-1 (]: 1 of 1 ERROR creating sql table model main_silver.stg_financials ............... [[31mERROR[0m in 0.05s]
[0m13:35:04.492852 [debug] [Thread-1 (]: Finished running node model.sec_edgar.stg_financials
[0m13:35:04.493330 [debug] [Thread-7 (]: Marking all children of 'model.sec_edgar.stg_financials' to be skipped because of status 'error'.  Reason: Runtime Error in model stg_financials (models\silver\stg_financials.sql)
  Binder Error: No function matches the given name and argument types 'json_extract(JSON, BOOLEAN)'. You might need to add explicit type casts.
  	Candidate functions:
  	json_extract(VARCHAR, BIGINT) -> JSON
  	json_extract(VARCHAR, VARCHAR) -> JSON
  	json_extract(VARCHAR, VARCHAR[]) -> JSON[]
  	json_extract(JSON, BIGINT) -> JSON
  	json_extract(JSON, VARCHAR) -> JSON
  	json_extract(JSON, VARCHAR[]) -> JSON[]
  .
[0m13:35:04.494708 [debug] [MainThread]: Using duckdb connection "master"
[0m13:35:04.494959 [debug] [MainThread]: On master: BEGIN
[0m13:35:04.495154 [debug] [MainThread]: Opening a new connection, currently in state closed
[0m13:35:04.495592 [debug] [MainThread]: SQL status: OK in 0.000 seconds
[0m13:35:04.495837 [debug] [MainThread]: On master: COMMIT
[0m13:35:04.496045 [debug] [MainThread]: Using duckdb connection "master"
[0m13:35:04.496229 [debug] [MainThread]: On master: COMMIT
[0m13:35:04.496541 [debug] [MainThread]: SQL status: OK in 0.000 seconds
[0m13:35:04.496775 [debug] [MainThread]: On master: Close
[0m13:35:04.497044 [debug] [MainThread]: Connection 'master' was properly closed.
[0m13:35:04.497218 [debug] [MainThread]: Connection 'create_edgar_main_silver' was properly closed.
[0m13:35:04.497372 [debug] [MainThread]: Connection 'list_edgar_main_silver' was properly closed.
[0m13:35:04.497519 [debug] [MainThread]: Connection 'list_edgar_main_gold' was properly closed.
[0m13:35:04.497663 [debug] [MainThread]: Connection 'list_edgar_main_seeds' was properly closed.
[0m13:35:04.497813 [debug] [MainThread]: Connection 'list_edgar_main_bronze' was properly closed.
[0m13:35:04.498179 [debug] [MainThread]: Connection 'model.sec_edgar.stg_financials' was properly closed.
[0m13:35:04.498522 [info ] [MainThread]: 
[0m13:35:04.498978 [info ] [MainThread]: Finished running 1 table model in 0 hours 0 minutes and 0.24 seconds (0.24s).
[0m13:35:04.499769 [debug] [MainThread]: Command end result
[0m13:35:04.523210 [debug] [MainThread]: Wrote artifact WritableManifest to C:\Krish\Project\sec-edgar-pipeline\dbt\target\manifest.json
[0m13:35:04.525561 [debug] [MainThread]: Wrote artifact SemanticManifest to C:\Krish\Project\sec-edgar-pipeline\dbt\target\semantic_manifest.json
[0m13:35:04.529892 [debug] [MainThread]: Wrote artifact RunExecutionResult to C:\Krish\Project\sec-edgar-pipeline\dbt\target\run_results.json
[0m13:35:04.530172 [info ] [MainThread]: 
[0m13:35:04.530744 [info ] [MainThread]: [31mCompleted with 1 error, 0 partial successes, and 0 warnings:[0m
[0m13:35:04.531244 [info ] [MainThread]: 
[0m13:35:04.531686 [error] [MainThread]: [31mFailure in model stg_financials (models\silver\stg_financials.sql)[0m
[0m13:35:04.532133 [error] [MainThread]:   Runtime Error in model stg_financials (models\silver\stg_financials.sql)
  Binder Error: No function matches the given name and argument types 'json_extract(JSON, BOOLEAN)'. You might need to add explicit type casts.
  	Candidate functions:
  	json_extract(VARCHAR, BIGINT) -> JSON
  	json_extract(VARCHAR, VARCHAR) -> JSON
  	json_extract(VARCHAR, VARCHAR[]) -> JSON[]
  	json_extract(JSON, BIGINT) -> JSON
  	json_extract(JSON, VARCHAR) -> JSON
  	json_extract(JSON, VARCHAR[]) -> JSON[]
  
[0m13:35:04.532508 [info ] [MainThread]: 
[0m13:35:04.532904 [info ] [MainThread]:   compiled code at target\compiled\sec_edgar\models\silver\stg_financials.sql
[0m13:35:04.533255 [info ] [MainThread]: 
[0m13:35:04.533637 [info ] [MainThread]: Done. PASS=0 WARN=0 ERROR=1 SKIP=0 NO-OP=0 TOTAL=1
[0m13:35:04.534285 [debug] [MainThread]: Command `dbt run` failed at 13:35:04.534192 after 2.04 seconds
[0m13:35:04.534584 [debug] [MainThread]: Sending event: {'category': 'dbt', 'action': 'invocation', 'label': 'end', 'context': [<snowplow_tracker.self_describing_json.SelfDescribingJson object at 0x00000240C1561DE0>, <snowplow_tracker.self_describing_json.SelfDescribingJson object at 0x00000240C1723ED0>, <snowplow_tracker.self_describing_json.SelfDescribingJson object at 0x00000240C1720C30>]}
[0m13:35:04.534865 [debug] [MainThread]: Flushing usage events
[0m13:35:04.903811 [debug] [MainThread]: An error was encountered while trying to flush usage events
[0m13:50:41.706248 [debug] [MainThread]: Sending event: {'category': 'dbt', 'action': 'invocation', 'label': 'start', 'context': [<snowplow_tracker.self_describing_json.SelfDescribingJson object at 0x0000022AE1367770>, <snowplow_tracker.self_describing_json.SelfDescribingJson object at 0x0000022ADE10B610>, <snowplow_tracker.self_describing_json.SelfDescribingJson object at 0x0000022AE361BC50>]}


============================== 13:50:41.713844 | c380224c-054e-47e2-b514-728aac264f97 ==============================
[0m13:50:41.713844 [info ] [MainThread]: Running with dbt=1.11.8
[0m13:50:41.714442 [debug] [MainThread]: running dbt with arguments {'warn_error_options': 'WarnErrorOptionsV2(error=[], warn=[], silence=[])', 'use_colors': 'True', 'log_cache_events': 'False', 'introspect': 'True', 'target_path': 'None', 'partial_parse': 'False', 'log_format': 'default', 'fail_fast': 'False', 'cache_selected_only': 'False', 'empty': 'False', 'write_json': 'True', 'indirect_selection': 'eager', 'log_path': 'C:\\Krish\\Project\\sec-edgar-pipeline\\dbt\\logs', 'use_experimental_parser': 'False', 'no_print': 'None', 'debug': 'False', 'warn_error': 'None', 'quiet': 'False', 'invocation_command': 'dbt run --select stg_financials --no-partial-parse', 'static_parser': 'True', 'printer_width': '80', 'profiles_dir': 'C:\\Krish\\Project\\sec-edgar-pipeline\\dbt', 'version_check': 'True', 'send_anonymous_usage_stats': 'True'}
[0m13:50:41.924895 [debug] [MainThread]: Sending event: {'category': 'dbt', 'action': 'project_id', 'label': 'c380224c-054e-47e2-b514-728aac264f97', 'context': [<snowplow_tracker.self_describing_json.SelfDescribingJson object at 0x0000022AE1904510>]}
[0m13:50:41.971112 [debug] [MainThread]: Sending event: {'category': 'dbt', 'action': 'adapter_info', 'label': 'c380224c-054e-47e2-b514-728aac264f97', 'context': [<snowplow_tracker.self_describing_json.SelfDescribingJson object at 0x0000022AE37ACF30>]}
[0m13:50:41.973079 [info ] [MainThread]: Registered adapter: duckdb=1.10.1
[0m13:50:42.131535 [debug] [MainThread]: checksum: 7d524ac048c2100769df89d592e662e060a73ca564e31bd9c2a37efdfe8d8ab6, vars: {}, profile: , target: , version: 1.11.8
[0m13:50:42.132570 [debug] [MainThread]: Partial parsing not enabled
[0m13:50:43.275227 [debug] [MainThread]: Sending event: {'category': 'dbt', 'action': 'load_project', 'label': 'c380224c-054e-47e2-b514-728aac264f97', 'context': [<snowplow_tracker.self_describing_json.SelfDescribingJson object at 0x0000022AE3CA6150>]}
[0m13:50:43.353206 [debug] [MainThread]: Wrote artifact WritableManifest to C:\Krish\Project\sec-edgar-pipeline\dbt\target\manifest.json
[0m13:50:43.355992 [debug] [MainThread]: Wrote artifact SemanticManifest to C:\Krish\Project\sec-edgar-pipeline\dbt\target\semantic_manifest.json
[0m13:50:43.366205 [debug] [MainThread]: Sending event: {'category': 'dbt', 'action': 'resource_counts', 'label': 'c380224c-054e-47e2-b514-728aac264f97', 'context': [<snowplow_tracker.self_describing_json.SelfDescribingJson object at 0x0000022AE3585F40>]}
[0m13:50:43.366590 [info ] [MainThread]: Found 10 models, 28 data tests, 1 seed, 477 macros
[0m13:50:43.367122 [debug] [MainThread]: Sending event: {'category': 'dbt', 'action': 'runnable_timing', 'label': 'c380224c-054e-47e2-b514-728aac264f97', 'context': [<snowplow_tracker.self_describing_json.SelfDescribingJson object at 0x0000022AE51BCF30>]}
[0m13:50:43.368338 [info ] [MainThread]: 
[0m13:50:43.368784 [info ] [MainThread]: Concurrency: 4 threads (target='dev')
[0m13:50:43.369103 [info ] [MainThread]: 
[0m13:50:43.369775 [debug] [MainThread]: Acquiring new duckdb connection 'master'
[0m13:50:43.370894 [debug] [ThreadPool]: Acquiring new duckdb connection 'list_edgar'
[0m13:50:43.493030 [debug] [ThreadPool]: Using duckdb connection "list_edgar"
[0m13:50:43.493332 [debug] [ThreadPool]: On list_edgar: /* {"app": "dbt", "dbt_version": "1.11.8", "profile_name": "sec_edgar", "target_name": "dev", "connection_name": "list_edgar"} */

    
    select schema_name
    from system.information_schema.schemata
    
    where lower(catalog_name) = '"edgar"'
    
  
  
[0m13:50:43.493536 [debug] [ThreadPool]: Opening a new connection, currently in state init
[0m13:50:43.505499 [debug] [ThreadPool]: SQL status: OK in 0.012 seconds
[0m13:50:43.506512 [debug] [ThreadPool]: On list_edgar: Close
[0m13:50:43.506989 [debug] [ThreadPool]: Re-using an available connection from the pool (formerly list_edgar, now create_edgar_main_silver)
[0m13:50:43.507326 [debug] [ThreadPool]: Creating schema "database: "edgar"
schema: "main_silver"
"
[0m13:50:43.511450 [debug] [ThreadPool]: Using duckdb connection "create_edgar_main_silver"
[0m13:50:43.511900 [debug] [ThreadPool]: On create_edgar_main_silver: /* {"app": "dbt", "dbt_version": "1.11.8", "profile_name": "sec_edgar", "target_name": "dev", "connection_name": "create_edgar_main_silver"} */

    
        select type from duckdb_databases()
        where lower(database_name)='edgar'
        and type='sqlite'
    
  
[0m13:50:43.512169 [debug] [ThreadPool]: Opening a new connection, currently in state closed
[0m13:50:43.512836 [debug] [ThreadPool]: SQL status: OK in 0.001 seconds
[0m13:50:43.513714 [debug] [ThreadPool]: Using duckdb connection "create_edgar_main_silver"
[0m13:50:43.513953 [debug] [ThreadPool]: On create_edgar_main_silver: BEGIN
[0m13:50:43.514295 [debug] [ThreadPool]: SQL status: OK in 0.000 seconds
[0m13:50:43.514513 [debug] [ThreadPool]: Using duckdb connection "create_edgar_main_silver"
[0m13:50:43.514710 [debug] [ThreadPool]: On create_edgar_main_silver: /* {"app": "dbt", "dbt_version": "1.11.8", "profile_name": "sec_edgar", "target_name": "dev", "connection_name": "create_edgar_main_silver"} */

    
    
        create schema if not exists "edgar"."main_silver"
    
[0m13:50:43.515070 [debug] [ThreadPool]: SQL status: OK in 0.000 seconds
[0m13:50:43.515654 [debug] [ThreadPool]: On create_edgar_main_silver: COMMIT
[0m13:50:43.515889 [debug] [ThreadPool]: Using duckdb connection "create_edgar_main_silver"
[0m13:50:43.516099 [debug] [ThreadPool]: On create_edgar_main_silver: COMMIT
[0m13:50:43.516415 [debug] [ThreadPool]: SQL status: OK in 0.000 seconds
[0m13:50:43.516643 [debug] [ThreadPool]: On create_edgar_main_silver: Close
[0m13:50:43.520874 [debug] [ThreadPool]: Acquiring new duckdb connection 'list_edgar_main_gold'
[0m13:50:43.521358 [debug] [ThreadPool]: Acquiring new duckdb connection 'list_edgar_main_bronze'
[0m13:50:43.521810 [debug] [ThreadPool]: Acquiring new duckdb connection 'list_edgar_main_seeds'
[0m13:50:43.522276 [debug] [ThreadPool]: Acquiring new duckdb connection 'list_edgar_main_silver'
[0m13:50:43.525806 [debug] [ThreadPool]: Using duckdb connection "list_edgar_main_gold"
[0m13:50:43.526952 [debug] [ThreadPool]: Using duckdb connection "list_edgar_main_bronze"
[0m13:50:43.528301 [debug] [ThreadPool]: Using duckdb connection "list_edgar_main_seeds"
[0m13:50:43.530773 [debug] [ThreadPool]: Using duckdb connection "list_edgar_main_silver"
[0m13:50:43.531102 [debug] [ThreadPool]: On list_edgar_main_gold: BEGIN
[0m13:50:43.531352 [debug] [ThreadPool]: On list_edgar_main_bronze: BEGIN
[0m13:50:43.531593 [debug] [ThreadPool]: On list_edgar_main_seeds: BEGIN
[0m13:50:43.531861 [debug] [ThreadPool]: On list_edgar_main_silver: BEGIN
[0m13:50:43.532245 [debug] [ThreadPool]: Opening a new connection, currently in state init
[0m13:50:43.532562 [debug] [ThreadPool]: Opening a new connection, currently in state init
[0m13:50:43.532820 [debug] [ThreadPool]: Opening a new connection, currently in state init
[0m13:50:43.533079 [debug] [ThreadPool]: Opening a new connection, currently in state init
[0m13:50:43.533955 [debug] [ThreadPool]: SQL status: OK in 0.002 seconds
[0m13:50:43.534240 [debug] [ThreadPool]: Using duckdb connection "list_edgar_main_gold"
[0m13:50:43.534505 [debug] [ThreadPool]: SQL status: OK in 0.002 seconds
[0m13:50:43.534769 [debug] [ThreadPool]: On list_edgar_main_gold: /* {"app": "dbt", "dbt_version": "1.11.8", "profile_name": "sec_edgar", "target_name": "dev", "connection_name": "list_edgar_main_gold"} */
select
      'edgar' as database,
      table_name as name,
      table_schema as schema,
      CASE table_type
        WHEN 'BASE TABLE' THEN 'table'
        WHEN 'VIEW' THEN 'view'
        WHEN 'LOCAL TEMPORARY' THEN 'table'
        END as type
    from system.information_schema.tables
    where lower(table_schema) = 'main_gold'
    and lower(table_catalog) = 'edgar'
  
[0m13:50:43.535004 [debug] [ThreadPool]: SQL status: OK in 0.002 seconds
[0m13:50:43.535222 [debug] [ThreadPool]: SQL status: OK in 0.002 seconds
[0m13:50:43.535426 [debug] [ThreadPool]: Using duckdb connection "list_edgar_main_bronze"
[0m13:50:43.535734 [debug] [ThreadPool]: Using duckdb connection "list_edgar_main_silver"
[0m13:50:43.536028 [debug] [ThreadPool]: Using duckdb connection "list_edgar_main_seeds"
[0m13:50:43.536448 [debug] [ThreadPool]: On list_edgar_main_bronze: /* {"app": "dbt", "dbt_version": "1.11.8", "profile_name": "sec_edgar", "target_name": "dev", "connection_name": "list_edgar_main_bronze"} */
select
      'edgar' as database,
      table_name as name,
      table_schema as schema,
      CASE table_type
        WHEN 'BASE TABLE' THEN 'table'
        WHEN 'VIEW' THEN 'view'
        WHEN 'LOCAL TEMPORARY' THEN 'table'
        END as type
    from system.information_schema.tables
    where lower(table_schema) = 'main_bronze'
    and lower(table_catalog) = 'edgar'
  
[0m13:50:43.536765 [debug] [ThreadPool]: On list_edgar_main_silver: /* {"app": "dbt", "dbt_version": "1.11.8", "profile_name": "sec_edgar", "target_name": "dev", "connection_name": "list_edgar_main_silver"} */
select
      'edgar' as database,
      table_name as name,
      table_schema as schema,
      CASE table_type
        WHEN 'BASE TABLE' THEN 'table'
        WHEN 'VIEW' THEN 'view'
        WHEN 'LOCAL TEMPORARY' THEN 'table'
        END as type
    from system.information_schema.tables
    where lower(table_schema) = 'main_silver'
    and lower(table_catalog) = 'edgar'
  
[0m13:50:43.537183 [debug] [ThreadPool]: On list_edgar_main_seeds: /* {"app": "dbt", "dbt_version": "1.11.8", "profile_name": "sec_edgar", "target_name": "dev", "connection_name": "list_edgar_main_seeds"} */
select
      'edgar' as database,
      table_name as name,
      table_schema as schema,
      CASE table_type
        WHEN 'BASE TABLE' THEN 'table'
        WHEN 'VIEW' THEN 'view'
        WHEN 'LOCAL TEMPORARY' THEN 'table'
        END as type
    from system.information_schema.tables
    where lower(table_schema) = 'main_seeds'
    and lower(table_catalog) = 'edgar'
  
[0m13:50:43.538087 [debug] [ThreadPool]: SQL status: OK in 0.002 seconds
[0m13:50:43.538933 [debug] [ThreadPool]: On list_edgar_main_gold: ROLLBACK
[0m13:50:43.539276 [debug] [ThreadPool]: SQL status: OK in 0.002 seconds
[0m13:50:43.539553 [debug] [ThreadPool]: SQL status: OK in 0.002 seconds
[0m13:50:43.539816 [debug] [ThreadPool]: SQL status: OK in 0.002 seconds
[0m13:50:43.540660 [debug] [ThreadPool]: On list_edgar_main_silver: ROLLBACK
[0m13:50:43.541526 [debug] [ThreadPool]: On list_edgar_main_bronze: ROLLBACK
[0m13:50:43.542376 [debug] [ThreadPool]: On list_edgar_main_seeds: ROLLBACK
[0m13:50:43.543584 [debug] [ThreadPool]: Failed to rollback 'list_edgar_main_gold'
[0m13:50:43.544047 [debug] [ThreadPool]: Failed to rollback 'list_edgar_main_bronze'
[0m13:50:43.544711 [debug] [ThreadPool]: Failed to rollback 'list_edgar_main_silver'
[0m13:50:43.545321 [debug] [ThreadPool]: Failed to rollback 'list_edgar_main_seeds'
[0m13:50:43.545608 [debug] [ThreadPool]: On list_edgar_main_gold: Close
[0m13:50:43.545900 [debug] [ThreadPool]: On list_edgar_main_bronze: Close
[0m13:50:43.546163 [debug] [ThreadPool]: On list_edgar_main_silver: Close
[0m13:50:43.546415 [debug] [ThreadPool]: On list_edgar_main_seeds: Close
[0m13:50:43.548026 [debug] [MainThread]: Sending event: {'category': 'dbt', 'action': 'runnable_timing', 'label': 'c380224c-054e-47e2-b514-728aac264f97', 'context': [<snowplow_tracker.self_describing_json.SelfDescribingJson object at 0x0000022AE3DC7860>]}
[0m13:50:43.548391 [debug] [MainThread]: Using duckdb connection "master"
[0m13:50:43.548615 [debug] [MainThread]: On master: BEGIN
[0m13:50:43.548881 [debug] [MainThread]: Opening a new connection, currently in state init
[0m13:50:43.549363 [debug] [MainThread]: SQL status: OK in 0.000 seconds
[0m13:50:43.549615 [debug] [MainThread]: On master: COMMIT
[0m13:50:43.549824 [debug] [MainThread]: Using duckdb connection "master"
[0m13:50:43.550011 [debug] [MainThread]: On master: COMMIT
[0m13:50:43.550329 [debug] [MainThread]: SQL status: OK in 0.000 seconds
[0m13:50:43.550586 [debug] [MainThread]: On master: Close
[0m13:50:43.553052 [debug] [Thread-1 (]: Began running node model.sec_edgar.stg_financials
[0m13:50:43.553470 [info ] [Thread-1 (]: 1 of 1 START sql table model main_silver.stg_financials ........................ [RUN]
[0m13:50:43.554006 [debug] [Thread-1 (]: Acquiring new duckdb connection 'model.sec_edgar.stg_financials'
[0m13:50:43.554288 [debug] [Thread-1 (]: Began compiling node model.sec_edgar.stg_financials
[0m13:50:43.560239 [debug] [Thread-1 (]: Writing injected SQL for node "model.sec_edgar.stg_financials"
[0m13:50:43.561112 [debug] [Thread-1 (]: Began executing node model.sec_edgar.stg_financials
[0m13:50:43.584190 [debug] [Thread-1 (]: Writing runtime sql for node "model.sec_edgar.stg_financials"
[0m13:50:43.585429 [debug] [Thread-1 (]: Using duckdb connection "model.sec_edgar.stg_financials"
[0m13:50:43.585786 [debug] [Thread-1 (]: On model.sec_edgar.stg_financials: BEGIN
[0m13:50:43.586096 [debug] [Thread-1 (]: Opening a new connection, currently in state init
[0m13:50:43.586790 [debug] [Thread-1 (]: SQL status: OK in 0.001 seconds
[0m13:50:43.587082 [debug] [Thread-1 (]: Using duckdb connection "model.sec_edgar.stg_financials"
[0m13:50:43.587474 [debug] [Thread-1 (]: On model.sec_edgar.stg_financials: /* {"app": "dbt", "dbt_version": "1.11.8", "profile_name": "sec_edgar", "target_name": "dev", "node_id": "model.sec_edgar.stg_financials"} */

  
    
    

    create  table
      "edgar"."main_silver"."stg_financials__dbt_tmp"
  
    as (
      -- Silver: stg_financials
--
-- The hardest model in the project. Transforms the raw XBRL JSON blob into
-- clean, flat, deduplicated financial fact rows.
--
-- Five engineering problems solved here:
--   1. Unnesting   — the JSON is 3 levels deep before we reach individual values
--   2. Tag synonyms — Revenue has 6+ different concept names across companies
--   3. Amendments  — 10-K/A filings supersede the original; keep only the latest
--   4. Period overlap — 10-K and 10-Q both report Q4 data; keep one source
--   5. CIK format  — standardize to 10-digit zero-padded string



with

-- ── Step 1: Extract the us-gaap blob ─────────────────────────────────────────
-- We pull facts -> us-gaap out first using DuckDB's -> operator.
-- This avoids JSONPath hyphen issues with '$.us-gaap' in later steps.
bronze as (
    select
        lpad(cik_raw, 10, '0')             as cik,
        entity_name,
        facts_blob -> 'us-gaap'            as us_gaap_blob
    from "edgar"."main_bronze"."raw_company_facts"
    where facts_blob -> 'us-gaap' is not null
),

-- ── Step 2: Explode ALL concept keys and their blobs in one pass ──────────────
-- DuckDB zips multiple unnest() calls in the SELECT clause positionally.
-- json_extract(blob, VARCHAR[]) is the batch overload — it returns a JSON[]
-- aligned with the VARCHAR[] from json_keys(). This avoids dynamic key lookup
-- (-> column_name), which DuckDB resolves as a BOOLEAN, causing a binder error.
all_concepts as (
    select
        cik,
        entity_name,
        unnest(json_keys(us_gaap_blob))                              as concept_name,
        unnest(json_extract(us_gaap_blob, json_keys(us_gaap_blob)))  as concept_blob
    from bronze
),

-- ── Step 3: Filter to tracked concepts and extract the USD array ──────────────
-- After the parallel unnest, concept_blob holds the full concept object.
-- We filter here (not before) because zipped unnest requires both arrays to be
-- generated together. The inner join cuts ~99% of rows before the next unnest.
-- -> 'units' -> 'USD' uses literal keys only — safe with DuckDB's -> operator.
tracked as (
    select
        a.cik,
        a.entity_name,
        a.concept_name,
        a.concept_blob -> 'units' -> 'USD'   as usd_array
    from all_concepts a
    inner join "edgar"."main_seeds"."gaap_tag_synonyms" s
        on a.concept_name = s.synonym_tag
    where a.concept_blob -> 'units' -> 'USD' is not null
),

-- ── Step 4: Unnest the USD filing entries array ────────────────────────────────
-- usd_array is a concrete JSON column — unnesting a column is always safe.
unnested as (
    select
        cik,
        entity_name,
        concept_name                        as raw_concept,
        entry
    from tracked,
        unnest(usd_array::json[])           as t(entry)
),

-- ── Step 5: Parse JSON fields into typed columns ──────────────────────────────
-- ->> extracts a JSON field as text; try_cast handles malformed dates safely.
extracted as (
    select
        cik,
        entity_name,
        raw_concept,
        

coalesce(
    (
        select s.canonical_tag
        from "edgar"."main_seeds"."gaap_tag_synonyms" s
        where s.synonym_tag = raw_concept
        limit 1
    ),
    raw_concept
)
         as canonical_concept,
        try_cast(entry ->> 'val'    as double)          as reported_value,
        try_cast(entry ->> 'start'  as date)            as period_start,
        try_cast(entry ->> 'end'    as date)            as period_end,
        (entry ->> 'accn')                              as accession_number,
        upper(entry ->> 'form')                         as form_type,
        try_cast(entry ->> 'filed'  as date)            as filed_date,
        (entry ->> 'fp')                                as fiscal_period_label,
        -- Balance sheet items have no start date (point-in-time snapshot)
        -- Income statement items have both start and end (flow over a period)
        case
            when (entry ->> 'start') is null then 'instant'
            else 'duration'
        end                                             as value_type
    from unnested
    where
        try_cast(entry ->> 'val'   as double) is not null
        and try_cast(entry ->> 'end' as date) is not null
),

-- ── Step 6: Remove duplicate amendments ──────────────────────────────────────
-- A 10-K/A (amendment) supersedes the original 10-K for the same period.
-- Keep only the row with the latest filed_date per
-- (company, concept, period_end, form_type).
-- ROW_NUMBER = 1 is the most recently filed version.
deduped_amendments as (
    select
        *,
        row_number() over (
            partition by cik, canonical_concept, period_end, form_type
            order by filed_date desc nulls last
        ) as rn
    from extracted
),

latest_only as (
    select * exclude (rn)
    from deduped_amendments
    where rn = 1
),

-- ── Step 7: Remove 10-K / 10-Q period overlap ─────────────────────────────────
-- Annual 10-K filings contain Q4 and full-year data that also appears in 10-Qs.
-- Rule: Q1/Q2/Q3 → prefer 10-Q.  Q4 and FY → prefer 10-K.
-- ROW_NUMBER = 1 picks the preferred form type for each period.
form_deduped as (
    select
        *,
        

ceil(month(period_end) / 3.0)::integer
              as calendar_quarter,
        year(period_end)                                as period_year,
        row_number() over (
            partition by cik, canonical_concept, period_end
            order by
                case
                    when 

ceil(month(period_end) / 3.0)::integer
 in (1, 2, 3)
                         and form_type = '10-Q'         then 1
                    when 

ceil(month(period_end) / 3.0)::integer
 = 4
                         and form_type = '10-K'         then 1
                    when fiscal_period_label = 'FY'
                         and form_type = '10-K'         then 1
                    else 2
                end
        ) as form_rn
    from latest_only
)

select * exclude (form_rn)
from form_deduped
where form_rn = 1
    );
  
  
[0m13:50:43.588694 [debug] [Thread-1 (]: DuckDB adapter: duckdb error: Binder Error: No function matches the given name and argument types 'json_extract(JSON, BOOLEAN)'. You might need to add explicit type casts.
	Candidate functions:
	json_extract(VARCHAR, BIGINT) -> JSON
	json_extract(VARCHAR, VARCHAR) -> JSON
	json_extract(VARCHAR, VARCHAR[]) -> JSON[]
	json_extract(JSON, BIGINT) -> JSON
	json_extract(JSON, VARCHAR) -> JSON
	json_extract(JSON, VARCHAR[]) -> JSON[]

[0m13:50:43.589175 [debug] [Thread-1 (]: DuckDB adapter: Error running SQL: /* {"app": "dbt", "dbt_version": "1.11.8", "profile_name": "sec_edgar", "target_name": "dev", "node_id": "model.sec_edgar.stg_financials"} */

  
    
    

    create  table
      "edgar"."main_silver"."stg_financials__dbt_tmp"
  
    as (
      -- Silver: stg_financials
--
-- The hardest model in the project. Transforms the raw XBRL JSON blob into
-- clean, flat, deduplicated financial fact rows.
--
-- Five engineering problems solved here:
--   1. Unnesting   — the JSON is 3 levels deep before we reach individual values
--   2. Tag synonyms — Revenue has 6+ different concept names across companies
--   3. Amendments  — 10-K/A filings supersede the original; keep only the latest
--   4. Period overlap — 10-K and 10-Q both report Q4 data; keep one source
--   5. CIK format  — standardize to 10-digit zero-padded string



with

-- ── Step 1: Extract the us-gaap blob ─────────────────────────────────────────
-- We pull facts -> us-gaap out first using DuckDB's -> operator.
-- This avoids JSONPath hyphen issues with '$.us-gaap' in later steps.
bronze as (
    select
        lpad(cik_raw, 10, '0')             as cik,
        entity_name,
        facts_blob -> 'us-gaap'            as us_gaap_blob
    from "edgar"."main_bronze"."raw_company_facts"
    where facts_blob -> 'us-gaap' is not null
),

-- ── Step 2: Explode ALL concept keys and their blobs in one pass ──────────────
-- DuckDB zips multiple unnest() calls in the SELECT clause positionally.
-- json_extract(blob, VARCHAR[]) is the batch overload — it returns a JSON[]
-- aligned with the VARCHAR[] from json_keys(). This avoids dynamic key lookup
-- (-> column_name), which DuckDB resolves as a BOOLEAN, causing a binder error.
all_concepts as (
    select
        cik,
        entity_name,
        unnest(json_keys(us_gaap_blob))                              as concept_name,
        unnest(json_extract(us_gaap_blob, json_keys(us_gaap_blob)))  as concept_blob
    from bronze
),

-- ── Step 3: Filter to tracked concepts and extract the USD array ──────────────
-- After the parallel unnest, concept_blob holds the full concept object.
-- We filter here (not before) because zipped unnest requires both arrays to be
-- generated together. The inner join cuts ~99% of rows before the next unnest.
-- -> 'units' -> 'USD' uses literal keys only — safe with DuckDB's -> operator.
tracked as (
    select
        a.cik,
        a.entity_name,
        a.concept_name,
        a.concept_blob -> 'units' -> 'USD'   as usd_array
    from all_concepts a
    inner join "edgar"."main_seeds"."gaap_tag_synonyms" s
        on a.concept_name = s.synonym_tag
    where a.concept_blob -> 'units' -> 'USD' is not null
),

-- ── Step 4: Unnest the USD filing entries array ────────────────────────────────
-- usd_array is a concrete JSON column — unnesting a column is always safe.
unnested as (
    select
        cik,
        entity_name,
        concept_name                        as raw_concept,
        entry
    from tracked,
        unnest(usd_array::json[])           as t(entry)
),

-- ── Step 5: Parse JSON fields into typed columns ──────────────────────────────
-- ->> extracts a JSON field as text; try_cast handles malformed dates safely.
extracted as (
    select
        cik,
        entity_name,
        raw_concept,
        

coalesce(
    (
        select s.canonical_tag
        from "edgar"."main_seeds"."gaap_tag_synonyms" s
        where s.synonym_tag = raw_concept
        limit 1
    ),
    raw_concept
)
         as canonical_concept,
        try_cast(entry ->> 'val'    as double)          as reported_value,
        try_cast(entry ->> 'start'  as date)            as period_start,
        try_cast(entry ->> 'end'    as date)            as period_end,
        (entry ->> 'accn')                              as accession_number,
        upper(entry ->> 'form')                         as form_type,
        try_cast(entry ->> 'filed'  as date)            as filed_date,
        (entry ->> 'fp')                                as fiscal_period_label,
        -- Balance sheet items have no start date (point-in-time snapshot)
        -- Income statement items have both start and end (flow over a period)
        case
            when (entry ->> 'start') is null then 'instant'
            else 'duration'
        end                                             as value_type
    from unnested
    where
        try_cast(entry ->> 'val'   as double) is not null
        and try_cast(entry ->> 'end' as date) is not null
),

-- ── Step 6: Remove duplicate amendments ──────────────────────────────────────
-- A 10-K/A (amendment) supersedes the original 10-K for the same period.
-- Keep only the row with the latest filed_date per
-- (company, concept, period_end, form_type).
-- ROW_NUMBER = 1 is the most recently filed version.
deduped_amendments as (
    select
        *,
        row_number() over (
            partition by cik, canonical_concept, period_end, form_type
            order by filed_date desc nulls last
        ) as rn
    from extracted
),

latest_only as (
    select * exclude (rn)
    from deduped_amendments
    where rn = 1
),

-- ── Step 7: Remove 10-K / 10-Q period overlap ─────────────────────────────────
-- Annual 10-K filings contain Q4 and full-year data that also appears in 10-Qs.
-- Rule: Q1/Q2/Q3 → prefer 10-Q.  Q4 and FY → prefer 10-K.
-- ROW_NUMBER = 1 picks the preferred form type for each period.
form_deduped as (
    select
        *,
        

ceil(month(period_end) / 3.0)::integer
              as calendar_quarter,
        year(period_end)                                as period_year,
        row_number() over (
            partition by cik, canonical_concept, period_end
            order by
                case
                    when 

ceil(month(period_end) / 3.0)::integer
 in (1, 2, 3)
                         and form_type = '10-Q'         then 1
                    when 

ceil(month(period_end) / 3.0)::integer
 = 4
                         and form_type = '10-K'         then 1
                    when fiscal_period_label = 'FY'
                         and form_type = '10-K'         then 1
                    else 2
                end
        ) as form_rn
    from latest_only
)

select * exclude (form_rn)
from form_deduped
where form_rn = 1
    );
  
  
[0m13:50:43.589603 [debug] [Thread-1 (]: DuckDB adapter: Rolling back transaction.
[0m13:50:43.589843 [debug] [Thread-1 (]: On model.sec_edgar.stg_financials: ROLLBACK
[0m13:50:43.592750 [debug] [Thread-1 (]: Failed to rollback 'model.sec_edgar.stg_financials'
[0m13:50:43.593242 [debug] [Thread-1 (]: On model.sec_edgar.stg_financials: Close
[0m13:50:43.599577 [debug] [Thread-1 (]: Runtime Error in model stg_financials (models\silver\stg_financials.sql)
  Binder Error: No function matches the given name and argument types 'json_extract(JSON, BOOLEAN)'. You might need to add explicit type casts.
  	Candidate functions:
  	json_extract(VARCHAR, BIGINT) -> JSON
  	json_extract(VARCHAR, VARCHAR) -> JSON
  	json_extract(VARCHAR, VARCHAR[]) -> JSON[]
  	json_extract(JSON, BIGINT) -> JSON
  	json_extract(JSON, VARCHAR) -> JSON
  	json_extract(JSON, VARCHAR[]) -> JSON[]
  
[0m13:50:43.601147 [debug] [Thread-1 (]: Sending event: {'category': 'dbt', 'action': 'run_model', 'label': 'c380224c-054e-47e2-b514-728aac264f97', 'context': [<snowplow_tracker.self_describing_json.SelfDescribingJson object at 0x0000022AE51C7C50>]}
[0m13:50:43.601698 [error] [Thread-1 (]: 1 of 1 ERROR creating sql table model main_silver.stg_financials ............... [[31mERROR[0m in 0.05s]
[0m13:50:43.602386 [debug] [Thread-1 (]: Finished running node model.sec_edgar.stg_financials
[0m13:50:43.602881 [debug] [Thread-7 (]: Marking all children of 'model.sec_edgar.stg_financials' to be skipped because of status 'error'.  Reason: Runtime Error in model stg_financials (models\silver\stg_financials.sql)
  Binder Error: No function matches the given name and argument types 'json_extract(JSON, BOOLEAN)'. You might need to add explicit type casts.
  	Candidate functions:
  	json_extract(VARCHAR, BIGINT) -> JSON
  	json_extract(VARCHAR, VARCHAR) -> JSON
  	json_extract(VARCHAR, VARCHAR[]) -> JSON[]
  	json_extract(JSON, BIGINT) -> JSON
  	json_extract(JSON, VARCHAR) -> JSON
  	json_extract(JSON, VARCHAR[]) -> JSON[]
  .
[0m13:50:43.604610 [debug] [MainThread]: Using duckdb connection "master"
[0m13:50:43.604888 [debug] [MainThread]: On master: BEGIN
[0m13:50:43.605212 [debug] [MainThread]: Opening a new connection, currently in state closed
[0m13:50:43.605663 [debug] [MainThread]: SQL status: OK in 0.000 seconds
[0m13:50:43.605896 [debug] [MainThread]: On master: COMMIT
[0m13:50:43.606114 [debug] [MainThread]: Using duckdb connection "master"
[0m13:50:43.606295 [debug] [MainThread]: On master: COMMIT
[0m13:50:43.606607 [debug] [MainThread]: SQL status: OK in 0.000 seconds
[0m13:50:43.606864 [debug] [MainThread]: On master: Close
[0m13:50:43.607155 [debug] [MainThread]: Connection 'master' was properly closed.
[0m13:50:43.607354 [debug] [MainThread]: Connection 'create_edgar_main_silver' was properly closed.
[0m13:50:43.607530 [debug] [MainThread]: Connection 'list_edgar_main_gold' was properly closed.
[0m13:50:43.607696 [debug] [MainThread]: Connection 'list_edgar_main_bronze' was properly closed.
[0m13:50:43.607863 [debug] [MainThread]: Connection 'list_edgar_main_seeds' was properly closed.
[0m13:50:43.608023 [debug] [MainThread]: Connection 'list_edgar_main_silver' was properly closed.
[0m13:50:43.608177 [debug] [MainThread]: Connection 'model.sec_edgar.stg_financials' was properly closed.
[0m13:50:43.608368 [info ] [MainThread]: 
[0m13:50:43.608790 [info ] [MainThread]: Finished running 1 table model in 0 hours 0 minutes and 0.24 seconds (0.24s).
[0m13:50:43.609408 [debug] [MainThread]: Command end result
[0m13:50:43.632856 [debug] [MainThread]: Wrote artifact WritableManifest to C:\Krish\Project\sec-edgar-pipeline\dbt\target\manifest.json
[0m13:50:43.635690 [debug] [MainThread]: Wrote artifact SemanticManifest to C:\Krish\Project\sec-edgar-pipeline\dbt\target\semantic_manifest.json
[0m13:50:43.640437 [debug] [MainThread]: Wrote artifact RunExecutionResult to C:\Krish\Project\sec-edgar-pipeline\dbt\target\run_results.json
[0m13:50:43.640787 [info ] [MainThread]: 
[0m13:50:43.641247 [info ] [MainThread]: [31mCompleted with 1 error, 0 partial successes, and 0 warnings:[0m
[0m13:50:43.641624 [info ] [MainThread]: 
[0m13:50:43.642153 [error] [MainThread]: [31mFailure in model stg_financials (models\silver\stg_financials.sql)[0m
[0m13:50:43.642541 [error] [MainThread]:   Runtime Error in model stg_financials (models\silver\stg_financials.sql)
  Binder Error: No function matches the given name and argument types 'json_extract(JSON, BOOLEAN)'. You might need to add explicit type casts.
  	Candidate functions:
  	json_extract(VARCHAR, BIGINT) -> JSON
  	json_extract(VARCHAR, VARCHAR) -> JSON
  	json_extract(VARCHAR, VARCHAR[]) -> JSON[]
  	json_extract(JSON, BIGINT) -> JSON
  	json_extract(JSON, VARCHAR) -> JSON
  	json_extract(JSON, VARCHAR[]) -> JSON[]
  
[0m13:50:43.642871 [info ] [MainThread]: 
[0m13:50:43.643175 [info ] [MainThread]:   compiled code at target\compiled\sec_edgar\models\silver\stg_financials.sql
[0m13:50:43.643426 [info ] [MainThread]: 
[0m13:50:43.643707 [info ] [MainThread]: Done. PASS=0 WARN=0 ERROR=1 SKIP=0 NO-OP=0 TOTAL=1
[0m13:50:43.644286 [debug] [MainThread]: Command `dbt run` failed at 13:50:43.644200 after 2.04 seconds
[0m13:50:43.644559 [debug] [MainThread]: Sending event: {'category': 'dbt', 'action': 'invocation', 'label': 'end', 'context': [<snowplow_tracker.self_describing_json.SelfDescribingJson object at 0x0000022AE53E5E90>, <snowplow_tracker.self_describing_json.SelfDescribingJson object at 0x0000022AE559FE30>, <snowplow_tracker.self_describing_json.SelfDescribingJson object at 0x0000022AE559CC30>]}
[0m13:50:43.644834 [debug] [MainThread]: Flushing usage events
[0m13:50:44.043113 [debug] [MainThread]: An error was encountered while trying to flush usage events
[0m13:51:58.237306 [debug] [MainThread]: Sending event: {'category': 'dbt', 'action': 'invocation', 'label': 'start', 'context': [<snowplow_tracker.self_describing_json.SelfDescribingJson object at 0x000001D34C137770>, <snowplow_tracker.self_describing_json.SelfDescribingJson object at 0x000001D348FEB610>, <snowplow_tracker.self_describing_json.SelfDescribingJson object at 0x000001D34E3DBC50>]}


============================== 13:51:58.241315 | 0be2bfc6-cffe-49ca-b815-f11638e823d6 ==============================
[0m13:51:58.241315 [info ] [MainThread]: Running with dbt=1.11.8
[0m13:51:58.242083 [debug] [MainThread]: running dbt with arguments {'warn_error_options': 'WarnErrorOptionsV2(error=[], warn=[], silence=[])', 'use_colors': 'True', 'introspect': 'True', 'log_cache_events': 'False', 'fail_fast': 'False', 'write_json': 'True', 'empty': 'False', 'target_path': 'None', 'cache_selected_only': 'False', 'warn_error': 'None', 'partial_parse': 'False', 'indirect_selection': 'eager', 'static_parser': 'True', 'use_experimental_parser': 'False', 'log_path': 'C:\\Krish\\Project\\sec-edgar-pipeline\\dbt\\logs', 'debug': 'False', 'log_format': 'default', 'quiet': 'False', 'invocation_command': 'dbt run --select stg_financials --no-partial-parse', 'no_print': 'None', 'printer_width': '80', 'profiles_dir': 'C:\\Krish\\Project\\sec-edgar-pipeline\\dbt', 'version_check': 'True', 'send_anonymous_usage_stats': 'True'}
[0m13:51:58.448350 [debug] [MainThread]: Sending event: {'category': 'dbt', 'action': 'project_id', 'label': '0be2bfc6-cffe-49ca-b815-f11638e823d6', 'context': [<snowplow_tracker.self_describing_json.SelfDescribingJson object at 0x000001D34C6C0510>]}
[0m13:51:58.496518 [debug] [MainThread]: Sending event: {'category': 'dbt', 'action': 'adapter_info', 'label': '0be2bfc6-cffe-49ca-b815-f11638e823d6', 'context': [<snowplow_tracker.self_describing_json.SelfDescribingJson object at 0x000001D34E56CF30>]}
[0m13:51:58.498966 [info ] [MainThread]: Registered adapter: duckdb=1.10.1
[0m13:51:58.673306 [debug] [MainThread]: checksum: 7d524ac048c2100769df89d592e662e060a73ca564e31bd9c2a37efdfe8d8ab6, vars: {}, profile: , target: , version: 1.11.8
[0m13:51:58.674141 [debug] [MainThread]: Partial parsing not enabled
[0m13:51:59.794343 [debug] [MainThread]: Sending event: {'category': 'dbt', 'action': 'load_project', 'label': '0be2bfc6-cffe-49ca-b815-f11638e823d6', 'context': [<snowplow_tracker.self_describing_json.SelfDescribingJson object at 0x000001D34EA66150>]}
[0m13:51:59.876782 [debug] [MainThread]: Wrote artifact WritableManifest to C:\Krish\Project\sec-edgar-pipeline\dbt\target\manifest.json
[0m13:51:59.879674 [debug] [MainThread]: Wrote artifact SemanticManifest to C:\Krish\Project\sec-edgar-pipeline\dbt\target\semantic_manifest.json
[0m13:51:59.890685 [debug] [MainThread]: Sending event: {'category': 'dbt', 'action': 'resource_counts', 'label': '0be2bfc6-cffe-49ca-b815-f11638e823d6', 'context': [<snowplow_tracker.self_describing_json.SelfDescribingJson object at 0x000001D34E345F40>]}
[0m13:51:59.891092 [info ] [MainThread]: Found 10 models, 28 data tests, 1 seed, 477 macros
[0m13:51:59.891674 [debug] [MainThread]: Sending event: {'category': 'dbt', 'action': 'runnable_timing', 'label': '0be2bfc6-cffe-49ca-b815-f11638e823d6', 'context': [<snowplow_tracker.self_describing_json.SelfDescribingJson object at 0x000001D34EFA8F30>]}
[0m13:51:59.893054 [info ] [MainThread]: 
[0m13:51:59.893500 [info ] [MainThread]: Concurrency: 4 threads (target='dev')
[0m13:51:59.893847 [info ] [MainThread]: 
[0m13:51:59.894319 [debug] [MainThread]: Acquiring new duckdb connection 'master'
[0m13:51:59.895161 [debug] [ThreadPool]: Acquiring new duckdb connection 'list_edgar'
[0m13:52:00.024828 [debug] [ThreadPool]: Using duckdb connection "list_edgar"
[0m13:52:00.025214 [debug] [ThreadPool]: On list_edgar: /* {"app": "dbt", "dbt_version": "1.11.8", "profile_name": "sec_edgar", "target_name": "dev", "connection_name": "list_edgar"} */

    
    select schema_name
    from system.information_schema.schemata
    
    where lower(catalog_name) = '"edgar"'
    
  
  
[0m13:52:00.025457 [debug] [ThreadPool]: Opening a new connection, currently in state init
[0m13:52:00.037105 [debug] [ThreadPool]: SQL status: OK in 0.011 seconds
[0m13:52:00.038429 [debug] [ThreadPool]: On list_edgar: Close
[0m13:52:00.039116 [debug] [ThreadPool]: Re-using an available connection from the pool (formerly list_edgar, now create_edgar_main_silver)
[0m13:52:00.039514 [debug] [ThreadPool]: Creating schema "database: "edgar"
schema: "main_silver"
"
[0m13:52:00.044303 [debug] [ThreadPool]: Using duckdb connection "create_edgar_main_silver"
[0m13:52:00.044681 [debug] [ThreadPool]: On create_edgar_main_silver: /* {"app": "dbt", "dbt_version": "1.11.8", "profile_name": "sec_edgar", "target_name": "dev", "connection_name": "create_edgar_main_silver"} */

    
        select type from duckdb_databases()
        where lower(database_name)='edgar'
        and type='sqlite'
    
  
[0m13:52:00.045045 [debug] [ThreadPool]: Opening a new connection, currently in state closed
[0m13:52:00.046000 [debug] [ThreadPool]: SQL status: OK in 0.001 seconds
[0m13:52:00.046979 [debug] [ThreadPool]: Using duckdb connection "create_edgar_main_silver"
[0m13:52:00.047317 [debug] [ThreadPool]: On create_edgar_main_silver: BEGIN
[0m13:52:00.047727 [debug] [ThreadPool]: SQL status: OK in 0.000 seconds
[0m13:52:00.047972 [debug] [ThreadPool]: Using duckdb connection "create_edgar_main_silver"
[0m13:52:00.048179 [debug] [ThreadPool]: On create_edgar_main_silver: /* {"app": "dbt", "dbt_version": "1.11.8", "profile_name": "sec_edgar", "target_name": "dev", "connection_name": "create_edgar_main_silver"} */

    
    
        create schema if not exists "edgar"."main_silver"
    
[0m13:52:00.048584 [debug] [ThreadPool]: SQL status: OK in 0.000 seconds
[0m13:52:00.049237 [debug] [ThreadPool]: On create_edgar_main_silver: COMMIT
[0m13:52:00.049474 [debug] [ThreadPool]: Using duckdb connection "create_edgar_main_silver"
[0m13:52:00.049714 [debug] [ThreadPool]: On create_edgar_main_silver: COMMIT
[0m13:52:00.050100 [debug] [ThreadPool]: SQL status: OK in 0.000 seconds
[0m13:52:00.050350 [debug] [ThreadPool]: On create_edgar_main_silver: Close
[0m13:52:00.054538 [debug] [ThreadPool]: Acquiring new duckdb connection 'list_edgar_main_bronze'
[0m13:52:00.059216 [debug] [ThreadPool]: Acquiring new duckdb connection 'list_edgar_main_silver'
[0m13:52:00.058866 [debug] [ThreadPool]: Using duckdb connection "list_edgar_main_bronze"
[0m13:52:00.060602 [debug] [ThreadPool]: Using duckdb connection "list_edgar_main_silver"
[0m13:52:00.061114 [debug] [ThreadPool]: On list_edgar_main_bronze: BEGIN
[0m13:52:00.061438 [debug] [ThreadPool]: Acquiring new duckdb connection 'list_edgar_main_seeds'
[0m13:52:00.061843 [debug] [ThreadPool]: On list_edgar_main_silver: BEGIN
[0m13:52:00.062227 [debug] [ThreadPool]: Acquiring new duckdb connection 'list_edgar_main_gold'
[0m13:52:00.062467 [debug] [ThreadPool]: Opening a new connection, currently in state init
[0m13:52:00.063634 [debug] [ThreadPool]: Using duckdb connection "list_edgar_main_seeds"
[0m13:52:00.063970 [debug] [ThreadPool]: Opening a new connection, currently in state init
[0m13:52:00.066610 [debug] [ThreadPool]: Using duckdb connection "list_edgar_main_gold"
[0m13:52:00.067116 [debug] [ThreadPool]: On list_edgar_main_seeds: BEGIN
[0m13:52:00.067520 [debug] [ThreadPool]: SQL status: OK in 0.005 seconds
[0m13:52:00.067885 [debug] [ThreadPool]: On list_edgar_main_gold: BEGIN
[0m13:52:00.068133 [debug] [ThreadPool]: SQL status: OK in 0.004 seconds
[0m13:52:00.068374 [debug] [ThreadPool]: Opening a new connection, currently in state init
[0m13:52:00.068598 [debug] [ThreadPool]: Using duckdb connection "list_edgar_main_bronze"
[0m13:52:00.068813 [debug] [ThreadPool]: Opening a new connection, currently in state init
[0m13:52:00.069027 [debug] [ThreadPool]: Using duckdb connection "list_edgar_main_silver"
[0m13:52:00.069377 [debug] [ThreadPool]: On list_edgar_main_bronze: /* {"app": "dbt", "dbt_version": "1.11.8", "profile_name": "sec_edgar", "target_name": "dev", "connection_name": "list_edgar_main_bronze"} */
select
      'edgar' as database,
      table_name as name,
      table_schema as schema,
      CASE table_type
        WHEN 'BASE TABLE' THEN 'table'
        WHEN 'VIEW' THEN 'view'
        WHEN 'LOCAL TEMPORARY' THEN 'table'
        END as type
    from system.information_schema.tables
    where lower(table_schema) = 'main_bronze'
    and lower(table_catalog) = 'edgar'
  
[0m13:52:00.069863 [debug] [ThreadPool]: On list_edgar_main_silver: /* {"app": "dbt", "dbt_version": "1.11.8", "profile_name": "sec_edgar", "target_name": "dev", "connection_name": "list_edgar_main_silver"} */
select
      'edgar' as database,
      table_name as name,
      table_schema as schema,
      CASE table_type
        WHEN 'BASE TABLE' THEN 'table'
        WHEN 'VIEW' THEN 'view'
        WHEN 'LOCAL TEMPORARY' THEN 'table'
        END as type
    from system.information_schema.tables
    where lower(table_schema) = 'main_silver'
    and lower(table_catalog) = 'edgar'
  
[0m13:52:00.070135 [debug] [ThreadPool]: SQL status: OK in 0.002 seconds
[0m13:52:00.070449 [debug] [ThreadPool]: SQL status: OK in 0.002 seconds
[0m13:52:00.070975 [debug] [ThreadPool]: Using duckdb connection "list_edgar_main_seeds"
[0m13:52:00.071274 [debug] [ThreadPool]: Using duckdb connection "list_edgar_main_gold"
[0m13:52:00.071542 [debug] [ThreadPool]: On list_edgar_main_seeds: /* {"app": "dbt", "dbt_version": "1.11.8", "profile_name": "sec_edgar", "target_name": "dev", "connection_name": "list_edgar_main_seeds"} */
select
      'edgar' as database,
      table_name as name,
      table_schema as schema,
      CASE table_type
        WHEN 'BASE TABLE' THEN 'table'
        WHEN 'VIEW' THEN 'view'
        WHEN 'LOCAL TEMPORARY' THEN 'table'
        END as type
    from system.information_schema.tables
    where lower(table_schema) = 'main_seeds'
    and lower(table_catalog) = 'edgar'
  
[0m13:52:00.071858 [debug] [ThreadPool]: On list_edgar_main_gold: /* {"app": "dbt", "dbt_version": "1.11.8", "profile_name": "sec_edgar", "target_name": "dev", "connection_name": "list_edgar_main_gold"} */
select
      'edgar' as database,
      table_name as name,
      table_schema as schema,
      CASE table_type
        WHEN 'BASE TABLE' THEN 'table'
        WHEN 'VIEW' THEN 'view'
        WHEN 'LOCAL TEMPORARY' THEN 'table'
        END as type
    from system.information_schema.tables
    where lower(table_schema) = 'main_gold'
    and lower(table_catalog) = 'edgar'
  
[0m13:52:00.073239 [debug] [ThreadPool]: SQL status: OK in 0.003 seconds
[0m13:52:00.073623 [debug] [ThreadPool]: SQL status: OK in 0.003 seconds
[0m13:52:00.074857 [debug] [ThreadPool]: SQL status: OK in 0.003 seconds
[0m13:52:00.074564 [debug] [ThreadPool]: On list_edgar_main_bronze: ROLLBACK
[0m13:52:00.075979 [debug] [ThreadPool]: On list_edgar_main_silver: ROLLBACK
[0m13:52:00.076303 [debug] [ThreadPool]: SQL status: OK in 0.004 seconds
[0m13:52:00.077266 [debug] [ThreadPool]: On list_edgar_main_seeds: ROLLBACK
[0m13:52:00.078285 [debug] [ThreadPool]: On list_edgar_main_gold: ROLLBACK
[0m13:52:00.079233 [debug] [ThreadPool]: Failed to rollback 'list_edgar_main_silver'
[0m13:52:00.079497 [debug] [ThreadPool]: On list_edgar_main_silver: Close
[0m13:52:00.080098 [debug] [ThreadPool]: Failed to rollback 'list_edgar_main_bronze'
[0m13:52:00.080345 [debug] [ThreadPool]: On list_edgar_main_bronze: Close
[0m13:52:00.081150 [debug] [ThreadPool]: Failed to rollback 'list_edgar_main_gold'
[0m13:52:00.081394 [debug] [ThreadPool]: On list_edgar_main_gold: Close
[0m13:52:00.082531 [debug] [ThreadPool]: Failed to rollback 'list_edgar_main_seeds'
[0m13:52:00.082767 [debug] [ThreadPool]: On list_edgar_main_seeds: Close
[0m13:52:00.083528 [debug] [MainThread]: Sending event: {'category': 'dbt', 'action': 'runnable_timing', 'label': '0be2bfc6-cffe-49ca-b815-f11638e823d6', 'context': [<snowplow_tracker.self_describing_json.SelfDescribingJson object at 0x000001D34EB5B860>]}
[0m13:52:00.083888 [debug] [MainThread]: Using duckdb connection "master"
[0m13:52:00.084112 [debug] [MainThread]: On master: BEGIN
[0m13:52:00.084293 [debug] [MainThread]: Opening a new connection, currently in state init
[0m13:52:00.084713 [debug] [MainThread]: SQL status: OK in 0.000 seconds
[0m13:52:00.084959 [debug] [MainThread]: On master: COMMIT
[0m13:52:00.085163 [debug] [MainThread]: Using duckdb connection "master"
[0m13:52:00.085361 [debug] [MainThread]: On master: COMMIT
[0m13:52:00.085683 [debug] [MainThread]: SQL status: OK in 0.000 seconds
[0m13:52:00.085930 [debug] [MainThread]: On master: Close
[0m13:52:00.088629 [debug] [Thread-1 (]: Began running node model.sec_edgar.stg_financials
[0m13:52:00.089075 [info ] [Thread-1 (]: 1 of 1 START sql table model main_silver.stg_financials ........................ [RUN]
[0m13:52:00.089684 [debug] [Thread-1 (]: Acquiring new duckdb connection 'model.sec_edgar.stg_financials'
[0m13:52:00.089959 [debug] [Thread-1 (]: Began compiling node model.sec_edgar.stg_financials
[0m13:52:00.096153 [debug] [Thread-1 (]: Writing injected SQL for node "model.sec_edgar.stg_financials"
[0m13:52:00.097018 [debug] [Thread-1 (]: Began executing node model.sec_edgar.stg_financials
[0m13:52:00.125306 [debug] [Thread-1 (]: Writing runtime sql for node "model.sec_edgar.stg_financials"
[0m13:52:00.126312 [debug] [Thread-1 (]: Using duckdb connection "model.sec_edgar.stg_financials"
[0m13:52:00.126794 [debug] [Thread-1 (]: On model.sec_edgar.stg_financials: BEGIN
[0m13:52:00.127099 [debug] [Thread-1 (]: Opening a new connection, currently in state init
[0m13:52:00.127910 [debug] [Thread-1 (]: SQL status: OK in 0.001 seconds
[0m13:52:00.128227 [debug] [Thread-1 (]: Using duckdb connection "model.sec_edgar.stg_financials"
[0m13:52:00.128649 [debug] [Thread-1 (]: On model.sec_edgar.stg_financials: /* {"app": "dbt", "dbt_version": "1.11.8", "profile_name": "sec_edgar", "target_name": "dev", "node_id": "model.sec_edgar.stg_financials"} */

  
    
    

    create  table
      "edgar"."main_silver"."stg_financials__dbt_tmp"
  
    as (
      -- Silver: stg_financials
--
-- The hardest model in the project. Transforms the raw XBRL JSON blob into
-- clean, flat, deduplicated financial fact rows.
--
-- Five engineering problems solved here:
--   1. Unnesting   — the JSON is 3 levels deep before we reach individual values
--   2. Tag synonyms — Revenue has 6+ different concept names across companies
--   3. Amendments  — 10-K/A filings supersede the original; keep only the latest
--   4. Period overlap — 10-K and 10-Q both report Q4 data; keep one source
--   5. CIK format  — standardize to 10-digit zero-padded string



with

-- ── Step 1: Extract the us-gaap blob ─────────────────────────────────────────
-- We pull facts -> us-gaap out first using DuckDB's -> operator.
-- This avoids JSONPath hyphen issues with '$.us-gaap' in later steps.
bronze as (
    select
        lpad(cik_raw, 10, '0')             as cik,
        entity_name,
        facts_blob -> 'us-gaap'            as us_gaap_blob
    from "edgar"."main_bronze"."raw_company_facts"
    where (facts_blob -> 'us-gaap') is not null
),

-- ── Step 2: Explode ALL concept keys and their blobs in one pass ──────────────
-- DuckDB zips multiple unnest() calls in the SELECT clause positionally.
-- json_extract(blob, VARCHAR[]) is the batch overload — it returns a JSON[]
-- aligned with the VARCHAR[] from json_keys(). This avoids dynamic key lookup
-- (-> column_name), which DuckDB resolves as a BOOLEAN, causing a binder error.
all_concepts as (
    select
        cik,
        entity_name,
        unnest(json_keys(us_gaap_blob))                              as concept_name,
        unnest(json_extract(us_gaap_blob, json_keys(us_gaap_blob)))  as concept_blob
    from bronze
),

-- ── Step 3: Filter to tracked concepts and extract the USD array ──────────────
-- After the parallel unnest, concept_blob holds the full concept object.
-- We filter here (not before) because zipped unnest requires both arrays to be
-- generated together. The inner join cuts ~99% of rows before the next unnest.
-- -> 'units' -> 'USD' uses literal keys only — safe with DuckDB's -> operator.
tracked as (
    select
        a.cik,
        a.entity_name,
        a.concept_name,
        a.concept_blob -> 'units' -> 'USD'   as usd_array
    from all_concepts a
    inner join "edgar"."main_seeds"."gaap_tag_synonyms" s
        on a.concept_name = s.synonym_tag
    where (a.concept_blob -> 'units' -> 'USD') is not null
),

-- ── Step 4: Unnest the USD filing entries array ────────────────────────────────
-- usd_array is a concrete JSON column — unnesting a column is always safe.
unnested as (
    select
        cik,
        entity_name,
        concept_name                        as raw_concept,
        entry
    from tracked,
        unnest(usd_array::json[])           as t(entry)
),

-- ── Step 5: Parse JSON fields into typed columns ──────────────────────────────
-- ->> extracts a JSON field as text; try_cast handles malformed dates safely.
extracted as (
    select
        cik,
        entity_name,
        raw_concept,
        

coalesce(
    (
        select s.canonical_tag
        from "edgar"."main_seeds"."gaap_tag_synonyms" s
        where s.synonym_tag = raw_concept
        limit 1
    ),
    raw_concept
)
         as canonical_concept,
        try_cast(entry ->> 'val'    as double)          as reported_value,
        try_cast(entry ->> 'start'  as date)            as period_start,
        try_cast(entry ->> 'end'    as date)            as period_end,
        (entry ->> 'accn')                              as accession_number,
        upper(entry ->> 'form')                         as form_type,
        try_cast(entry ->> 'filed'  as date)            as filed_date,
        (entry ->> 'fp')                                as fiscal_period_label,
        -- Balance sheet items have no start date (point-in-time snapshot)
        -- Income statement items have both start and end (flow over a period)
        case
            when (entry ->> 'start') is null then 'instant'
            else 'duration'
        end                                             as value_type
    from unnested
    where
        try_cast(entry ->> 'val'   as double) is not null
        and try_cast(entry ->> 'end' as date) is not null
),

-- ── Step 6: Remove duplicate amendments ──────────────────────────────────────
-- A 10-K/A (amendment) supersedes the original 10-K for the same period.
-- Keep only the row with the latest filed_date per
-- (company, concept, period_end, form_type).
-- ROW_NUMBER = 1 is the most recently filed version.
deduped_amendments as (
    select
        *,
        row_number() over (
            partition by cik, canonical_concept, period_end, form_type
            order by filed_date desc nulls last
        ) as rn
    from extracted
),

latest_only as (
    select * exclude (rn)
    from deduped_amendments
    where rn = 1
),

-- ── Step 7: Remove 10-K / 10-Q period overlap ─────────────────────────────────
-- Annual 10-K filings contain Q4 and full-year data that also appears in 10-Qs.
-- Rule: Q1/Q2/Q3 → prefer 10-Q.  Q4 and FY → prefer 10-K.
-- ROW_NUMBER = 1 picks the preferred form type for each period.
form_deduped as (
    select
        *,
        

ceil(month(period_end) / 3.0)::integer
              as calendar_quarter,
        year(period_end)                                as period_year,
        row_number() over (
            partition by cik, canonical_concept, period_end
            order by
                case
                    when 

ceil(month(period_end) / 3.0)::integer
 in (1, 2, 3)
                         and form_type = '10-Q'         then 1
                    when 

ceil(month(period_end) / 3.0)::integer
 = 4
                         and form_type = '10-K'         then 1
                    when fiscal_period_label = 'FY'
                         and form_type = '10-K'         then 1
                    else 2
                end
        ) as form_rn
    from latest_only
)

select * exclude (form_rn)
from form_deduped
where form_rn = 1
    );
  
  
[0m13:52:00.131604 [debug] [Thread-1 (]: DuckDB adapter: duckdb error: Binder Error: List of paths must be constant
[0m13:52:00.132167 [debug] [Thread-1 (]: DuckDB adapter: Error running SQL: /* {"app": "dbt", "dbt_version": "1.11.8", "profile_name": "sec_edgar", "target_name": "dev", "node_id": "model.sec_edgar.stg_financials"} */

  
    
    

    create  table
      "edgar"."main_silver"."stg_financials__dbt_tmp"
  
    as (
      -- Silver: stg_financials
--
-- The hardest model in the project. Transforms the raw XBRL JSON blob into
-- clean, flat, deduplicated financial fact rows.
--
-- Five engineering problems solved here:
--   1. Unnesting   — the JSON is 3 levels deep before we reach individual values
--   2. Tag synonyms — Revenue has 6+ different concept names across companies
--   3. Amendments  — 10-K/A filings supersede the original; keep only the latest
--   4. Period overlap — 10-K and 10-Q both report Q4 data; keep one source
--   5. CIK format  — standardize to 10-digit zero-padded string



with

-- ── Step 1: Extract the us-gaap blob ─────────────────────────────────────────
-- We pull facts -> us-gaap out first using DuckDB's -> operator.
-- This avoids JSONPath hyphen issues with '$.us-gaap' in later steps.
bronze as (
    select
        lpad(cik_raw, 10, '0')             as cik,
        entity_name,
        facts_blob -> 'us-gaap'            as us_gaap_blob
    from "edgar"."main_bronze"."raw_company_facts"
    where (facts_blob -> 'us-gaap') is not null
),

-- ── Step 2: Explode ALL concept keys and their blobs in one pass ──────────────
-- DuckDB zips multiple unnest() calls in the SELECT clause positionally.
-- json_extract(blob, VARCHAR[]) is the batch overload — it returns a JSON[]
-- aligned with the VARCHAR[] from json_keys(). This avoids dynamic key lookup
-- (-> column_name), which DuckDB resolves as a BOOLEAN, causing a binder error.
all_concepts as (
    select
        cik,
        entity_name,
        unnest(json_keys(us_gaap_blob))                              as concept_name,
        unnest(json_extract(us_gaap_blob, json_keys(us_gaap_blob)))  as concept_blob
    from bronze
),

-- ── Step 3: Filter to tracked concepts and extract the USD array ──────────────
-- After the parallel unnest, concept_blob holds the full concept object.
-- We filter here (not before) because zipped unnest requires both arrays to be
-- generated together. The inner join cuts ~99% of rows before the next unnest.
-- -> 'units' -> 'USD' uses literal keys only — safe with DuckDB's -> operator.
tracked as (
    select
        a.cik,
        a.entity_name,
        a.concept_name,
        a.concept_blob -> 'units' -> 'USD'   as usd_array
    from all_concepts a
    inner join "edgar"."main_seeds"."gaap_tag_synonyms" s
        on a.concept_name = s.synonym_tag
    where (a.concept_blob -> 'units' -> 'USD') is not null
),

-- ── Step 4: Unnest the USD filing entries array ────────────────────────────────
-- usd_array is a concrete JSON column — unnesting a column is always safe.
unnested as (
    select
        cik,
        entity_name,
        concept_name                        as raw_concept,
        entry
    from tracked,
        unnest(usd_array::json[])           as t(entry)
),

-- ── Step 5: Parse JSON fields into typed columns ──────────────────────────────
-- ->> extracts a JSON field as text; try_cast handles malformed dates safely.
extracted as (
    select
        cik,
        entity_name,
        raw_concept,
        

coalesce(
    (
        select s.canonical_tag
        from "edgar"."main_seeds"."gaap_tag_synonyms" s
        where s.synonym_tag = raw_concept
        limit 1
    ),
    raw_concept
)
         as canonical_concept,
        try_cast(entry ->> 'val'    as double)          as reported_value,
        try_cast(entry ->> 'start'  as date)            as period_start,
        try_cast(entry ->> 'end'    as date)            as period_end,
        (entry ->> 'accn')                              as accession_number,
        upper(entry ->> 'form')                         as form_type,
        try_cast(entry ->> 'filed'  as date)            as filed_date,
        (entry ->> 'fp')                                as fiscal_period_label,
        -- Balance sheet items have no start date (point-in-time snapshot)
        -- Income statement items have both start and end (flow over a period)
        case
            when (entry ->> 'start') is null then 'instant'
            else 'duration'
        end                                             as value_type
    from unnested
    where
        try_cast(entry ->> 'val'   as double) is not null
        and try_cast(entry ->> 'end' as date) is not null
),

-- ── Step 6: Remove duplicate amendments ──────────────────────────────────────
-- A 10-K/A (amendment) supersedes the original 10-K for the same period.
-- Keep only the row with the latest filed_date per
-- (company, concept, period_end, form_type).
-- ROW_NUMBER = 1 is the most recently filed version.
deduped_amendments as (
    select
        *,
        row_number() over (
            partition by cik, canonical_concept, period_end, form_type
            order by filed_date desc nulls last
        ) as rn
    from extracted
),

latest_only as (
    select * exclude (rn)
    from deduped_amendments
    where rn = 1
),

-- ── Step 7: Remove 10-K / 10-Q period overlap ─────────────────────────────────
-- Annual 10-K filings contain Q4 and full-year data that also appears in 10-Qs.
-- Rule: Q1/Q2/Q3 → prefer 10-Q.  Q4 and FY → prefer 10-K.
-- ROW_NUMBER = 1 picks the preferred form type for each period.
form_deduped as (
    select
        *,
        

ceil(month(period_end) / 3.0)::integer
              as calendar_quarter,
        year(period_end)                                as period_year,
        row_number() over (
            partition by cik, canonical_concept, period_end
            order by
                case
                    when 

ceil(month(period_end) / 3.0)::integer
 in (1, 2, 3)
                         and form_type = '10-Q'         then 1
                    when 

ceil(month(period_end) / 3.0)::integer
 = 4
                         and form_type = '10-K'         then 1
                    when fiscal_period_label = 'FY'
                         and form_type = '10-K'         then 1
                    else 2
                end
        ) as form_rn
    from latest_only
)

select * exclude (form_rn)
from form_deduped
where form_rn = 1
    );
  
  
[0m13:52:00.132972 [debug] [Thread-1 (]: DuckDB adapter: Rolling back transaction.
[0m13:52:00.133297 [debug] [Thread-1 (]: On model.sec_edgar.stg_financials: ROLLBACK
[0m13:52:00.135423 [debug] [Thread-1 (]: Failed to rollback 'model.sec_edgar.stg_financials'
[0m13:52:00.135805 [debug] [Thread-1 (]: On model.sec_edgar.stg_financials: Close
[0m13:52:00.140527 [debug] [Thread-1 (]: Runtime Error in model stg_financials (models\silver\stg_financials.sql)
  Binder Error: List of paths must be constant
[0m13:52:00.142183 [debug] [Thread-1 (]: Sending event: {'category': 'dbt', 'action': 'run_model', 'label': '0be2bfc6-cffe-49ca-b815-f11638e823d6', 'context': [<snowplow_tracker.self_describing_json.SelfDescribingJson object at 0x000001D34EFB7C50>]}
[0m13:52:00.142746 [error] [Thread-1 (]: 1 of 1 ERROR creating sql table model main_silver.stg_financials ............... [[31mERROR[0m in 0.05s]
[0m13:52:00.143500 [debug] [Thread-1 (]: Finished running node model.sec_edgar.stg_financials
[0m13:52:00.144006 [debug] [Thread-7 (]: Marking all children of 'model.sec_edgar.stg_financials' to be skipped because of status 'error'.  Reason: Runtime Error in model stg_financials (models\silver\stg_financials.sql)
  Binder Error: List of paths must be constant.
[0m13:52:00.145436 [debug] [MainThread]: Using duckdb connection "master"
[0m13:52:00.145698 [debug] [MainThread]: On master: BEGIN
[0m13:52:00.145906 [debug] [MainThread]: Opening a new connection, currently in state closed
[0m13:52:00.146401 [debug] [MainThread]: SQL status: OK in 0.000 seconds
[0m13:52:00.146623 [debug] [MainThread]: On master: COMMIT
[0m13:52:00.146815 [debug] [MainThread]: Using duckdb connection "master"
[0m13:52:00.146995 [debug] [MainThread]: On master: COMMIT
[0m13:52:00.147308 [debug] [MainThread]: SQL status: OK in 0.000 seconds
[0m13:52:00.147531 [debug] [MainThread]: On master: Close
[0m13:52:00.147793 [debug] [MainThread]: Connection 'master' was properly closed.
[0m13:52:00.147966 [debug] [MainThread]: Connection 'create_edgar_main_silver' was properly closed.
[0m13:52:00.148121 [debug] [MainThread]: Connection 'list_edgar_main_bronze' was properly closed.
[0m13:52:00.148275 [debug] [MainThread]: Connection 'list_edgar_main_silver' was properly closed.
[0m13:52:00.148422 [debug] [MainThread]: Connection 'list_edgar_main_seeds' was properly closed.
[0m13:52:00.148566 [debug] [MainThread]: Connection 'list_edgar_main_gold' was properly closed.
[0m13:52:00.148709 [debug] [MainThread]: Connection 'model.sec_edgar.stg_financials' was properly closed.
[0m13:52:00.149150 [info ] [MainThread]: 
[0m13:52:00.149547 [info ] [MainThread]: Finished running 1 table model in 0 hours 0 minutes and 0.25 seconds (0.25s).
[0m13:52:00.150125 [debug] [MainThread]: Command end result
[0m13:52:00.172607 [debug] [MainThread]: Wrote artifact WritableManifest to C:\Krish\Project\sec-edgar-pipeline\dbt\target\manifest.json
[0m13:52:00.174747 [debug] [MainThread]: Wrote artifact SemanticManifest to C:\Krish\Project\sec-edgar-pipeline\dbt\target\semantic_manifest.json
[0m13:52:00.178946 [debug] [MainThread]: Wrote artifact RunExecutionResult to C:\Krish\Project\sec-edgar-pipeline\dbt\target\run_results.json
[0m13:52:00.179227 [info ] [MainThread]: 
[0m13:52:00.179732 [info ] [MainThread]: [31mCompleted with 1 error, 0 partial successes, and 0 warnings:[0m
[0m13:52:00.180070 [info ] [MainThread]: 
[0m13:52:00.180424 [error] [MainThread]: [31mFailure in model stg_financials (models\silver\stg_financials.sql)[0m
[0m13:52:00.180751 [error] [MainThread]:   Runtime Error in model stg_financials (models\silver\stg_financials.sql)
  Binder Error: List of paths must be constant
[0m13:52:00.181003 [info ] [MainThread]: 
[0m13:52:00.181300 [info ] [MainThread]:   compiled code at target\compiled\sec_edgar\models\silver\stg_financials.sql
[0m13:52:00.181544 [info ] [MainThread]: 
[0m13:52:00.181817 [info ] [MainThread]: Done. PASS=0 WARN=0 ERROR=1 SKIP=0 NO-OP=0 TOTAL=1
[0m13:52:00.182725 [debug] [MainThread]: Command `dbt run` failed at 13:52:00.182470 after 2.07 seconds
[0m13:52:00.183268 [debug] [MainThread]: Sending event: {'category': 'dbt', 'action': 'invocation', 'label': 'end', 'context': [<snowplow_tracker.self_describing_json.SelfDescribingJson object at 0x000001D3501A1D30>, <snowplow_tracker.self_describing_json.SelfDescribingJson object at 0x000001D35036BE30>, <snowplow_tracker.self_describing_json.SelfDescribingJson object at 0x000001D350368B90>]}
[0m13:52:00.183658 [debug] [MainThread]: Flushing usage events
[0m13:52:01.352896 [debug] [MainThread]: An error was encountered while trying to flush usage events
[0m13:54:03.017634 [debug] [MainThread]: Sending event: {'category': 'dbt', 'action': 'invocation', 'label': 'start', 'context': [<snowplow_tracker.self_describing_json.SelfDescribingJson object at 0x0000027A71F6B770>, <snowplow_tracker.self_describing_json.SelfDescribingJson object at 0x0000027A6ECFB610>, <snowplow_tracker.self_describing_json.SelfDescribingJson object at 0x0000027A7421BC50>]}


============================== 13:54:03.021282 | 217856e8-ef93-4f02-b432-80d212c90546 ==============================
[0m13:54:03.021282 [info ] [MainThread]: Running with dbt=1.11.8
[0m13:54:03.021887 [debug] [MainThread]: running dbt with arguments {'warn_error_options': 'WarnErrorOptionsV2(error=[], warn=[], silence=[])', 'log_format': 'default', 'no_print': 'None', 'invocation_command': 'dbt run --select stg_financials --no-partial-parse', 'log_cache_events': 'False', 'fail_fast': 'False', 'debug': 'False', 'version_check': 'True', 'use_colors': 'True', 'cache_selected_only': 'False', 'introspect': 'True', 'static_parser': 'True', 'indirect_selection': 'eager', 'use_experimental_parser': 'False', 'empty': 'False', 'quiet': 'False', 'log_path': 'C:\\Krish\\Project\\sec-edgar-pipeline\\dbt\\logs', 'send_anonymous_usage_stats': 'True', 'target_path': 'None', 'partial_parse': 'False', 'printer_width': '80', 'write_json': 'True', 'warn_error': 'None', 'profiles_dir': 'C:\\Krish\\Project\\sec-edgar-pipeline\\dbt'}
[0m13:54:03.224115 [debug] [MainThread]: Sending event: {'category': 'dbt', 'action': 'project_id', 'label': '217856e8-ef93-4f02-b432-80d212c90546', 'context': [<snowplow_tracker.self_describing_json.SelfDescribingJson object at 0x0000027A724FC510>]}
[0m13:54:03.268817 [debug] [MainThread]: Sending event: {'category': 'dbt', 'action': 'adapter_info', 'label': '217856e8-ef93-4f02-b432-80d212c90546', 'context': [<snowplow_tracker.self_describing_json.SelfDescribingJson object at 0x0000027A7439CF30>]}
[0m13:54:03.271234 [info ] [MainThread]: Registered adapter: duckdb=1.10.1
[0m13:54:03.420000 [debug] [MainThread]: checksum: 7d524ac048c2100769df89d592e662e060a73ca564e31bd9c2a37efdfe8d8ab6, vars: {}, profile: , target: , version: 1.11.8
[0m13:54:03.421096 [debug] [MainThread]: Partial parsing not enabled
[0m13:54:04.563168 [debug] [MainThread]: Sending event: {'category': 'dbt', 'action': 'load_project', 'label': '217856e8-ef93-4f02-b432-80d212c90546', 'context': [<snowplow_tracker.self_describing_json.SelfDescribingJson object at 0x0000027A74946150>]}
[0m13:54:04.640291 [debug] [MainThread]: Wrote artifact WritableManifest to C:\Krish\Project\sec-edgar-pipeline\dbt\target\manifest.json
[0m13:54:04.642664 [debug] [MainThread]: Wrote artifact SemanticManifest to C:\Krish\Project\sec-edgar-pipeline\dbt\target\semantic_manifest.json
[0m13:54:04.653485 [debug] [MainThread]: Sending event: {'category': 'dbt', 'action': 'resource_counts', 'label': '217856e8-ef93-4f02-b432-80d212c90546', 'context': [<snowplow_tracker.self_describing_json.SelfDescribingJson object at 0x0000027A74185F40>]}
[0m13:54:04.654038 [info ] [MainThread]: Found 10 models, 28 data tests, 1 seed, 477 macros
[0m13:54:04.654661 [debug] [MainThread]: Sending event: {'category': 'dbt', 'action': 'runnable_timing', 'label': '217856e8-ef93-4f02-b432-80d212c90546', 'context': [<snowplow_tracker.self_describing_json.SelfDescribingJson object at 0x0000027A74E88F30>]}
[0m13:54:04.655886 [info ] [MainThread]: 
[0m13:54:04.656315 [info ] [MainThread]: Concurrency: 4 threads (target='dev')
[0m13:54:04.656593 [info ] [MainThread]: 
[0m13:54:04.656976 [debug] [MainThread]: Acquiring new duckdb connection 'master'
[0m13:54:04.657864 [debug] [ThreadPool]: Acquiring new duckdb connection 'list_edgar'
[0m13:54:04.782814 [debug] [ThreadPool]: Using duckdb connection "list_edgar"
[0m13:54:04.783179 [debug] [ThreadPool]: On list_edgar: /* {"app": "dbt", "dbt_version": "1.11.8", "profile_name": "sec_edgar", "target_name": "dev", "connection_name": "list_edgar"} */

    
    select schema_name
    from system.information_schema.schemata
    
    where lower(catalog_name) = '"edgar"'
    
  
  
[0m13:54:04.783465 [debug] [ThreadPool]: Opening a new connection, currently in state init
[0m13:54:04.794462 [debug] [ThreadPool]: SQL status: OK in 0.011 seconds
[0m13:54:04.795456 [debug] [ThreadPool]: On list_edgar: Close
[0m13:54:04.795996 [debug] [ThreadPool]: Re-using an available connection from the pool (formerly list_edgar, now create_edgar_main_silver)
[0m13:54:04.796337 [debug] [ThreadPool]: Creating schema "database: "edgar"
schema: "main_silver"
"
[0m13:54:04.800515 [debug] [ThreadPool]: Using duckdb connection "create_edgar_main_silver"
[0m13:54:04.800778 [debug] [ThreadPool]: On create_edgar_main_silver: /* {"app": "dbt", "dbt_version": "1.11.8", "profile_name": "sec_edgar", "target_name": "dev", "connection_name": "create_edgar_main_silver"} */

    
        select type from duckdb_databases()
        where lower(database_name)='edgar'
        and type='sqlite'
    
  
[0m13:54:04.801035 [debug] [ThreadPool]: Opening a new connection, currently in state closed
[0m13:54:04.801756 [debug] [ThreadPool]: SQL status: OK in 0.001 seconds
[0m13:54:04.802618 [debug] [ThreadPool]: Using duckdb connection "create_edgar_main_silver"
[0m13:54:04.802849 [debug] [ThreadPool]: On create_edgar_main_silver: BEGIN
[0m13:54:04.803189 [debug] [ThreadPool]: SQL status: OK in 0.000 seconds
[0m13:54:04.803419 [debug] [ThreadPool]: Using duckdb connection "create_edgar_main_silver"
[0m13:54:04.803622 [debug] [ThreadPool]: On create_edgar_main_silver: /* {"app": "dbt", "dbt_version": "1.11.8", "profile_name": "sec_edgar", "target_name": "dev", "connection_name": "create_edgar_main_silver"} */

    
    
        create schema if not exists "edgar"."main_silver"
    
[0m13:54:04.804027 [debug] [ThreadPool]: SQL status: OK in 0.000 seconds
[0m13:54:04.804588 [debug] [ThreadPool]: On create_edgar_main_silver: COMMIT
[0m13:54:04.804824 [debug] [ThreadPool]: Using duckdb connection "create_edgar_main_silver"
[0m13:54:04.805026 [debug] [ThreadPool]: On create_edgar_main_silver: COMMIT
[0m13:54:04.805375 [debug] [ThreadPool]: SQL status: OK in 0.000 seconds
[0m13:54:04.805660 [debug] [ThreadPool]: On create_edgar_main_silver: Close
[0m13:54:04.810065 [debug] [ThreadPool]: Acquiring new duckdb connection 'list_edgar_main_seeds'
[0m13:54:04.814265 [debug] [ThreadPool]: Using duckdb connection "list_edgar_main_seeds"
[0m13:54:04.814625 [debug] [ThreadPool]: Acquiring new duckdb connection 'list_edgar_main_gold'
[0m13:54:04.814868 [debug] [ThreadPool]: On list_edgar_main_seeds: BEGIN
[0m13:54:04.815993 [debug] [ThreadPool]: Using duckdb connection "list_edgar_main_gold"
[0m13:54:04.816327 [debug] [ThreadPool]: Opening a new connection, currently in state init
[0m13:54:04.816638 [debug] [ThreadPool]: Acquiring new duckdb connection 'list_edgar_main_silver'
[0m13:54:04.816883 [debug] [ThreadPool]: On list_edgar_main_gold: BEGIN
[0m13:54:04.817314 [debug] [ThreadPool]: Acquiring new duckdb connection 'list_edgar_main_bronze'
[0m13:54:04.817807 [debug] [ThreadPool]: SQL status: OK in 0.001 seconds
[0m13:54:04.818963 [debug] [ThreadPool]: Using duckdb connection "list_edgar_main_silver"
[0m13:54:04.819265 [debug] [ThreadPool]: Opening a new connection, currently in state init
[0m13:54:04.821732 [debug] [ThreadPool]: Using duckdb connection "list_edgar_main_bronze"
[0m13:54:04.822028 [debug] [ThreadPool]: Using duckdb connection "list_edgar_main_seeds"
[0m13:54:04.822520 [debug] [ThreadPool]: On list_edgar_main_silver: BEGIN
[0m13:54:04.823267 [debug] [ThreadPool]: SQL status: OK in 0.004 seconds
[0m13:54:04.824213 [debug] [ThreadPool]: On list_edgar_main_bronze: BEGIN
[0m13:54:04.824698 [debug] [ThreadPool]: On list_edgar_main_seeds: /* {"app": "dbt", "dbt_version": "1.11.8", "profile_name": "sec_edgar", "target_name": "dev", "connection_name": "list_edgar_main_seeds"} */
select
      'edgar' as database,
      table_name as name,
      table_schema as schema,
      CASE table_type
        WHEN 'BASE TABLE' THEN 'table'
        WHEN 'VIEW' THEN 'view'
        WHEN 'LOCAL TEMPORARY' THEN 'table'
        END as type
    from system.information_schema.tables
    where lower(table_schema) = 'main_seeds'
    and lower(table_catalog) = 'edgar'
  
[0m13:54:04.825066 [debug] [ThreadPool]: Opening a new connection, currently in state init
[0m13:54:04.825339 [debug] [ThreadPool]: Using duckdb connection "list_edgar_main_gold"
[0m13:54:04.825826 [debug] [ThreadPool]: Opening a new connection, currently in state init
[0m13:54:04.826573 [debug] [ThreadPool]: On list_edgar_main_gold: /* {"app": "dbt", "dbt_version": "1.11.8", "profile_name": "sec_edgar", "target_name": "dev", "connection_name": "list_edgar_main_gold"} */
select
      'edgar' as database,
      table_name as name,
      table_schema as schema,
      CASE table_type
        WHEN 'BASE TABLE' THEN 'table'
        WHEN 'VIEW' THEN 'view'
        WHEN 'LOCAL TEMPORARY' THEN 'table'
        END as type
    from system.information_schema.tables
    where lower(table_schema) = 'main_gold'
    and lower(table_catalog) = 'edgar'
  
[0m13:54:04.826989 [debug] [ThreadPool]: SQL status: OK in 0.002 seconds
[0m13:54:04.827470 [debug] [ThreadPool]: Using duckdb connection "list_edgar_main_silver"
[0m13:54:04.827738 [debug] [ThreadPool]: On list_edgar_main_silver: /* {"app": "dbt", "dbt_version": "1.11.8", "profile_name": "sec_edgar", "target_name": "dev", "connection_name": "list_edgar_main_silver"} */
select
      'edgar' as database,
      table_name as name,
      table_schema as schema,
      CASE table_type
        WHEN 'BASE TABLE' THEN 'table'
        WHEN 'VIEW' THEN 'view'
        WHEN 'LOCAL TEMPORARY' THEN 'table'
        END as type
    from system.information_schema.tables
    where lower(table_schema) = 'main_silver'
    and lower(table_catalog) = 'edgar'
  
[0m13:54:04.828192 [debug] [ThreadPool]: SQL status: OK in 0.002 seconds
[0m13:54:04.828454 [debug] [ThreadPool]: Using duckdb connection "list_edgar_main_bronze"
[0m13:54:04.828682 [debug] [ThreadPool]: On list_edgar_main_bronze: /* {"app": "dbt", "dbt_version": "1.11.8", "profile_name": "sec_edgar", "target_name": "dev", "connection_name": "list_edgar_main_bronze"} */
select
      'edgar' as database,
      table_name as name,
      table_schema as schema,
      CASE table_type
        WHEN 'BASE TABLE' THEN 'table'
        WHEN 'VIEW' THEN 'view'
        WHEN 'LOCAL TEMPORARY' THEN 'table'
        END as type
    from system.information_schema.tables
    where lower(table_schema) = 'main_bronze'
    and lower(table_catalog) = 'edgar'
  
[0m13:54:04.829025 [debug] [ThreadPool]: SQL status: OK in 0.003 seconds
[0m13:54:04.829316 [debug] [ThreadPool]: SQL status: OK in 0.002 seconds
[0m13:54:04.829675 [debug] [ThreadPool]: SQL status: OK in 0.002 seconds
[0m13:54:04.830577 [debug] [ThreadPool]: On list_edgar_main_seeds: ROLLBACK
[0m13:54:04.830900 [debug] [ThreadPool]: SQL status: OK in 0.002 seconds
[0m13:54:04.831729 [debug] [ThreadPool]: On list_edgar_main_gold: ROLLBACK
[0m13:54:04.832653 [debug] [ThreadPool]: On list_edgar_main_silver: ROLLBACK
[0m13:54:04.833740 [debug] [ThreadPool]: On list_edgar_main_bronze: ROLLBACK
[0m13:54:04.834840 [debug] [ThreadPool]: Failed to rollback 'list_edgar_main_seeds'
[0m13:54:04.835248 [debug] [ThreadPool]: Failed to rollback 'list_edgar_main_silver'
[0m13:54:04.835588 [debug] [ThreadPool]: On list_edgar_main_seeds: Close
[0m13:54:04.836227 [debug] [ThreadPool]: Failed to rollback 'list_edgar_main_bronze'
[0m13:54:04.836569 [debug] [ThreadPool]: On list_edgar_main_silver: Close
[0m13:54:04.836928 [debug] [ThreadPool]: Failed to rollback 'list_edgar_main_gold'
[0m13:54:04.837230 [debug] [ThreadPool]: On list_edgar_main_bronze: Close
[0m13:54:04.838052 [debug] [ThreadPool]: On list_edgar_main_gold: Close
[0m13:54:04.839331 [debug] [MainThread]: Sending event: {'category': 'dbt', 'action': 'runnable_timing', 'label': '217856e8-ef93-4f02-b432-80d212c90546', 'context': [<snowplow_tracker.self_describing_json.SelfDescribingJson object at 0x0000027A74A7B860>]}
[0m13:54:04.839685 [debug] [MainThread]: Using duckdb connection "master"
[0m13:54:04.839890 [debug] [MainThread]: On master: BEGIN
[0m13:54:04.840071 [debug] [MainThread]: Opening a new connection, currently in state init
[0m13:54:04.840436 [debug] [MainThread]: SQL status: OK in 0.000 seconds
[0m13:54:04.840679 [debug] [MainThread]: On master: COMMIT
[0m13:54:04.840882 [debug] [MainThread]: Using duckdb connection "master"
[0m13:54:04.841073 [debug] [MainThread]: On master: COMMIT
[0m13:54:04.841363 [debug] [MainThread]: SQL status: OK in 0.000 seconds
[0m13:54:04.841580 [debug] [MainThread]: On master: Close
[0m13:54:04.844051 [debug] [Thread-1 (]: Began running node model.sec_edgar.stg_financials
[0m13:54:04.844453 [info ] [Thread-1 (]: 1 of 1 START sql table model main_silver.stg_financials ........................ [RUN]
[0m13:54:04.845022 [debug] [Thread-1 (]: Acquiring new duckdb connection 'model.sec_edgar.stg_financials'
[0m13:54:04.845381 [debug] [Thread-1 (]: Began compiling node model.sec_edgar.stg_financials
[0m13:54:04.852931 [debug] [Thread-1 (]: Using duckdb connection "model.sec_edgar.stg_financials"
[0m13:54:04.853379 [debug] [Thread-1 (]: On model.sec_edgar.stg_financials: /* {"app": "dbt", "dbt_version": "1.11.8", "profile_name": "sec_edgar", "target_name": "dev", "node_id": "model.sec_edgar.stg_financials"} */

    
    select distinct synonym_tag
    from "edgar"."main_seeds"."gaap_tag_synonyms"
    order by synonym_tag

  
[0m13:54:04.853881 [debug] [Thread-1 (]: Opening a new connection, currently in state init
[0m13:54:04.860311 [debug] [Thread-1 (]: SQL status: OK in 0.007 seconds
[0m13:54:04.862027 [debug] [Thread-1 (]: Writing injected SQL for node "model.sec_edgar.stg_financials"
[0m13:54:04.862871 [debug] [Thread-1 (]: Began executing node model.sec_edgar.stg_financials
[0m13:54:04.885003 [debug] [Thread-1 (]: Writing runtime sql for node "model.sec_edgar.stg_financials"
[0m13:54:04.886132 [debug] [Thread-1 (]: Using duckdb connection "model.sec_edgar.stg_financials"
[0m13:54:04.886466 [debug] [Thread-1 (]: On model.sec_edgar.stg_financials: BEGIN
[0m13:54:04.886929 [debug] [Thread-1 (]: SQL status: OK in 0.000 seconds
[0m13:54:04.887216 [debug] [Thread-1 (]: Using duckdb connection "model.sec_edgar.stg_financials"
[0m13:54:04.887871 [debug] [Thread-1 (]: On model.sec_edgar.stg_financials: /* {"app": "dbt", "dbt_version": "1.11.8", "profile_name": "sec_edgar", "target_name": "dev", "node_id": "model.sec_edgar.stg_financials"} */

  
    
    

    create  table
      "edgar"."main_silver"."stg_financials__dbt_tmp"
  
    as (
      -- Silver: stg_financials
--
-- The hardest model in the project. Transforms the raw XBRL JSON blob into
-- clean, flat, deduplicated financial fact rows.
--
-- Five engineering problems solved here:
--   1. Unnesting   — the JSON is 3 levels deep before we reach individual values
--   2. Tag synonyms — Revenue has 6+ different concept names across companies
--   3. Amendments  — 10-K/A filings supersede the original; keep only the latest
--   4. Period overlap — 10-K and 10-Q both report Q4 data; keep one source
--   5. CIK format  — standardize to 10-digit zero-padded string
--
-- DuckDB JSON limitation: dynamic key lookup (-> column_name) and dynamic path
-- arrays (json_extract(blob, computed_array)) are not supported. The only safe
-- approach is literal string keys. We use dbt run_query at compile time to read
-- the synonym list from the seed and generate a UNION ALL with literal paths.



-- ── Compile-time: fetch the synonym list from the seed ────────────────────────



    
    


with

-- ── Step 1: Base table with CIK and us-gaap blob ──────────────────────────────
bronze as (
    select
        lpad(cik_raw, 10, '0')             as cik,
        entity_name,
        facts_blob -> 'us-gaap'            as us_gaap_blob
    from "edgar"."main_bronze"."raw_company_facts"
    where (facts_blob -> 'us-gaap') is not null
),

-- ── Step 2: Extract USD arrays for each tracked concept ───────────────────────
-- run_query above gives us the synonym list at compile time.
-- dbt renders one SELECT per synonym tag — all keys are string literals,
-- which DuckDB's -> operator supports safely.
-- The UNION ALL is fully resolved before DuckDB sees the SQL.
tracked_concepts as (
    
    select
        cik,
        entity_name,
        'Assets'                                              as concept_name,
        (us_gaap_blob -> 'Assets' -> 'units' -> 'USD')::json[] as usd_array
    from bronze
    where (us_gaap_blob -> 'Assets' -> 'units' -> 'USD') is not null
     union all 
    
    select
        cik,
        entity_name,
        'CashAndCashEquivalentsAtCarryingValue'                                              as concept_name,
        (us_gaap_blob -> 'CashAndCashEquivalentsAtCarryingValue' -> 'units' -> 'USD')::json[] as usd_array
    from bronze
    where (us_gaap_blob -> 'CashAndCashEquivalentsAtCarryingValue' -> 'units' -> 'USD') is not null
     union all 
    
    select
        cik,
        entity_name,
        'CommonStockSharesOutstanding'                                              as concept_name,
        (us_gaap_blob -> 'CommonStockSharesOutstanding' -> 'units' -> 'USD')::json[] as usd_array
    from bronze
    where (us_gaap_blob -> 'CommonStockSharesOutstanding' -> 'units' -> 'USD') is not null
     union all 
    
    select
        cik,
        entity_name,
        'EarningsPerShareBasic'                                              as concept_name,
        (us_gaap_blob -> 'EarningsPerShareBasic' -> 'units' -> 'USD')::json[] as usd_array
    from bronze
    where (us_gaap_blob -> 'EarningsPerShareBasic' -> 'units' -> 'USD') is not null
     union all 
    
    select
        cik,
        entity_name,
        'EarningsPerShareBasicAndDiluted'                                              as concept_name,
        (us_gaap_blob -> 'EarningsPerShareBasicAndDiluted' -> 'units' -> 'USD')::json[] as usd_array
    from bronze
    where (us_gaap_blob -> 'EarningsPerShareBasicAndDiluted' -> 'units' -> 'USD') is not null
     union all 
    
    select
        cik,
        entity_name,
        'IncomeLossFromContinuingOperations'                                              as concept_name,
        (us_gaap_blob -> 'IncomeLossFromContinuingOperations' -> 'units' -> 'USD')::json[] as usd_array
    from bronze
    where (us_gaap_blob -> 'IncomeLossFromContinuingOperations' -> 'units' -> 'USD') is not null
     union all 
    
    select
        cik,
        entity_name,
        'IncomeLossFromContinuingOperationsBeforeIncomeTaxesExtraordinaryItemsNoncontrollingInterest'                                              as concept_name,
        (us_gaap_blob -> 'IncomeLossFromContinuingOperationsBeforeIncomeTaxesExtraordinaryItemsNoncontrollingInterest' -> 'units' -> 'USD')::json[] as usd_array
    from bronze
    where (us_gaap_blob -> 'IncomeLossFromContinuingOperationsBeforeIncomeTaxesExtraordinaryItemsNoncontrollingInterest' -> 'units' -> 'USD') is not null
     union all 
    
    select
        cik,
        entity_name,
        'Liabilities'                                              as concept_name,
        (us_gaap_blob -> 'Liabilities' -> 'units' -> 'USD')::json[] as usd_array
    from bronze
    where (us_gaap_blob -> 'Liabilities' -> 'units' -> 'USD') is not null
     union all 
    
    select
        cik,
        entity_name,
        'NetIncome'                                              as concept_name,
        (us_gaap_blob -> 'NetIncome' -> 'units' -> 'USD')::json[] as usd_array
    from bronze
    where (us_gaap_blob -> 'NetIncome' -> 'units' -> 'USD') is not null
     union all 
    
    select
        cik,
        entity_name,
        'NetIncomeLoss'                                              as concept_name,
        (us_gaap_blob -> 'NetIncomeLoss' -> 'units' -> 'USD')::json[] as usd_array
    from bronze
    where (us_gaap_blob -> 'NetIncomeLoss' -> 'units' -> 'USD') is not null
     union all 
    
    select
        cik,
        entity_name,
        'NetIncomeLossAvailableToCommonStockholdersBasic'                                              as concept_name,
        (us_gaap_blob -> 'NetIncomeLossAvailableToCommonStockholdersBasic' -> 'units' -> 'USD')::json[] as usd_array
    from bronze
    where (us_gaap_blob -> 'NetIncomeLossAvailableToCommonStockholdersBasic' -> 'units' -> 'USD') is not null
     union all 
    
    select
        cik,
        entity_name,
        'OperatingIncomeLoss'                                              as concept_name,
        (us_gaap_blob -> 'OperatingIncomeLoss' -> 'units' -> 'USD')::json[] as usd_array
    from bronze
    where (us_gaap_blob -> 'OperatingIncomeLoss' -> 'units' -> 'USD') is not null
     union all 
    
    select
        cik,
        entity_name,
        'ProfitLoss'                                              as concept_name,
        (us_gaap_blob -> 'ProfitLoss' -> 'units' -> 'USD')::json[] as usd_array
    from bronze
    where (us_gaap_blob -> 'ProfitLoss' -> 'units' -> 'USD') is not null
     union all 
    
    select
        cik,
        entity_name,
        'RevenueFromContractWithCustomerExcludingAssessedTax'                                              as concept_name,
        (us_gaap_blob -> 'RevenueFromContractWithCustomerExcludingAssessedTax' -> 'units' -> 'USD')::json[] as usd_array
    from bronze
    where (us_gaap_blob -> 'RevenueFromContractWithCustomerExcludingAssessedTax' -> 'units' -> 'USD') is not null
     union all 
    
    select
        cik,
        entity_name,
        'RevenueFromContractWithCustomerIncludingAssessedTax'                                              as concept_name,
        (us_gaap_blob -> 'RevenueFromContractWithCustomerIncludingAssessedTax' -> 'units' -> 'USD')::json[] as usd_array
    from bronze
    where (us_gaap_blob -> 'RevenueFromContractWithCustomerIncludingAssessedTax' -> 'units' -> 'USD') is not null
     union all 
    
    select
        cik,
        entity_name,
        'Revenues'                                              as concept_name,
        (us_gaap_blob -> 'Revenues' -> 'units' -> 'USD')::json[] as usd_array
    from bronze
    where (us_gaap_blob -> 'Revenues' -> 'units' -> 'USD') is not null
     union all 
    
    select
        cik,
        entity_name,
        'RevenuesNetOfInterestExpense'                                              as concept_name,
        (us_gaap_blob -> 'RevenuesNetOfInterestExpense' -> 'units' -> 'USD')::json[] as usd_array
    from bronze
    where (us_gaap_blob -> 'RevenuesNetOfInterestExpense' -> 'units' -> 'USD') is not null
     union all 
    
    select
        cik,
        entity_name,
        'SalesRevenueGoodsNet'                                              as concept_name,
        (us_gaap_blob -> 'SalesRevenueGoodsNet' -> 'units' -> 'USD')::json[] as usd_array
    from bronze
    where (us_gaap_blob -> 'SalesRevenueGoodsNet' -> 'units' -> 'USD') is not null
     union all 
    
    select
        cik,
        entity_name,
        'SalesRevenueNet'                                              as concept_name,
        (us_gaap_blob -> 'SalesRevenueNet' -> 'units' -> 'USD')::json[] as usd_array
    from bronze
    where (us_gaap_blob -> 'SalesRevenueNet' -> 'units' -> 'USD') is not null
     union all 
    
    select
        cik,
        entity_name,
        'StockholdersEquity'                                              as concept_name,
        (us_gaap_blob -> 'StockholdersEquity' -> 'units' -> 'USD')::json[] as usd_array
    from bronze
    where (us_gaap_blob -> 'StockholdersEquity' -> 'units' -> 'USD') is not null
     union all 
    
    select
        cik,
        entity_name,
        'StockholdersEquityAttributableToParent'                                              as concept_name,
        (us_gaap_blob -> 'StockholdersEquityAttributableToParent' -> 'units' -> 'USD')::json[] as usd_array
    from bronze
    where (us_gaap_blob -> 'StockholdersEquityAttributableToParent' -> 'units' -> 'USD') is not null
    
    
    
),

-- ── Step 3: Unnest the USD filing entries array ────────────────────────────────
unnested as (
    select
        cik,
        entity_name,
        concept_name                        as raw_concept,
        entry
    from tracked_concepts,
        unnest(usd_array)                   as t(entry)
),

-- ── Step 5: Parse JSON fields into typed columns ──────────────────────────────
-- ->> extracts a JSON field as text; try_cast handles malformed dates safely.
extracted as (
    select
        cik,
        entity_name,
        raw_concept,
        

coalesce(
    (
        select s.canonical_tag
        from "edgar"."main_seeds"."gaap_tag_synonyms" s
        where s.synonym_tag = raw_concept
        limit 1
    ),
    raw_concept
)
         as canonical_concept,
        try_cast(entry ->> 'val'    as double)          as reported_value,
        try_cast(entry ->> 'start'  as date)            as period_start,
        try_cast(entry ->> 'end'    as date)            as period_end,
        (entry ->> 'accn')                              as accession_number,
        upper(entry ->> 'form')                         as form_type,
        try_cast(entry ->> 'filed'  as date)            as filed_date,
        (entry ->> 'fp')                                as fiscal_period_label,
        -- Balance sheet items have no start date (point-in-time snapshot)
        -- Income statement items have both start and end (flow over a period)
        case
            when (entry ->> 'start') is null then 'instant'
            else 'duration'
        end                                             as value_type
    from unnested
    where
        try_cast(entry ->> 'val'   as double) is not null
        and try_cast(entry ->> 'end' as date) is not null
),

-- ── Step 6: Remove duplicate amendments ──────────────────────────────────────
-- A 10-K/A (amendment) supersedes the original 10-K for the same period.
-- Keep only the row with the latest filed_date per
-- (company, concept, period_end, form_type).
-- ROW_NUMBER = 1 is the most recently filed version.
deduped_amendments as (
    select
        *,
        row_number() over (
            partition by cik, canonical_concept, period_end, form_type
            order by filed_date desc nulls last
        ) as rn
    from extracted
),

latest_only as (
    select * exclude (rn)
    from deduped_amendments
    where rn = 1
),

-- ── Step 7: Remove 10-K / 10-Q period overlap ─────────────────────────────────
-- Annual 10-K filings contain Q4 and full-year data that also appears in 10-Qs.
-- Rule: Q1/Q2/Q3 → prefer 10-Q.  Q4 and FY → prefer 10-K.
-- ROW_NUMBER = 1 picks the preferred form type for each period.
form_deduped as (
    select
        *,
        

ceil(month(period_end) / 3.0)::integer
              as calendar_quarter,
        year(period_end)                                as period_year,
        row_number() over (
            partition by cik, canonical_concept, period_end
            order by
                case
                    when 

ceil(month(period_end) / 3.0)::integer
 in (1, 2, 3)
                         and form_type = '10-Q'         then 1
                    when 

ceil(month(period_end) / 3.0)::integer
 = 4
                         and form_type = '10-K'         then 1
                    when fiscal_period_label = 'FY'
                         and form_type = '10-K'         then 1
                    else 2
                end
        ) as form_rn
    from latest_only
)

select * exclude (form_rn)
from form_deduped
where form_rn = 1
    );
  
  
[0m13:54:09.542235 [debug] [Thread-1 (]: SQL status: OK in 4.653 seconds
[0m13:54:09.547792 [debug] [Thread-1 (]: Using duckdb connection "model.sec_edgar.stg_financials"
[0m13:54:09.548192 [debug] [Thread-1 (]: On model.sec_edgar.stg_financials: /* {"app": "dbt", "dbt_version": "1.11.8", "profile_name": "sec_edgar", "target_name": "dev", "node_id": "model.sec_edgar.stg_financials"} */
alter table "edgar"."main_silver"."stg_financials__dbt_tmp" rename to "stg_financials"
[0m13:54:09.550230 [debug] [Thread-1 (]: SQL status: OK in 0.002 seconds
[0m13:54:09.561968 [debug] [Thread-1 (]: On model.sec_edgar.stg_financials: COMMIT
[0m13:54:09.562408 [debug] [Thread-1 (]: Using duckdb connection "model.sec_edgar.stg_financials"
[0m13:54:09.562709 [debug] [Thread-1 (]: On model.sec_edgar.stg_financials: COMMIT
[0m13:54:09.575788 [debug] [Thread-1 (]: SQL status: OK in 0.013 seconds
[0m13:54:09.580733 [debug] [Thread-1 (]: Using duckdb connection "model.sec_edgar.stg_financials"
[0m13:54:09.581101 [debug] [Thread-1 (]: On model.sec_edgar.stg_financials: /* {"app": "dbt", "dbt_version": "1.11.8", "profile_name": "sec_edgar", "target_name": "dev", "node_id": "model.sec_edgar.stg_financials"} */

      drop table if exists "edgar"."main_silver"."stg_financials__dbt_backup" cascade
    
[0m13:54:09.582702 [debug] [Thread-1 (]: SQL status: OK in 0.001 seconds
[0m13:54:09.584634 [debug] [Thread-1 (]: On model.sec_edgar.stg_financials: Close
[0m13:54:09.587228 [debug] [Thread-1 (]: Sending event: {'category': 'dbt', 'action': 'run_model', 'label': '217856e8-ef93-4f02-b432-80d212c90546', 'context': [<snowplow_tracker.self_describing_json.SelfDescribingJson object at 0x0000027A74EFF710>]}
[0m13:54:09.587786 [info ] [Thread-1 (]: 1 of 1 OK created sql table model main_silver.stg_financials ................... [[32mOK[0m in 4.74s]
[0m13:54:09.588512 [debug] [Thread-1 (]: Finished running node model.sec_edgar.stg_financials
[0m13:54:09.590136 [debug] [MainThread]: Using duckdb connection "master"
[0m13:54:09.590415 [debug] [MainThread]: On master: BEGIN
[0m13:54:09.590643 [debug] [MainThread]: Opening a new connection, currently in state closed
[0m13:54:09.591109 [debug] [MainThread]: SQL status: OK in 0.000 seconds
[0m13:54:09.591373 [debug] [MainThread]: On master: COMMIT
[0m13:54:09.591600 [debug] [MainThread]: Using duckdb connection "master"
[0m13:54:09.591805 [debug] [MainThread]: On master: COMMIT
[0m13:54:09.592559 [debug] [MainThread]: SQL status: OK in 0.000 seconds
[0m13:54:09.592823 [debug] [MainThread]: On master: Close
[0m13:54:09.593261 [debug] [MainThread]: Connection 'master' was properly closed.
[0m13:54:09.593524 [debug] [MainThread]: Connection 'create_edgar_main_silver' was properly closed.
[0m13:54:09.593744 [debug] [MainThread]: Connection 'list_edgar_main_seeds' was properly closed.
[0m13:54:09.593935 [debug] [MainThread]: Connection 'list_edgar_main_gold' was properly closed.
[0m13:54:09.594112 [debug] [MainThread]: Connection 'list_edgar_main_silver' was properly closed.
[0m13:54:09.594285 [debug] [MainThread]: Connection 'list_edgar_main_bronze' was properly closed.
[0m13:54:09.594460 [debug] [MainThread]: Connection 'model.sec_edgar.stg_financials' was properly closed.
[0m13:54:09.594813 [info ] [MainThread]: 
[0m13:54:09.595320 [info ] [MainThread]: Finished running 1 table model in 0 hours 0 minutes and 4.94 seconds (4.94s).
[0m13:54:09.595953 [debug] [MainThread]: Command end result
[0m13:54:09.623729 [debug] [MainThread]: Wrote artifact WritableManifest to C:\Krish\Project\sec-edgar-pipeline\dbt\target\manifest.json
[0m13:54:09.627953 [debug] [MainThread]: Wrote artifact SemanticManifest to C:\Krish\Project\sec-edgar-pipeline\dbt\target\semantic_manifest.json
[0m13:54:09.633843 [debug] [MainThread]: Wrote artifact RunExecutionResult to C:\Krish\Project\sec-edgar-pipeline\dbt\target\run_results.json
[0m13:54:09.634172 [info ] [MainThread]: 
[0m13:54:09.634747 [info ] [MainThread]: [32mCompleted successfully[0m
[0m13:54:09.635152 [info ] [MainThread]: 
[0m13:54:09.635624 [info ] [MainThread]: Done. PASS=1 WARN=0 ERROR=0 SKIP=0 NO-OP=0 TOTAL=1
[0m13:54:09.636276 [debug] [MainThread]: Command `dbt run` succeeded at 13:54:09.636185 after 6.71 seconds
[0m13:54:09.636561 [debug] [MainThread]: Sending event: {'category': 'dbt', 'action': 'invocation', 'label': 'end', 'context': [<snowplow_tracker.self_describing_json.SelfDescribingJson object at 0x0000027A76081D30>, <snowplow_tracker.self_describing_json.SelfDescribingJson object at 0x0000027A76240D70>, <snowplow_tracker.self_describing_json.SelfDescribingJson object at 0x0000027A76240C30>]}
[0m13:54:09.636850 [debug] [MainThread]: Flushing usage events
[0m13:54:10.052675 [debug] [MainThread]: An error was encountered while trying to flush usage events
[0m13:54:23.626101 [debug] [MainThread]: Sending event: {'category': 'dbt', 'action': 'invocation', 'label': 'start', 'context': [<snowplow_tracker.self_describing_json.SelfDescribingJson object at 0x000001EB3C87B770>, <snowplow_tracker.self_describing_json.SelfDescribingJson object at 0x000001EB3965B610>, <snowplow_tracker.self_describing_json.SelfDescribingJson object at 0x000001EB3EB3BC50>]}


============================== 13:54:23.630757 | 48f07cba-95e9-483b-94d3-f43dede6872e ==============================
[0m13:54:23.630757 [info ] [MainThread]: Running with dbt=1.11.8
[0m13:54:23.631500 [debug] [MainThread]: running dbt with arguments {'fail_fast': 'False', 'version_check': 'True', 'printer_width': '80', 'cache_selected_only': 'False', 'use_experimental_parser': 'False', 'profiles_dir': 'C:\\Krish\\Project\\sec-edgar-pipeline\\dbt', 'no_print': 'None', 'quiet': 'False', 'static_parser': 'True', 'log_path': 'C:\\Krish\\Project\\sec-edgar-pipeline\\dbt\\logs', 'debug': 'False', 'invocation_command': 'dbt test --select silver \x02', 'target_path': 'None', 'introspect': 'True', 'empty': 'None', 'indirect_selection': 'eager', 'partial_parse': 'True', 'warn_error_options': 'WarnErrorOptionsV2(error=[], warn=[], silence=[])', 'warn_error': 'None', 'log_cache_events': 'False', 'write_json': 'True', 'use_colors': 'True', 'log_format': 'default', 'send_anonymous_usage_stats': 'True'}
[0m13:54:23.959512 [debug] [MainThread]: Sending event: {'category': 'dbt', 'action': 'project_id', 'label': '48f07cba-95e9-483b-94d3-f43dede6872e', 'context': [<snowplow_tracker.self_describing_json.SelfDescribingJson object at 0x000001EB3CE24510>]}
[0m13:54:24.006460 [debug] [MainThread]: Sending event: {'category': 'dbt', 'action': 'adapter_info', 'label': '48f07cba-95e9-483b-94d3-f43dede6872e', 'context': [<snowplow_tracker.self_describing_json.SelfDescribingJson object at 0x000001EB3ECFCF30>]}
[0m13:54:24.009805 [info ] [MainThread]: Registered adapter: duckdb=1.10.1
[0m13:54:24.182548 [debug] [MainThread]: checksum: 7d524ac048c2100769df89d592e662e060a73ca564e31bd9c2a37efdfe8d8ab6, vars: {}, profile: , target: , version: 1.11.8
[0m13:54:24.343176 [debug] [MainThread]: Partial parsing enabled: 0 files deleted, 0 files added, 0 files changed.
[0m13:54:24.343531 [debug] [MainThread]: Nothing changed, skipping partial parsing.
[0m13:54:24.343856 [debug] [MainThread]: Partial parsing enabled, no changes found, skipping parsing
[0m13:54:24.382109 [debug] [MainThread]: Sending event: {'category': 'dbt', 'action': 'load_project', 'label': '48f07cba-95e9-483b-94d3-f43dede6872e', 'context': [<snowplow_tracker.self_describing_json.SelfDescribingJson object at 0x000001EB3EBEDA50>]}
[0m13:54:24.503018 [debug] [MainThread]: Wrote artifact WritableManifest to C:\Krish\Project\sec-edgar-pipeline\dbt\target\manifest.json
[0m13:54:24.505616 [debug] [MainThread]: Wrote artifact SemanticManifest to C:\Krish\Project\sec-edgar-pipeline\dbt\target\semantic_manifest.json
[0m13:54:24.550313 [debug] [MainThread]: Sending event: {'category': 'dbt', 'action': 'resource_counts', 'label': '48f07cba-95e9-483b-94d3-f43dede6872e', 'context': [<snowplow_tracker.self_describing_json.SelfDescribingJson object at 0x000001EB3F2BF890>]}
[0m13:54:24.550731 [info ] [MainThread]: Found 10 models, 28 data tests, 1 seed, 477 macros
[0m13:54:24.551316 [debug] [MainThread]: Sending event: {'category': 'dbt', 'action': 'runnable_timing', 'label': '48f07cba-95e9-483b-94d3-f43dede6872e', 'context': [<snowplow_tracker.self_describing_json.SelfDescribingJson object at 0x000001EB3EC34670>]}
[0m13:54:24.552274 [warn ] [MainThread]: The selection criterion '' does not match any enabled nodes
[0m13:54:24.553918 [info ] [MainThread]: 
[0m13:54:24.554493 [info ] [MainThread]: Concurrency: 4 threads (target='dev')
[0m13:54:24.554890 [info ] [MainThread]: 
[0m13:54:24.555407 [debug] [MainThread]: Acquiring new duckdb connection 'master'
[0m13:54:24.559275 [debug] [ThreadPool]: Acquiring new duckdb connection 'list_edgar_main_seeds'
[0m13:54:24.567268 [debug] [ThreadPool]: Acquiring new duckdb connection 'list_edgar_main_silver'
[0m13:54:24.567834 [debug] [ThreadPool]: Acquiring new duckdb connection 'list_edgar_main_bronze'
[0m13:54:24.568325 [debug] [ThreadPool]: Acquiring new duckdb connection 'list_edgar_main_gold'
[0m13:54:24.716311 [debug] [ThreadPool]: Using duckdb connection "list_edgar_main_seeds"
[0m13:54:24.716694 [debug] [ThreadPool]: Using duckdb connection "list_edgar_main_silver"
[0m13:54:24.717031 [debug] [ThreadPool]: Using duckdb connection "list_edgar_main_bronze"
[0m13:54:24.717293 [debug] [ThreadPool]: On list_edgar_main_seeds: BEGIN
[0m13:54:24.717549 [debug] [ThreadPool]: Using duckdb connection "list_edgar_main_gold"
[0m13:54:24.717787 [debug] [ThreadPool]: On list_edgar_main_silver: BEGIN
[0m13:54:24.718012 [debug] [ThreadPool]: On list_edgar_main_bronze: BEGIN
[0m13:54:24.718227 [debug] [ThreadPool]: Opening a new connection, currently in state init
[0m13:54:24.718483 [debug] [ThreadPool]: On list_edgar_main_gold: BEGIN
[0m13:54:24.718731 [debug] [ThreadPool]: Opening a new connection, currently in state init
[0m13:54:24.718970 [debug] [ThreadPool]: Opening a new connection, currently in state init
[0m13:54:24.719290 [debug] [ThreadPool]: Opening a new connection, currently in state init
[0m13:54:24.736042 [debug] [ThreadPool]: SQL status: OK in 0.018 seconds
[0m13:54:24.736493 [debug] [ThreadPool]: Using duckdb connection "list_edgar_main_seeds"
[0m13:54:24.736864 [debug] [ThreadPool]: SQL status: OK in 0.018 seconds
[0m13:54:24.737185 [debug] [ThreadPool]: SQL status: OK in 0.018 seconds
[0m13:54:24.737483 [debug] [ThreadPool]: SQL status: OK in 0.018 seconds
[0m13:54:24.737791 [debug] [ThreadPool]: On list_edgar_main_seeds: /* {"app": "dbt", "dbt_version": "1.11.8", "profile_name": "sec_edgar", "target_name": "dev", "connection_name": "list_edgar_main_seeds"} */
select
      'edgar' as database,
      table_name as name,
      table_schema as schema,
      CASE table_type
        WHEN 'BASE TABLE' THEN 'table'
        WHEN 'VIEW' THEN 'view'
        WHEN 'LOCAL TEMPORARY' THEN 'table'
        END as type
    from system.information_schema.tables
    where lower(table_schema) = 'main_seeds'
    and lower(table_catalog) = 'edgar'
  
[0m13:54:24.738135 [debug] [ThreadPool]: Using duckdb connection "list_edgar_main_gold"
[0m13:54:24.738408 [debug] [ThreadPool]: Using duckdb connection "list_edgar_main_silver"
[0m13:54:24.738663 [debug] [ThreadPool]: Using duckdb connection "list_edgar_main_bronze"
[0m13:54:24.739101 [debug] [ThreadPool]: On list_edgar_main_gold: /* {"app": "dbt", "dbt_version": "1.11.8", "profile_name": "sec_edgar", "target_name": "dev", "connection_name": "list_edgar_main_gold"} */
select
      'edgar' as database,
      table_name as name,
      table_schema as schema,
      CASE table_type
        WHEN 'BASE TABLE' THEN 'table'
        WHEN 'VIEW' THEN 'view'
        WHEN 'LOCAL TEMPORARY' THEN 'table'
        END as type
    from system.information_schema.tables
    where lower(table_schema) = 'main_gold'
    and lower(table_catalog) = 'edgar'
  
[0m13:54:24.739420 [debug] [ThreadPool]: On list_edgar_main_silver: /* {"app": "dbt", "dbt_version": "1.11.8", "profile_name": "sec_edgar", "target_name": "dev", "connection_name": "list_edgar_main_silver"} */
select
      'edgar' as database,
      table_name as name,
      table_schema as schema,
      CASE table_type
        WHEN 'BASE TABLE' THEN 'table'
        WHEN 'VIEW' THEN 'view'
        WHEN 'LOCAL TEMPORARY' THEN 'table'
        END as type
    from system.information_schema.tables
    where lower(table_schema) = 'main_silver'
    and lower(table_catalog) = 'edgar'
  
[0m13:54:24.739780 [debug] [ThreadPool]: On list_edgar_main_bronze: /* {"app": "dbt", "dbt_version": "1.11.8", "profile_name": "sec_edgar", "target_name": "dev", "connection_name": "list_edgar_main_bronze"} */
select
      'edgar' as database,
      table_name as name,
      table_schema as schema,
      CASE table_type
        WHEN 'BASE TABLE' THEN 'table'
        WHEN 'VIEW' THEN 'view'
        WHEN 'LOCAL TEMPORARY' THEN 'table'
        END as type
    from system.information_schema.tables
    where lower(table_schema) = 'main_bronze'
    and lower(table_catalog) = 'edgar'
  
[0m13:54:24.742040 [debug] [ThreadPool]: SQL status: OK in 0.001 seconds
[0m13:54:24.742388 [debug] [ThreadPool]: SQL status: OK in 0.002 seconds
[0m13:54:24.742737 [debug] [ThreadPool]: SQL status: OK in 0.004 seconds
[0m13:54:24.742974 [debug] [ThreadPool]: SQL status: OK in 0.003 seconds
[0m13:54:24.743923 [debug] [ThreadPool]: On list_edgar_main_bronze: ROLLBACK
[0m13:54:24.744901 [debug] [ThreadPool]: On list_edgar_main_silver: ROLLBACK
[0m13:54:24.745892 [debug] [ThreadPool]: On list_edgar_main_gold: ROLLBACK
[0m13:54:24.746658 [debug] [ThreadPool]: On list_edgar_main_seeds: ROLLBACK
[0m13:54:24.748309 [debug] [ThreadPool]: Failed to rollback 'list_edgar_main_bronze'
[0m13:54:24.748589 [debug] [ThreadPool]: On list_edgar_main_bronze: Close
[0m13:54:24.748993 [debug] [ThreadPool]: Failed to rollback 'list_edgar_main_silver'
[0m13:54:24.749529 [debug] [ThreadPool]: On list_edgar_main_silver: Close
[0m13:54:24.750795 [debug] [ThreadPool]: Failed to rollback 'list_edgar_main_seeds'
[0m13:54:24.751022 [debug] [ThreadPool]: On list_edgar_main_seeds: Close
[0m13:54:24.751345 [debug] [ThreadPool]: Failed to rollback 'list_edgar_main_gold'
[0m13:54:24.751659 [debug] [ThreadPool]: On list_edgar_main_gold: Close
[0m13:54:24.752724 [debug] [MainThread]: Sending event: {'category': 'dbt', 'action': 'runnable_timing', 'label': '48f07cba-95e9-483b-94d3-f43dede6872e', 'context': [<snowplow_tracker.self_describing_json.SelfDescribingJson object at 0x000001EB3F273450>]}
[0m13:54:24.753116 [debug] [MainThread]: Using duckdb connection "master"
[0m13:54:24.753342 [debug] [MainThread]: On master: BEGIN
[0m13:54:24.753528 [debug] [MainThread]: Opening a new connection, currently in state init
[0m13:54:24.753935 [debug] [MainThread]: SQL status: OK in 0.000 seconds
[0m13:54:24.754163 [debug] [MainThread]: On master: COMMIT
[0m13:54:24.754359 [debug] [MainThread]: Using duckdb connection "master"
[0m13:54:24.754721 [debug] [MainThread]: On master: COMMIT
[0m13:54:24.755121 [debug] [MainThread]: SQL status: OK in 0.000 seconds
[0m13:54:24.755370 [debug] [MainThread]: On master: Close
[0m13:54:24.759149 [debug] [Thread-2 (]: Began running node test.sec_edgar.accepted_values_stg_financials_value_type__instant__duration.119a99947c
[0m13:54:24.759845 [debug] [Thread-1 (]: Began running node test.sec_edgar.accepted_values_stg_financials_form_type__10_K__10_Q__10_K_A__10_Q_A__20_F__40_F.b53aa26da0
[0m13:54:24.760198 [debug] [Thread-3 (]: Began running node test.sec_edgar.not_null_stg_companies_cik.a4f4343324
[0m13:54:24.759552 [info ] [Thread-2 (]: 2 of 17 START test accepted_values_stg_financials_value_type__instant__duration  [RUN]
[0m13:54:24.760642 [debug] [Thread-4 (]: Began running node test.sec_edgar.not_null_stg_companies_company_name.3ec65d90b5
[0m13:54:24.761013 [info ] [Thread-1 (]: 1 of 17 START test accepted_values_stg_financials_form_type__10_K__10_Q__10_K_A__10_Q_A__20_F__40_F  [RUN]
[0m13:54:24.761781 [debug] [Thread-2 (]: Acquiring new duckdb connection 'test.sec_edgar.accepted_values_stg_financials_value_type__instant__duration.119a99947c'
[0m13:54:24.761339 [info ] [Thread-3 (]: 3 of 17 START test not_null_stg_companies_cik .................................. [RUN]
[0m13:54:24.762682 [debug] [Thread-1 (]: Acquiring new duckdb connection 'test.sec_edgar.accepted_values_stg_financials_form_type__10_K__10_Q__10_K_A__10_Q_A__20_F__40_F.b53aa26da0'
[0m13:54:24.763036 [debug] [Thread-2 (]: Began compiling node test.sec_edgar.accepted_values_stg_financials_value_type__instant__duration.119a99947c
[0m13:54:24.762203 [info ] [Thread-4 (]: 4 of 17 START test not_null_stg_companies_company_name ......................... [RUN]
[0m13:54:24.763491 [debug] [Thread-3 (]: Acquiring new duckdb connection 'test.sec_edgar.not_null_stg_companies_cik.a4f4343324'
[0m13:54:24.763843 [debug] [Thread-1 (]: Began compiling node test.sec_edgar.accepted_values_stg_financials_form_type__10_K__10_Q__10_K_A__10_Q_A__20_F__40_F.b53aa26da0
[0m13:54:24.775403 [debug] [Thread-2 (]: Writing injected SQL for node "test.sec_edgar.accepted_values_stg_financials_value_type__instant__duration.119a99947c"
[0m13:54:24.775895 [debug] [Thread-4 (]: Acquiring new duckdb connection 'test.sec_edgar.not_null_stg_companies_company_name.3ec65d90b5'
[0m13:54:24.776353 [debug] [Thread-3 (]: Began compiling node test.sec_edgar.not_null_stg_companies_cik.a4f4343324
[0m13:54:24.782481 [debug] [Thread-1 (]: Writing injected SQL for node "test.sec_edgar.accepted_values_stg_financials_form_type__10_K__10_Q__10_K_A__10_Q_A__20_F__40_F.b53aa26da0"
[0m13:54:24.783047 [debug] [Thread-4 (]: Began compiling node test.sec_edgar.not_null_stg_companies_company_name.3ec65d90b5
[0m13:54:24.793162 [debug] [Thread-3 (]: Writing injected SQL for node "test.sec_edgar.not_null_stg_companies_cik.a4f4343324"
[0m13:54:24.796527 [debug] [Thread-4 (]: Writing injected SQL for node "test.sec_edgar.not_null_stg_companies_company_name.3ec65d90b5"
[0m13:54:24.797198 [debug] [Thread-2 (]: Began executing node test.sec_edgar.accepted_values_stg_financials_value_type__instant__duration.119a99947c
[0m13:54:24.810988 [debug] [Thread-2 (]: Writing runtime sql for node "test.sec_edgar.accepted_values_stg_financials_value_type__instant__duration.119a99947c"
[0m13:54:24.811886 [debug] [Thread-1 (]: Began executing node test.sec_edgar.accepted_values_stg_financials_form_type__10_K__10_Q__10_K_A__10_Q_A__20_F__40_F.b53aa26da0
[0m13:54:24.812695 [debug] [Thread-3 (]: Began executing node test.sec_edgar.not_null_stg_companies_cik.a4f4343324
[0m13:54:24.812327 [debug] [Thread-4 (]: Began executing node test.sec_edgar.not_null_stg_companies_company_name.3ec65d90b5
[0m13:54:24.814535 [debug] [Thread-1 (]: Writing runtime sql for node "test.sec_edgar.accepted_values_stg_financials_form_type__10_K__10_Q__10_K_A__10_Q_A__20_F__40_F.b53aa26da0"
[0m13:54:24.816152 [debug] [Thread-3 (]: Writing runtime sql for node "test.sec_edgar.not_null_stg_companies_cik.a4f4343324"
[0m13:54:24.817699 [debug] [Thread-4 (]: Writing runtime sql for node "test.sec_edgar.not_null_stg_companies_company_name.3ec65d90b5"
[0m13:54:24.818223 [debug] [Thread-2 (]: Using duckdb connection "test.sec_edgar.accepted_values_stg_financials_value_type__instant__duration.119a99947c"
[0m13:54:24.818848 [debug] [Thread-2 (]: On test.sec_edgar.accepted_values_stg_financials_value_type__instant__duration.119a99947c: BEGIN
[0m13:54:24.819150 [debug] [Thread-2 (]: Opening a new connection, currently in state init
[0m13:54:24.819916 [debug] [Thread-4 (]: Using duckdb connection "test.sec_edgar.not_null_stg_companies_company_name.3ec65d90b5"
[0m13:54:24.820287 [debug] [Thread-3 (]: Using duckdb connection "test.sec_edgar.not_null_stg_companies_cik.a4f4343324"
[0m13:54:24.820646 [debug] [Thread-1 (]: Using duckdb connection "test.sec_edgar.accepted_values_stg_financials_form_type__10_K__10_Q__10_K_A__10_Q_A__20_F__40_F.b53aa26da0"
[0m13:54:24.821061 [debug] [Thread-4 (]: On test.sec_edgar.not_null_stg_companies_company_name.3ec65d90b5: BEGIN
[0m13:54:24.821339 [debug] [Thread-2 (]: SQL status: OK in 0.002 seconds
[0m13:54:24.821640 [debug] [Thread-3 (]: On test.sec_edgar.not_null_stg_companies_cik.a4f4343324: BEGIN
[0m13:54:24.821973 [debug] [Thread-1 (]: On test.sec_edgar.accepted_values_stg_financials_form_type__10_K__10_Q__10_K_A__10_Q_A__20_F__40_F.b53aa26da0: BEGIN
[0m13:54:24.822476 [debug] [Thread-4 (]: Opening a new connection, currently in state init
[0m13:54:24.822835 [debug] [Thread-2 (]: Using duckdb connection "test.sec_edgar.accepted_values_stg_financials_value_type__instant__duration.119a99947c"
[0m13:54:24.823138 [debug] [Thread-3 (]: Opening a new connection, currently in state init
[0m13:54:24.823460 [debug] [Thread-1 (]: Opening a new connection, currently in state init
[0m13:54:24.824028 [debug] [Thread-2 (]: On test.sec_edgar.accepted_values_stg_financials_value_type__instant__duration.119a99947c: /* {"app": "dbt", "dbt_version": "1.11.8", "profile_name": "sec_edgar", "target_name": "dev", "node_id": "test.sec_edgar.accepted_values_stg_financials_value_type__instant__duration.119a99947c"} */

    
    select
      count(*) as failures,
      count(*) != 0 as should_warn,
      count(*) != 0 as should_error
    from (
      
    
  
    
    

with all_values as (

    select
        value_type as value_field,
        count(*) as n_records

    from "edgar"."main_silver"."stg_financials"
    group by value_type

)

select *
from all_values
where value_field not in (
    'instant','duration'
)



  
  
      
    ) dbt_internal_test
[0m13:54:24.824410 [debug] [Thread-4 (]: SQL status: OK in 0.002 seconds
[0m13:54:24.825230 [debug] [Thread-4 (]: Using duckdb connection "test.sec_edgar.not_null_stg_companies_company_name.3ec65d90b5"
[0m13:54:24.825588 [debug] [Thread-1 (]: SQL status: OK in 0.002 seconds
[0m13:54:24.825909 [debug] [Thread-4 (]: On test.sec_edgar.not_null_stg_companies_company_name.3ec65d90b5: /* {"app": "dbt", "dbt_version": "1.11.8", "profile_name": "sec_edgar", "target_name": "dev", "node_id": "test.sec_edgar.not_null_stg_companies_company_name.3ec65d90b5"} */

    
    select
      count(*) as failures,
      count(*) != 0 as should_warn,
      count(*) != 0 as should_error
    from (
      
    
  
    
    



select company_name
from "edgar"."main_silver"."stg_companies"
where company_name is null



  
  
      
    ) dbt_internal_test
[0m13:54:24.826185 [debug] [Thread-3 (]: SQL status: OK in 0.003 seconds
[0m13:54:24.826494 [debug] [Thread-1 (]: Using duckdb connection "test.sec_edgar.accepted_values_stg_financials_form_type__10_K__10_Q__10_K_A__10_Q_A__20_F__40_F.b53aa26da0"
[0m13:54:24.827007 [debug] [Thread-3 (]: Using duckdb connection "test.sec_edgar.not_null_stg_companies_cik.a4f4343324"
[0m13:54:24.827559 [debug] [Thread-1 (]: On test.sec_edgar.accepted_values_stg_financials_form_type__10_K__10_Q__10_K_A__10_Q_A__20_F__40_F.b53aa26da0: /* {"app": "dbt", "dbt_version": "1.11.8", "profile_name": "sec_edgar", "target_name": "dev", "node_id": "test.sec_edgar.accepted_values_stg_financials_form_type__10_K__10_Q__10_K_A__10_Q_A__20_F__40_F.b53aa26da0"} */

    
    select
      count(*) as failures,
      count(*) != 0 as should_warn,
      count(*) != 0 as should_error
    from (
      
    
  
    
    

with all_values as (

    select
        form_type as value_field,
        count(*) as n_records

    from "edgar"."main_silver"."stg_financials"
    group by form_type

)

select *
from all_values
where value_field not in (
    '10-K','10-Q','10-K/A','10-Q/A','20-F','40-F'
)



  
  
      
    ) dbt_internal_test
[0m13:54:24.828152 [debug] [Thread-2 (]: SQL status: OK in 0.003 seconds
[0m13:54:24.828486 [debug] [Thread-4 (]: SQL status: OK in 0.002 seconds
[0m13:54:24.828826 [debug] [Thread-3 (]: On test.sec_edgar.not_null_stg_companies_cik.a4f4343324: /* {"app": "dbt", "dbt_version": "1.11.8", "profile_name": "sec_edgar", "target_name": "dev", "node_id": "test.sec_edgar.not_null_stg_companies_cik.a4f4343324"} */

    
    select
      count(*) as failures,
      count(*) != 0 as should_warn,
      count(*) != 0 as should_error
    from (
      
    
  
    
    



select cik
from "edgar"."main_silver"."stg_companies"
where cik is null



  
  
      
    ) dbt_internal_test
[0m13:54:24.832506 [debug] [Thread-2 (]: On test.sec_edgar.accepted_values_stg_financials_value_type__instant__duration.119a99947c: ROLLBACK
[0m13:54:24.833743 [debug] [Thread-4 (]: On test.sec_edgar.not_null_stg_companies_company_name.3ec65d90b5: ROLLBACK
[0m13:54:24.834264 [debug] [Thread-1 (]: SQL status: OK in 0.005 seconds
[0m13:54:24.834721 [debug] [Thread-3 (]: SQL status: OK in 0.002 seconds
[0m13:54:24.835272 [debug] [Thread-2 (]: Failed to rollback 'test.sec_edgar.accepted_values_stg_financials_value_type__instant__duration.119a99947c'
[0m13:54:24.835852 [debug] [Thread-4 (]: Failed to rollback 'test.sec_edgar.not_null_stg_companies_company_name.3ec65d90b5'
[0m13:54:24.836906 [debug] [Thread-3 (]: On test.sec_edgar.not_null_stg_companies_cik.a4f4343324: ROLLBACK
[0m13:54:24.837184 [debug] [Thread-2 (]: On test.sec_edgar.accepted_values_stg_financials_value_type__instant__duration.119a99947c: Close
[0m13:54:24.838022 [debug] [Thread-1 (]: On test.sec_edgar.accepted_values_stg_financials_form_type__10_K__10_Q__10_K_A__10_Q_A__20_F__40_F.b53aa26da0: ROLLBACK
[0m13:54:24.838316 [debug] [Thread-4 (]: On test.sec_edgar.not_null_stg_companies_company_name.3ec65d90b5: Close
[0m13:54:24.838792 [debug] [Thread-3 (]: Failed to rollback 'test.sec_edgar.not_null_stg_companies_cik.a4f4343324'
[0m13:54:24.839803 [debug] [Thread-1 (]: Failed to rollback 'test.sec_edgar.accepted_values_stg_financials_form_type__10_K__10_Q__10_K_A__10_Q_A__20_F__40_F.b53aa26da0'
[0m13:54:24.839277 [info ] [Thread-2 (]: 2 of 17 PASS accepted_values_stg_financials_value_type__instant__duration ...... [[32mPASS[0m in 0.08s]
[0m13:54:24.840250 [debug] [Thread-3 (]: On test.sec_edgar.not_null_stg_companies_cik.a4f4343324: Close
[0m13:54:24.840961 [debug] [Thread-1 (]: On test.sec_edgar.accepted_values_stg_financials_form_type__10_K__10_Q__10_K_A__10_Q_A__20_F__40_F.b53aa26da0: Close
[0m13:54:24.840644 [info ] [Thread-4 (]: 4 of 17 PASS not_null_stg_companies_company_name ............................... [[32mPASS[0m in 0.06s]
[0m13:54:24.841442 [debug] [Thread-2 (]: Finished running node test.sec_edgar.accepted_values_stg_financials_value_type__instant__duration.119a99947c
[0m13:54:24.841916 [info ] [Thread-3 (]: 3 of 17 PASS not_null_stg_companies_cik ........................................ [[32mPASS[0m in 0.08s]
[0m13:54:24.842810 [debug] [Thread-4 (]: Finished running node test.sec_edgar.not_null_stg_companies_company_name.3ec65d90b5
[0m13:54:24.843183 [debug] [Thread-2 (]: Began running node test.sec_edgar.not_null_stg_filing_periods_cik.5d0ac31d80
[0m13:54:24.842355 [error] [Thread-1 (]: 1 of 17 FAIL 1 accepted_values_stg_financials_form_type__10_K__10_Q__10_K_A__10_Q_A__20_F__40_F  [[31mFAIL 1[0m in 0.08s]
[0m13:54:24.843960 [debug] [Thread-3 (]: Finished running node test.sec_edgar.not_null_stg_companies_cik.a4f4343324
[0m13:54:24.844384 [debug] [Thread-4 (]: Began running node test.sec_edgar.not_null_stg_filing_periods_has_gaps.0b29e58c11
[0m13:54:24.845221 [debug] [Thread-1 (]: Finished running node test.sec_edgar.accepted_values_stg_financials_form_type__10_K__10_Q__10_K_A__10_Q_A__20_F__40_F.b53aa26da0
[0m13:54:24.844795 [info ] [Thread-2 (]: 5 of 17 START test not_null_stg_filing_periods_cik ............................. [RUN]
[0m13:54:24.845640 [debug] [Thread-3 (]: Began running node test.sec_edgar.not_null_stg_filing_periods_missing_quarters.39af8604ef
[0m13:54:24.846346 [debug] [Thread-1 (]: Began running node test.sec_edgar.not_null_stg_financials_accession_number.6add92839f
[0m13:54:24.846008 [info ] [Thread-4 (]: 6 of 17 START test not_null_stg_filing_periods_has_gaps ........................ [RUN]
[0m13:54:24.846788 [debug] [Thread-2 (]: Re-using an available connection from the pool (formerly test.sec_edgar.accepted_values_stg_financials_value_type__instant__duration.119a99947c, now test.sec_edgar.not_null_stg_filing_periods_cik.5d0ac31d80)
[0m13:54:24.847063 [info ] [Thread-3 (]: 7 of 17 START test not_null_stg_filing_periods_missing_quarters ................ [RUN]
[0m13:54:24.847693 [debug] [Thread-4 (]: Re-using an available connection from the pool (formerly test.sec_edgar.not_null_stg_companies_company_name.3ec65d90b5, now test.sec_edgar.not_null_stg_filing_periods_has_gaps.0b29e58c11)
[0m13:54:24.848056 [debug] [Thread-2 (]: Began compiling node test.sec_edgar.not_null_stg_filing_periods_cik.5d0ac31d80
[0m13:54:24.847315 [info ] [Thread-1 (]: 8 of 17 START test not_null_stg_financials_accession_number .................... [RUN]
[0m13:54:24.848466 [debug] [Thread-3 (]: Re-using an available connection from the pool (formerly test.sec_edgar.not_null_stg_companies_cik.a4f4343324, now test.sec_edgar.not_null_stg_filing_periods_missing_quarters.39af8604ef)
[0m13:54:24.848764 [debug] [Thread-4 (]: Began compiling node test.sec_edgar.not_null_stg_filing_periods_has_gaps.0b29e58c11
[0m13:54:24.851281 [debug] [Thread-2 (]: Writing injected SQL for node "test.sec_edgar.not_null_stg_filing_periods_cik.5d0ac31d80"
[0m13:54:24.851690 [debug] [Thread-1 (]: Re-using an available connection from the pool (formerly test.sec_edgar.accepted_values_stg_financials_form_type__10_K__10_Q__10_K_A__10_Q_A__20_F__40_F.b53aa26da0, now test.sec_edgar.not_null_stg_financials_accession_number.6add92839f)
[0m13:54:24.852032 [debug] [Thread-3 (]: Began compiling node test.sec_edgar.not_null_stg_filing_periods_missing_quarters.39af8604ef
[0m13:54:24.854664 [debug] [Thread-4 (]: Writing injected SQL for node "test.sec_edgar.not_null_stg_filing_periods_has_gaps.0b29e58c11"
[0m13:54:24.855207 [debug] [Thread-1 (]: Began compiling node test.sec_edgar.not_null_stg_financials_accession_number.6add92839f
[0m13:54:24.858819 [debug] [Thread-3 (]: Writing injected SQL for node "test.sec_edgar.not_null_stg_filing_periods_missing_quarters.39af8604ef"
[0m13:54:24.861629 [debug] [Thread-1 (]: Writing injected SQL for node "test.sec_edgar.not_null_stg_financials_accession_number.6add92839f"
[0m13:54:24.862123 [debug] [Thread-2 (]: Began executing node test.sec_edgar.not_null_stg_filing_periods_cik.5d0ac31d80
[0m13:54:24.863971 [debug] [Thread-2 (]: Writing runtime sql for node "test.sec_edgar.not_null_stg_filing_periods_cik.5d0ac31d80"
[0m13:54:24.864376 [debug] [Thread-4 (]: Began executing node test.sec_edgar.not_null_stg_filing_periods_has_gaps.0b29e58c11
[0m13:54:24.866398 [debug] [Thread-4 (]: Writing runtime sql for node "test.sec_edgar.not_null_stg_filing_periods_has_gaps.0b29e58c11"
[0m13:54:24.867025 [debug] [Thread-1 (]: Began executing node test.sec_edgar.not_null_stg_financials_accession_number.6add92839f
[0m13:54:24.867426 [debug] [Thread-2 (]: Using duckdb connection "test.sec_edgar.not_null_stg_filing_periods_cik.5d0ac31d80"
[0m13:54:24.868849 [debug] [Thread-1 (]: Writing runtime sql for node "test.sec_edgar.not_null_stg_financials_accession_number.6add92839f"
[0m13:54:24.869462 [debug] [Thread-2 (]: On test.sec_edgar.not_null_stg_filing_periods_cik.5d0ac31d80: BEGIN
[0m13:54:24.869987 [debug] [Thread-3 (]: Began executing node test.sec_edgar.not_null_stg_filing_periods_missing_quarters.39af8604ef
[0m13:54:24.870527 [debug] [Thread-4 (]: Using duckdb connection "test.sec_edgar.not_null_stg_filing_periods_has_gaps.0b29e58c11"
[0m13:54:24.870910 [debug] [Thread-2 (]: Opening a new connection, currently in state closed
[0m13:54:24.872616 [debug] [Thread-3 (]: Writing runtime sql for node "test.sec_edgar.not_null_stg_filing_periods_missing_quarters.39af8604ef"
[0m13:54:24.872954 [debug] [Thread-4 (]: On test.sec_edgar.not_null_stg_filing_periods_has_gaps.0b29e58c11: BEGIN
[0m13:54:24.873487 [debug] [Thread-1 (]: Using duckdb connection "test.sec_edgar.not_null_stg_financials_accession_number.6add92839f"
[0m13:54:24.873873 [debug] [Thread-2 (]: SQL status: OK in 0.003 seconds
[0m13:54:24.874192 [debug] [Thread-4 (]: Opening a new connection, currently in state closed
[0m13:54:24.874503 [debug] [Thread-1 (]: On test.sec_edgar.not_null_stg_financials_accession_number.6add92839f: BEGIN
[0m13:54:24.874834 [debug] [Thread-2 (]: Using duckdb connection "test.sec_edgar.not_null_stg_filing_periods_cik.5d0ac31d80"
[0m13:54:24.875351 [debug] [Thread-3 (]: Using duckdb connection "test.sec_edgar.not_null_stg_filing_periods_missing_quarters.39af8604ef"
[0m13:54:24.875739 [debug] [Thread-1 (]: Opening a new connection, currently in state closed
[0m13:54:24.876105 [debug] [Thread-4 (]: SQL status: OK in 0.002 seconds
[0m13:54:24.876407 [debug] [Thread-2 (]: On test.sec_edgar.not_null_stg_filing_periods_cik.5d0ac31d80: /* {"app": "dbt", "dbt_version": "1.11.8", "profile_name": "sec_edgar", "target_name": "dev", "node_id": "test.sec_edgar.not_null_stg_filing_periods_cik.5d0ac31d80"} */

    
    select
      count(*) as failures,
      count(*) != 0 as should_warn,
      count(*) != 0 as should_error
    from (
      
    
  
    
    



select cik
from "edgar"."main_silver"."stg_filing_periods"
where cik is null



  
  
      
    ) dbt_internal_test
[0m13:54:24.876866 [debug] [Thread-3 (]: On test.sec_edgar.not_null_stg_filing_periods_missing_quarters.39af8604ef: BEGIN
[0m13:54:24.877461 [debug] [Thread-4 (]: Using duckdb connection "test.sec_edgar.not_null_stg_filing_periods_has_gaps.0b29e58c11"
[0m13:54:24.877827 [debug] [Thread-1 (]: SQL status: OK in 0.002 seconds
[0m13:54:24.878246 [debug] [Thread-3 (]: Opening a new connection, currently in state closed
[0m13:54:24.878602 [debug] [Thread-4 (]: On test.sec_edgar.not_null_stg_filing_periods_has_gaps.0b29e58c11: /* {"app": "dbt", "dbt_version": "1.11.8", "profile_name": "sec_edgar", "target_name": "dev", "node_id": "test.sec_edgar.not_null_stg_filing_periods_has_gaps.0b29e58c11"} */

    
    select
      count(*) as failures,
      count(*) != 0 as should_warn,
      count(*) != 0 as should_error
    from (
      
    
  
    
    



select has_gaps
from "edgar"."main_silver"."stg_filing_periods"
where has_gaps is null



  
  
      
    ) dbt_internal_test
[0m13:54:24.878936 [debug] [Thread-1 (]: Using duckdb connection "test.sec_edgar.not_null_stg_financials_accession_number.6add92839f"
[0m13:54:24.879541 [debug] [Thread-1 (]: On test.sec_edgar.not_null_stg_financials_accession_number.6add92839f: /* {"app": "dbt", "dbt_version": "1.11.8", "profile_name": "sec_edgar", "target_name": "dev", "node_id": "test.sec_edgar.not_null_stg_financials_accession_number.6add92839f"} */

    
    select
      count(*) as failures,
      count(*) != 0 as should_warn,
      count(*) != 0 as should_error
    from (
      
    
  
    
    



select accession_number
from "edgar"."main_silver"."stg_financials"
where accession_number is null



  
  
      
    ) dbt_internal_test
[0m13:54:24.879961 [debug] [Thread-3 (]: SQL status: OK in 0.002 seconds
[0m13:54:24.880344 [debug] [Thread-3 (]: Using duckdb connection "test.sec_edgar.not_null_stg_filing_periods_missing_quarters.39af8604ef"
[0m13:54:24.880624 [debug] [Thread-3 (]: On test.sec_edgar.not_null_stg_filing_periods_missing_quarters.39af8604ef: /* {"app": "dbt", "dbt_version": "1.11.8", "profile_name": "sec_edgar", "target_name": "dev", "node_id": "test.sec_edgar.not_null_stg_filing_periods_missing_quarters.39af8604ef"} */

    
    select
      count(*) as failures,
      count(*) != 0 as should_warn,
      count(*) != 0 as should_error
    from (
      
    
  
    
    



select missing_quarters
from "edgar"."main_silver"."stg_filing_periods"
where missing_quarters is null



  
  
      
    ) dbt_internal_test
[0m13:54:24.881020 [debug] [Thread-1 (]: SQL status: OK in 0.001 seconds
[0m13:54:24.882145 [debug] [Thread-1 (]: On test.sec_edgar.not_null_stg_financials_accession_number.6add92839f: ROLLBACK
[0m13:54:24.882654 [debug] [Thread-1 (]: Failed to rollback 'test.sec_edgar.not_null_stg_financials_accession_number.6add92839f'
[0m13:54:24.882936 [debug] [Thread-1 (]: On test.sec_edgar.not_null_stg_financials_accession_number.6add92839f: Close
[0m13:54:24.883388 [info ] [Thread-1 (]: 8 of 17 PASS not_null_stg_financials_accession_number .......................... [[32mPASS[0m in 0.03s]
[0m13:54:24.883963 [debug] [Thread-1 (]: Finished running node test.sec_edgar.not_null_stg_financials_accession_number.6add92839f
[0m13:54:24.884277 [debug] [Thread-1 (]: Began running node test.sec_edgar.not_null_stg_financials_canonical_concept.e17bcbd71d
[0m13:54:24.884629 [info ] [Thread-1 (]: 9 of 17 START test not_null_stg_financials_canonical_concept ................... [RUN]
[0m13:54:24.885149 [debug] [Thread-1 (]: Re-using an available connection from the pool (formerly test.sec_edgar.not_null_stg_financials_accession_number.6add92839f, now test.sec_edgar.not_null_stg_financials_canonical_concept.e17bcbd71d)
[0m13:54:24.886021 [debug] [Thread-3 (]: DuckDB adapter: duckdb error: Catalog Error: Table with name stg_filing_periods does not exist!
Did you mean "stg_financials"?

LINE 18: from "edgar"."main_silver"."stg_filing_periods"
              ^
[0m13:54:24.886405 [debug] [Thread-4 (]: DuckDB adapter: duckdb error: Catalog Error: Table with name stg_filing_periods does not exist!
Did you mean "stg_financials"?

LINE 18: from "edgar"."main_silver"."stg_filing_periods"
              ^
[0m13:54:24.886774 [debug] [Thread-2 (]: DuckDB adapter: duckdb error: Catalog Error: Table with name stg_filing_periods does not exist!
Did you mean "stg_financials"?

LINE 18: from "edgar"."main_silver"."stg_filing_periods"
              ^
[0m13:54:24.887111 [debug] [Thread-1 (]: Began compiling node test.sec_edgar.not_null_stg_financials_canonical_concept.e17bcbd71d
[0m13:54:24.887476 [debug] [Thread-3 (]: DuckDB adapter: Error running SQL: /* {"app": "dbt", "dbt_version": "1.11.8", "profile_name": "sec_edgar", "target_name": "dev", "node_id": "test.sec_edgar.not_null_stg_filing_periods_missing_quarters.39af8604ef"} */

    
    select
      count(*) as failures,
      count(*) != 0 as should_warn,
      count(*) != 0 as should_error
    from (
      
    
  
    
    



select missing_quarters
from "edgar"."main_silver"."stg_filing_periods"
where missing_quarters is null



  
  
      
    ) dbt_internal_test
[0m13:54:24.887902 [debug] [Thread-4 (]: DuckDB adapter: Error running SQL: /* {"app": "dbt", "dbt_version": "1.11.8", "profile_name": "sec_edgar", "target_name": "dev", "node_id": "test.sec_edgar.not_null_stg_filing_periods_has_gaps.0b29e58c11"} */

    
    select
      count(*) as failures,
      count(*) != 0 as should_warn,
      count(*) != 0 as should_error
    from (
      
    
  
    
    



select has_gaps
from "edgar"."main_silver"."stg_filing_periods"
where has_gaps is null



  
  
      
    ) dbt_internal_test
[0m13:54:24.888287 [debug] [Thread-2 (]: DuckDB adapter: Error running SQL: /* {"app": "dbt", "dbt_version": "1.11.8", "profile_name": "sec_edgar", "target_name": "dev", "node_id": "test.sec_edgar.not_null_stg_filing_periods_cik.5d0ac31d80"} */

    
    select
      count(*) as failures,
      count(*) != 0 as should_warn,
      count(*) != 0 as should_error
    from (
      
    
  
    
    



select cik
from "edgar"."main_silver"."stg_filing_periods"
where cik is null



  
  
      
    ) dbt_internal_test
[0m13:54:24.891011 [debug] [Thread-1 (]: Writing injected SQL for node "test.sec_edgar.not_null_stg_financials_canonical_concept.e17bcbd71d"
[0m13:54:24.891411 [debug] [Thread-3 (]: DuckDB adapter: Rolling back transaction.
[0m13:54:24.891730 [debug] [Thread-4 (]: DuckDB adapter: Rolling back transaction.
[0m13:54:24.892074 [debug] [Thread-2 (]: DuckDB adapter: Rolling back transaction.
[0m13:54:24.892463 [debug] [Thread-3 (]: On test.sec_edgar.not_null_stg_filing_periods_missing_quarters.39af8604ef: ROLLBACK
[0m13:54:24.892773 [debug] [Thread-4 (]: On test.sec_edgar.not_null_stg_filing_periods_has_gaps.0b29e58c11: ROLLBACK
[0m13:54:24.893307 [debug] [Thread-2 (]: On test.sec_edgar.not_null_stg_filing_periods_cik.5d0ac31d80: ROLLBACK
[0m13:54:24.894127 [debug] [Thread-1 (]: Began executing node test.sec_edgar.not_null_stg_financials_canonical_concept.e17bcbd71d
[0m13:54:24.896072 [debug] [Thread-1 (]: Writing runtime sql for node "test.sec_edgar.not_null_stg_financials_canonical_concept.e17bcbd71d"
[0m13:54:24.897341 [debug] [Thread-1 (]: Using duckdb connection "test.sec_edgar.not_null_stg_financials_canonical_concept.e17bcbd71d"
[0m13:54:24.897902 [debug] [Thread-1 (]: On test.sec_edgar.not_null_stg_financials_canonical_concept.e17bcbd71d: BEGIN
[0m13:54:24.898310 [debug] [Thread-1 (]: Opening a new connection, currently in state closed
[0m13:54:24.898922 [debug] [Thread-1 (]: SQL status: OK in 0.001 seconds
[0m13:54:24.899292 [debug] [Thread-1 (]: Using duckdb connection "test.sec_edgar.not_null_stg_financials_canonical_concept.e17bcbd71d"
[0m13:54:24.899666 [debug] [Thread-1 (]: On test.sec_edgar.not_null_stg_financials_canonical_concept.e17bcbd71d: /* {"app": "dbt", "dbt_version": "1.11.8", "profile_name": "sec_edgar", "target_name": "dev", "node_id": "test.sec_edgar.not_null_stg_financials_canonical_concept.e17bcbd71d"} */

    
    select
      count(*) as failures,
      count(*) != 0 as should_warn,
      count(*) != 0 as should_error
    from (
      
    
  
    
    



select canonical_concept
from "edgar"."main_silver"."stg_financials"
where canonical_concept is null



  
  
      
    ) dbt_internal_test
[0m13:54:24.900576 [debug] [Thread-1 (]: SQL status: OK in 0.001 seconds
[0m13:54:24.901754 [debug] [Thread-1 (]: On test.sec_edgar.not_null_stg_financials_canonical_concept.e17bcbd71d: ROLLBACK
[0m13:54:24.902712 [debug] [Thread-2 (]: Failed to rollback 'test.sec_edgar.not_null_stg_filing_periods_cik.5d0ac31d80'
[0m13:54:24.903198 [debug] [Thread-1 (]: Failed to rollback 'test.sec_edgar.not_null_stg_financials_canonical_concept.e17bcbd71d'
[0m13:54:24.903949 [debug] [Thread-4 (]: Failed to rollback 'test.sec_edgar.not_null_stg_filing_periods_has_gaps.0b29e58c11'
[0m13:54:24.904727 [debug] [Thread-3 (]: Failed to rollback 'test.sec_edgar.not_null_stg_filing_periods_missing_quarters.39af8604ef'
[0m13:54:24.905170 [debug] [Thread-2 (]: On test.sec_edgar.not_null_stg_filing_periods_cik.5d0ac31d80: Close
[0m13:54:24.905495 [debug] [Thread-1 (]: On test.sec_edgar.not_null_stg_financials_canonical_concept.e17bcbd71d: Close
[0m13:54:24.905872 [debug] [Thread-4 (]: On test.sec_edgar.not_null_stg_filing_periods_has_gaps.0b29e58c11: Close
[0m13:54:24.906277 [debug] [Thread-3 (]: On test.sec_edgar.not_null_stg_filing_periods_missing_quarters.39af8604ef: Close
[0m13:54:24.907517 [info ] [Thread-1 (]: 9 of 17 PASS not_null_stg_financials_canonical_concept ......................... [[32mPASS[0m in 0.02s]
[0m13:54:24.909322 [debug] [Thread-1 (]: Finished running node test.sec_edgar.not_null_stg_financials_canonical_concept.e17bcbd71d
[0m13:54:24.909677 [debug] [Thread-1 (]: Began running node test.sec_edgar.not_null_stg_financials_cik.4ca5d0f1eb
[0m13:54:24.910173 [info ] [Thread-1 (]: 10 of 17 START test not_null_stg_financials_cik ................................ [RUN]
[0m13:54:24.910996 [debug] [Thread-1 (]: Re-using an available connection from the pool (formerly test.sec_edgar.not_null_stg_financials_canonical_concept.e17bcbd71d, now test.sec_edgar.not_null_stg_financials_cik.4ca5d0f1eb)
[0m13:54:24.911470 [debug] [Thread-1 (]: Began compiling node test.sec_edgar.not_null_stg_financials_cik.4ca5d0f1eb
[0m13:54:24.914294 [debug] [Thread-1 (]: Writing injected SQL for node "test.sec_edgar.not_null_stg_financials_cik.4ca5d0f1eb"
[0m13:54:24.915383 [debug] [Thread-1 (]: Began executing node test.sec_edgar.not_null_stg_financials_cik.4ca5d0f1eb
[0m13:54:24.917090 [debug] [Thread-1 (]: Writing runtime sql for node "test.sec_edgar.not_null_stg_financials_cik.4ca5d0f1eb"
[0m13:54:24.917758 [debug] [Thread-1 (]: Using duckdb connection "test.sec_edgar.not_null_stg_financials_cik.4ca5d0f1eb"
[0m13:54:24.918283 [debug] [Thread-1 (]: On test.sec_edgar.not_null_stg_financials_cik.4ca5d0f1eb: BEGIN
[0m13:54:24.918629 [debug] [Thread-1 (]: Opening a new connection, currently in state closed
[0m13:54:24.919316 [debug] [Thread-1 (]: SQL status: OK in 0.001 seconds
[0m13:54:24.919751 [debug] [Thread-1 (]: Using duckdb connection "test.sec_edgar.not_null_stg_financials_cik.4ca5d0f1eb"
[0m13:54:24.920305 [debug] [Thread-1 (]: On test.sec_edgar.not_null_stg_financials_cik.4ca5d0f1eb: /* {"app": "dbt", "dbt_version": "1.11.8", "profile_name": "sec_edgar", "target_name": "dev", "node_id": "test.sec_edgar.not_null_stg_financials_cik.4ca5d0f1eb"} */

    
    select
      count(*) as failures,
      count(*) != 0 as should_warn,
      count(*) != 0 as should_error
    from (
      
    
  
    
    



select cik
from "edgar"."main_silver"."stg_financials"
where cik is null



  
  
      
    ) dbt_internal_test
[0m13:54:24.921493 [debug] [Thread-1 (]: SQL status: OK in 0.001 seconds
[0m13:54:24.922813 [debug] [Thread-1 (]: On test.sec_edgar.not_null_stg_financials_cik.4ca5d0f1eb: ROLLBACK
[0m13:54:24.923436 [debug] [Thread-1 (]: Failed to rollback 'test.sec_edgar.not_null_stg_financials_cik.4ca5d0f1eb'
[0m13:54:24.923876 [debug] [Thread-1 (]: On test.sec_edgar.not_null_stg_financials_cik.4ca5d0f1eb: Close
[0m13:54:24.924613 [info ] [Thread-1 (]: 10 of 17 PASS not_null_stg_financials_cik ...................................... [[32mPASS[0m in 0.01s]
[0m13:54:24.925274 [debug] [Thread-1 (]: Finished running node test.sec_edgar.not_null_stg_financials_cik.4ca5d0f1eb
[0m13:54:24.925663 [debug] [Thread-1 (]: Began running node test.sec_edgar.not_null_stg_financials_filed_date.118ebbbdd4
[0m13:54:24.926072 [info ] [Thread-1 (]: 11 of 17 START test not_null_stg_financials_filed_date ......................... [RUN]
[0m13:54:24.926675 [debug] [Thread-1 (]: Re-using an available connection from the pool (formerly test.sec_edgar.not_null_stg_financials_cik.4ca5d0f1eb, now test.sec_edgar.not_null_stg_financials_filed_date.118ebbbdd4)
[0m13:54:24.927098 [debug] [Thread-1 (]: Began compiling node test.sec_edgar.not_null_stg_financials_filed_date.118ebbbdd4
[0m13:54:24.930015 [debug] [Thread-1 (]: Writing injected SQL for node "test.sec_edgar.not_null_stg_financials_filed_date.118ebbbdd4"
[0m13:54:24.930881 [debug] [Thread-1 (]: Began executing node test.sec_edgar.not_null_stg_financials_filed_date.118ebbbdd4
[0m13:54:24.932399 [debug] [Thread-1 (]: Writing runtime sql for node "test.sec_edgar.not_null_stg_financials_filed_date.118ebbbdd4"
[0m13:54:24.933299 [debug] [Thread-1 (]: Using duckdb connection "test.sec_edgar.not_null_stg_financials_filed_date.118ebbbdd4"
[0m13:54:24.933600 [debug] [Thread-1 (]: On test.sec_edgar.not_null_stg_financials_filed_date.118ebbbdd4: BEGIN
[0m13:54:24.933852 [debug] [Thread-1 (]: Opening a new connection, currently in state closed
[0m13:54:24.934637 [debug] [Thread-1 (]: SQL status: OK in 0.001 seconds
[0m13:54:24.934942 [debug] [Thread-1 (]: Using duckdb connection "test.sec_edgar.not_null_stg_financials_filed_date.118ebbbdd4"
[0m13:54:24.936130 [debug] [Thread-1 (]: On test.sec_edgar.not_null_stg_financials_filed_date.118ebbbdd4: /* {"app": "dbt", "dbt_version": "1.11.8", "profile_name": "sec_edgar", "target_name": "dev", "node_id": "test.sec_edgar.not_null_stg_financials_filed_date.118ebbbdd4"} */

    
    select
      count(*) as failures,
      count(*) != 0 as should_warn,
      count(*) != 0 as should_error
    from (
      
    
  
    
    



select filed_date
from "edgar"."main_silver"."stg_financials"
where filed_date is null



  
  
      
    ) dbt_internal_test
[0m13:54:24.940326 [debug] [Thread-4 (]: Runtime Error in test not_null_stg_filing_periods_has_gaps (models\silver\schema.yml)
  Catalog Error: Table with name stg_filing_periods does not exist!
  Did you mean "stg_financials"?
  
  LINE 18: from "edgar"."main_silver"."stg_filing_periods"
                ^
[0m13:54:24.943271 [debug] [Thread-2 (]: Runtime Error in test not_null_stg_filing_periods_cik (models\silver\schema.yml)
  Catalog Error: Table with name stg_filing_periods does not exist!
  Did you mean "stg_financials"?
  
  LINE 18: from "edgar"."main_silver"."stg_filing_periods"
                ^
[0m13:54:24.944363 [debug] [Thread-1 (]: SQL status: OK in 0.008 seconds
[0m13:54:24.944993 [debug] [Thread-3 (]: Runtime Error in test not_null_stg_filing_periods_missing_quarters (models\silver\schema.yml)
  Catalog Error: Table with name stg_filing_periods does not exist!
  Did you mean "stg_financials"?
  
  LINE 18: from "edgar"."main_silver"."stg_filing_periods"
                ^
[0m13:54:24.943970 [error] [Thread-4 (]: 6 of 17 ERROR not_null_stg_filing_periods_has_gaps ............................. [[31mERROR[0m in 0.10s]
[0m13:54:24.946731 [debug] [Thread-1 (]: On test.sec_edgar.not_null_stg_financials_filed_date.118ebbbdd4: ROLLBACK
[0m13:54:24.945478 [error] [Thread-2 (]: 5 of 17 ERROR not_null_stg_filing_periods_cik .................................. [[31mERROR[0m in 0.10s]
[0m13:54:24.947629 [debug] [Thread-4 (]: Finished running node test.sec_edgar.not_null_stg_filing_periods_has_gaps.0b29e58c11
[0m13:54:24.947112 [error] [Thread-3 (]: 7 of 17 ERROR not_null_stg_filing_periods_missing_quarters ..................... [[31mERROR[0m in 0.10s]
[0m13:54:24.948272 [debug] [Thread-1 (]: Failed to rollback 'test.sec_edgar.not_null_stg_financials_filed_date.118ebbbdd4'
[0m13:54:24.948680 [debug] [Thread-2 (]: Finished running node test.sec_edgar.not_null_stg_filing_periods_cik.5d0ac31d80
[0m13:54:24.949006 [debug] [Thread-4 (]: Began running node test.sec_edgar.not_null_stg_financials_form_type.8add921f37
[0m13:54:24.949402 [debug] [Thread-3 (]: Finished running node test.sec_edgar.not_null_stg_filing_periods_missing_quarters.39af8604ef
[0m13:54:24.949793 [debug] [Thread-7 (]: Marking all children of 'test.sec_edgar.not_null_stg_filing_periods_has_gaps.0b29e58c11' to be skipped because of status 'error'.  Reason: Runtime Error in test not_null_stg_filing_periods_has_gaps (models\silver\schema.yml)
  Catalog Error: Table with name stg_filing_periods does not exist!
  Did you mean "stg_financials"?
  
  LINE 18: from "edgar"."main_silver"."stg_filing_periods"
                ^.
[0m13:54:24.950093 [debug] [Thread-1 (]: On test.sec_edgar.not_null_stg_financials_filed_date.118ebbbdd4: Close
[0m13:54:24.950508 [debug] [Thread-2 (]: Began running node test.sec_edgar.not_null_stg_financials_period_end.dc50fa8d9a
[0m13:54:24.951225 [debug] [Thread-3 (]: Began running node test.sec_edgar.not_null_stg_financials_reported_value.61de75a945
[0m13:54:24.950900 [info ] [Thread-4 (]: 12 of 17 START test not_null_stg_financials_form_type .......................... [RUN]
[0m13:54:24.952214 [debug] [Thread-7 (]: Marking all children of 'test.sec_edgar.not_null_stg_filing_periods_cik.5d0ac31d80' to be skipped because of status 'error'.  Reason: Runtime Error in test not_null_stg_filing_periods_cik (models\silver\schema.yml)
  Catalog Error: Table with name stg_filing_periods does not exist!
  Did you mean "stg_financials"?
  
  LINE 18: from "edgar"."main_silver"."stg_filing_periods"
                ^.
[0m13:54:24.952610 [info ] [Thread-2 (]: 13 of 17 START test not_null_stg_financials_period_end ......................... [RUN]
[0m13:54:24.953670 [debug] [Thread-4 (]: Re-using an available connection from the pool (formerly test.sec_edgar.not_null_stg_filing_periods_has_gaps.0b29e58c11, now test.sec_edgar.not_null_stg_financials_form_type.8add921f37)
[0m13:54:24.953007 [info ] [Thread-1 (]: 11 of 17 PASS not_null_stg_financials_filed_date ............................... [[32mPASS[0m in 0.03s]
[0m13:54:24.954164 [debug] [Thread-7 (]: Marking all children of 'test.sec_edgar.not_null_stg_filing_periods_missing_quarters.39af8604ef' to be skipped because of status 'error'.  Reason: Runtime Error in test not_null_stg_filing_periods_missing_quarters (models\silver\schema.yml)
  Catalog Error: Table with name stg_filing_periods does not exist!
  Did you mean "stg_financials"?
  
  LINE 18: from "edgar"."main_silver"."stg_filing_periods"
                ^.
[0m13:54:24.954523 [debug] [Thread-2 (]: Re-using an available connection from the pool (formerly test.sec_edgar.not_null_stg_filing_periods_cik.5d0ac31d80, now test.sec_edgar.not_null_stg_financials_period_end.dc50fa8d9a)
[0m13:54:24.953364 [info ] [Thread-3 (]: 14 of 17 START test not_null_stg_financials_reported_value ..................... [RUN]
[0m13:54:24.954947 [debug] [Thread-4 (]: Began compiling node test.sec_edgar.not_null_stg_financials_form_type.8add921f37
[0m13:54:24.955400 [debug] [Thread-1 (]: Finished running node test.sec_edgar.not_null_stg_financials_filed_date.118ebbbdd4
[0m13:54:24.955840 [debug] [Thread-2 (]: Began compiling node test.sec_edgar.not_null_stg_financials_period_end.dc50fa8d9a
[0m13:54:24.956224 [debug] [Thread-3 (]: Re-using an available connection from the pool (formerly test.sec_edgar.not_null_stg_filing_periods_missing_quarters.39af8604ef, now test.sec_edgar.not_null_stg_financials_reported_value.61de75a945)
[0m13:54:24.959410 [debug] [Thread-4 (]: Writing injected SQL for node "test.sec_edgar.not_null_stg_financials_form_type.8add921f37"
[0m13:54:24.959888 [debug] [Thread-1 (]: Began running node test.sec_edgar.not_null_stg_financials_value_type.75f4048627
[0m13:54:24.962689 [debug] [Thread-2 (]: Writing injected SQL for node "test.sec_edgar.not_null_stg_financials_period_end.dc50fa8d9a"
[0m13:54:24.963091 [debug] [Thread-3 (]: Began compiling node test.sec_edgar.not_null_stg_financials_reported_value.61de75a945
[0m13:54:24.966258 [debug] [Thread-3 (]: Writing injected SQL for node "test.sec_edgar.not_null_stg_financials_reported_value.61de75a945"
[0m13:54:24.963481 [info ] [Thread-1 (]: 15 of 17 START test not_null_stg_financials_value_type ......................... [RUN]
[0m13:54:24.967055 [debug] [Thread-4 (]: Began executing node test.sec_edgar.not_null_stg_financials_form_type.8add921f37
[0m13:54:24.967432 [debug] [Thread-1 (]: Re-using an available connection from the pool (formerly test.sec_edgar.not_null_stg_financials_filed_date.118ebbbdd4, now test.sec_edgar.not_null_stg_financials_value_type.75f4048627)
[0m13:54:24.967755 [debug] [Thread-2 (]: Began executing node test.sec_edgar.not_null_stg_financials_period_end.dc50fa8d9a
[0m13:54:24.969119 [debug] [Thread-4 (]: Writing runtime sql for node "test.sec_edgar.not_null_stg_financials_form_type.8add921f37"
[0m13:54:24.969497 [debug] [Thread-1 (]: Began compiling node test.sec_edgar.not_null_stg_financials_value_type.75f4048627
[0m13:54:24.970840 [debug] [Thread-2 (]: Writing runtime sql for node "test.sec_edgar.not_null_stg_financials_period_end.dc50fa8d9a"
[0m13:54:24.971142 [debug] [Thread-3 (]: Began executing node test.sec_edgar.not_null_stg_financials_reported_value.61de75a945
[0m13:54:24.973663 [debug] [Thread-1 (]: Writing injected SQL for node "test.sec_edgar.not_null_stg_financials_value_type.75f4048627"
[0m13:54:24.975092 [debug] [Thread-3 (]: Writing runtime sql for node "test.sec_edgar.not_null_stg_financials_reported_value.61de75a945"
[0m13:54:24.975531 [debug] [Thread-4 (]: Using duckdb connection "test.sec_edgar.not_null_stg_financials_form_type.8add921f37"
[0m13:54:24.976042 [debug] [Thread-4 (]: On test.sec_edgar.not_null_stg_financials_form_type.8add921f37: BEGIN
[0m13:54:24.976323 [debug] [Thread-4 (]: Opening a new connection, currently in state closed
[0m13:54:24.977126 [debug] [Thread-2 (]: Using duckdb connection "test.sec_edgar.not_null_stg_financials_period_end.dc50fa8d9a"
[0m13:54:24.977661 [debug] [Thread-2 (]: On test.sec_edgar.not_null_stg_financials_period_end.dc50fa8d9a: BEGIN
[0m13:54:24.978104 [debug] [Thread-3 (]: Using duckdb connection "test.sec_edgar.not_null_stg_financials_reported_value.61de75a945"
[0m13:54:24.978420 [debug] [Thread-4 (]: SQL status: OK in 0.002 seconds
[0m13:54:24.978796 [debug] [Thread-1 (]: Began executing node test.sec_edgar.not_null_stg_financials_value_type.75f4048627
[0m13:54:24.979154 [debug] [Thread-2 (]: Opening a new connection, currently in state closed
[0m13:54:24.979498 [debug] [Thread-3 (]: On test.sec_edgar.not_null_stg_financials_reported_value.61de75a945: BEGIN
[0m13:54:24.979827 [debug] [Thread-4 (]: Using duckdb connection "test.sec_edgar.not_null_stg_financials_form_type.8add921f37"
[0m13:54:24.981445 [debug] [Thread-1 (]: Writing runtime sql for node "test.sec_edgar.not_null_stg_financials_value_type.75f4048627"
[0m13:54:24.982170 [debug] [Thread-3 (]: Opening a new connection, currently in state closed
[0m13:54:24.982525 [debug] [Thread-4 (]: On test.sec_edgar.not_null_stg_financials_form_type.8add921f37: /* {"app": "dbt", "dbt_version": "1.11.8", "profile_name": "sec_edgar", "target_name": "dev", "node_id": "test.sec_edgar.not_null_stg_financials_form_type.8add921f37"} */

    
    select
      count(*) as failures,
      count(*) != 0 as should_warn,
      count(*) != 0 as should_error
    from (
      
    
  
    
    



select form_type
from "edgar"."main_silver"."stg_financials"
where form_type is null



  
  
      
    ) dbt_internal_test
[0m13:54:24.983032 [debug] [Thread-2 (]: SQL status: OK in 0.004 seconds
[0m13:54:24.983856 [debug] [Thread-3 (]: SQL status: OK in 0.002 seconds
[0m13:54:24.984543 [debug] [Thread-2 (]: Using duckdb connection "test.sec_edgar.not_null_stg_financials_period_end.dc50fa8d9a"
[0m13:54:24.985046 [debug] [Thread-3 (]: Using duckdb connection "test.sec_edgar.not_null_stg_financials_reported_value.61de75a945"
[0m13:54:24.985414 [debug] [Thread-2 (]: On test.sec_edgar.not_null_stg_financials_period_end.dc50fa8d9a: /* {"app": "dbt", "dbt_version": "1.11.8", "profile_name": "sec_edgar", "target_name": "dev", "node_id": "test.sec_edgar.not_null_stg_financials_period_end.dc50fa8d9a"} */

    
    select
      count(*) as failures,
      count(*) != 0 as should_warn,
      count(*) != 0 as should_error
    from (
      
    
  
    
    



select period_end
from "edgar"."main_silver"."stg_financials"
where period_end is null



  
  
      
    ) dbt_internal_test
[0m13:54:24.985717 [debug] [Thread-3 (]: On test.sec_edgar.not_null_stg_financials_reported_value.61de75a945: /* {"app": "dbt", "dbt_version": "1.11.8", "profile_name": "sec_edgar", "target_name": "dev", "node_id": "test.sec_edgar.not_null_stg_financials_reported_value.61de75a945"} */

    
    select
      count(*) as failures,
      count(*) != 0 as should_warn,
      count(*) != 0 as should_error
    from (
      
    
  
    
    



select reported_value
from "edgar"."main_silver"."stg_financials"
where reported_value is null



  
  
      
    ) dbt_internal_test
[0m13:54:24.986065 [debug] [Thread-1 (]: Using duckdb connection "test.sec_edgar.not_null_stg_financials_value_type.75f4048627"
[0m13:54:24.986549 [debug] [Thread-4 (]: SQL status: OK in 0.002 seconds
[0m13:54:24.987772 [debug] [Thread-1 (]: On test.sec_edgar.not_null_stg_financials_value_type.75f4048627: BEGIN
[0m13:54:24.988300 [debug] [Thread-3 (]: SQL status: OK in 0.001 seconds
[0m13:54:24.988669 [debug] [Thread-1 (]: Opening a new connection, currently in state closed
[0m13:54:24.989812 [debug] [Thread-4 (]: On test.sec_edgar.not_null_stg_financials_form_type.8add921f37: ROLLBACK
[0m13:54:24.990122 [debug] [Thread-2 (]: SQL status: OK in 0.003 seconds
[0m13:54:24.992213 [debug] [Thread-3 (]: On test.sec_edgar.not_null_stg_financials_reported_value.61de75a945: ROLLBACK
[0m13:54:24.994380 [debug] [Thread-4 (]: Failed to rollback 'test.sec_edgar.not_null_stg_financials_form_type.8add921f37'
[0m13:54:24.995336 [debug] [Thread-1 (]: SQL status: OK in 0.007 seconds
[0m13:54:24.997095 [debug] [Thread-2 (]: On test.sec_edgar.not_null_stg_financials_period_end.dc50fa8d9a: ROLLBACK
[0m13:54:24.997729 [debug] [Thread-3 (]: Failed to rollback 'test.sec_edgar.not_null_stg_financials_reported_value.61de75a945'
[0m13:54:24.998165 [debug] [Thread-4 (]: On test.sec_edgar.not_null_stg_financials_form_type.8add921f37: Close
[0m13:54:24.998799 [debug] [Thread-1 (]: Using duckdb connection "test.sec_edgar.not_null_stg_financials_value_type.75f4048627"
[0m13:54:24.999704 [debug] [Thread-2 (]: Failed to rollback 'test.sec_edgar.not_null_stg_financials_period_end.dc50fa8d9a'
[0m13:54:25.000393 [debug] [Thread-3 (]: On test.sec_edgar.not_null_stg_financials_reported_value.61de75a945: Close
[0m13:54:25.002657 [debug] [Thread-1 (]: On test.sec_edgar.not_null_stg_financials_value_type.75f4048627: /* {"app": "dbt", "dbt_version": "1.11.8", "profile_name": "sec_edgar", "target_name": "dev", "node_id": "test.sec_edgar.not_null_stg_financials_value_type.75f4048627"} */

    
    select
      count(*) as failures,
      count(*) != 0 as should_warn,
      count(*) != 0 as should_error
    from (
      
    
  
    
    



select value_type
from "edgar"."main_silver"."stg_financials"
where value_type is null



  
  
      
    ) dbt_internal_test
[0m13:54:25.003547 [debug] [Thread-2 (]: On test.sec_edgar.not_null_stg_financials_period_end.dc50fa8d9a: Close
[0m13:54:25.002030 [info ] [Thread-4 (]: 12 of 17 PASS not_null_stg_financials_form_type ................................ [[32mPASS[0m in 0.05s]
[0m13:54:25.004983 [info ] [Thread-3 (]: 14 of 17 PASS not_null_stg_financials_reported_value ........................... [[32mPASS[0m in 0.05s]
[0m13:54:25.007437 [debug] [Thread-4 (]: Finished running node test.sec_edgar.not_null_stg_financials_form_type.8add921f37
[0m13:54:25.006491 [info ] [Thread-2 (]: 13 of 17 PASS not_null_stg_financials_period_end ............................... [[32mPASS[0m in 0.05s]
[0m13:54:25.008362 [debug] [Thread-1 (]: SQL status: OK in 0.003 seconds
[0m13:54:25.009277 [debug] [Thread-3 (]: Finished running node test.sec_edgar.not_null_stg_financials_reported_value.61de75a945
[0m13:54:25.010004 [debug] [Thread-4 (]: Began running node test.sec_edgar.unique_stg_companies_cik.dfa9e4bacb
[0m13:54:25.010982 [debug] [Thread-2 (]: Finished running node test.sec_edgar.not_null_stg_financials_period_end.dc50fa8d9a
[0m13:54:25.013044 [debug] [Thread-1 (]: On test.sec_edgar.not_null_stg_financials_value_type.75f4048627: ROLLBACK
[0m13:54:25.013728 [debug] [Thread-3 (]: Began running node test.sec_edgar.unique_stg_filing_periods_cik.26c8ca2727
[0m13:54:25.014292 [info ] [Thread-4 (]: 16 of 17 START test unique_stg_companies_cik ................................... [RUN]
[0m13:54:25.015746 [debug] [Thread-1 (]: Failed to rollback 'test.sec_edgar.not_null_stg_financials_value_type.75f4048627'
[0m13:54:25.015112 [info ] [Thread-3 (]: 17 of 17 START test unique_stg_filing_periods_cik .............................. [RUN]
[0m13:54:25.016579 [debug] [Thread-4 (]: Re-using an available connection from the pool (formerly test.sec_edgar.not_null_stg_financials_form_type.8add921f37, now test.sec_edgar.unique_stg_companies_cik.dfa9e4bacb)
[0m13:54:25.017099 [debug] [Thread-1 (]: On test.sec_edgar.not_null_stg_financials_value_type.75f4048627: Close
[0m13:54:25.017779 [debug] [Thread-3 (]: Re-using an available connection from the pool (formerly test.sec_edgar.not_null_stg_financials_reported_value.61de75a945, now test.sec_edgar.unique_stg_filing_periods_cik.26c8ca2727)
[0m13:54:25.018440 [debug] [Thread-4 (]: Began compiling node test.sec_edgar.unique_stg_companies_cik.dfa9e4bacb
[0m13:54:25.019059 [debug] [Thread-3 (]: Began compiling node test.sec_edgar.unique_stg_filing_periods_cik.26c8ca2727
[0m13:54:25.028150 [debug] [Thread-4 (]: Writing injected SQL for node "test.sec_edgar.unique_stg_companies_cik.dfa9e4bacb"
[0m13:54:25.019694 [info ] [Thread-1 (]: 15 of 17 PASS not_null_stg_financials_value_type ............................... [[32mPASS[0m in 0.05s]
[0m13:54:25.031627 [debug] [Thread-3 (]: Writing injected SQL for node "test.sec_edgar.unique_stg_filing_periods_cik.26c8ca2727"
[0m13:54:25.032782 [debug] [Thread-1 (]: Finished running node test.sec_edgar.not_null_stg_financials_value_type.75f4048627
[0m13:54:25.034145 [debug] [Thread-4 (]: Began executing node test.sec_edgar.unique_stg_companies_cik.dfa9e4bacb
[0m13:54:25.041273 [debug] [Thread-4 (]: Writing runtime sql for node "test.sec_edgar.unique_stg_companies_cik.dfa9e4bacb"
[0m13:54:25.042070 [debug] [Thread-3 (]: Began executing node test.sec_edgar.unique_stg_filing_periods_cik.26c8ca2727
[0m13:54:25.044864 [debug] [Thread-3 (]: Writing runtime sql for node "test.sec_edgar.unique_stg_filing_periods_cik.26c8ca2727"
[0m13:54:25.046130 [debug] [Thread-3 (]: Using duckdb connection "test.sec_edgar.unique_stg_filing_periods_cik.26c8ca2727"
[0m13:54:25.046513 [debug] [Thread-3 (]: On test.sec_edgar.unique_stg_filing_periods_cik.26c8ca2727: BEGIN
[0m13:54:25.046803 [debug] [Thread-3 (]: Opening a new connection, currently in state closed
[0m13:54:25.047150 [debug] [Thread-4 (]: Using duckdb connection "test.sec_edgar.unique_stg_companies_cik.dfa9e4bacb"
[0m13:54:25.047686 [debug] [Thread-4 (]: On test.sec_edgar.unique_stg_companies_cik.dfa9e4bacb: BEGIN
[0m13:54:25.047980 [debug] [Thread-4 (]: Opening a new connection, currently in state closed
[0m13:54:25.048369 [debug] [Thread-3 (]: SQL status: OK in 0.001 seconds
[0m13:54:25.048921 [debug] [Thread-3 (]: Using duckdb connection "test.sec_edgar.unique_stg_filing_periods_cik.26c8ca2727"
[0m13:54:25.049240 [debug] [Thread-3 (]: On test.sec_edgar.unique_stg_filing_periods_cik.26c8ca2727: /* {"app": "dbt", "dbt_version": "1.11.8", "profile_name": "sec_edgar", "target_name": "dev", "node_id": "test.sec_edgar.unique_stg_filing_periods_cik.26c8ca2727"} */

    
    select
      count(*) as failures,
      count(*) != 0 as should_warn,
      count(*) != 0 as should_error
    from (
      
    
  
    
    

select
    cik as unique_field,
    count(*) as n_records

from "edgar"."main_silver"."stg_filing_periods"
where cik is not null
group by cik
having count(*) > 1



  
  
      
    ) dbt_internal_test
[0m13:54:25.049548 [debug] [Thread-4 (]: SQL status: OK in 0.002 seconds
[0m13:54:25.050081 [debug] [Thread-4 (]: Using duckdb connection "test.sec_edgar.unique_stg_companies_cik.dfa9e4bacb"
[0m13:54:25.050372 [debug] [Thread-4 (]: On test.sec_edgar.unique_stg_companies_cik.dfa9e4bacb: /* {"app": "dbt", "dbt_version": "1.11.8", "profile_name": "sec_edgar", "target_name": "dev", "node_id": "test.sec_edgar.unique_stg_companies_cik.dfa9e4bacb"} */

    
    select
      count(*) as failures,
      count(*) != 0 as should_warn,
      count(*) != 0 as should_error
    from (
      
    
  
    
    

select
    cik as unique_field,
    count(*) as n_records

from "edgar"."main_silver"."stg_companies"
where cik is not null
group by cik
having count(*) > 1



  
  
      
    ) dbt_internal_test
[0m13:54:25.051026 [debug] [Thread-3 (]: DuckDB adapter: duckdb error: Catalog Error: Table with name stg_filing_periods does not exist!
Did you mean "stg_financials"?

LINE 19: from "edgar"."main_silver"."stg_filing_periods"
              ^
[0m13:54:25.051354 [debug] [Thread-3 (]: DuckDB adapter: Error running SQL: /* {"app": "dbt", "dbt_version": "1.11.8", "profile_name": "sec_edgar", "target_name": "dev", "node_id": "test.sec_edgar.unique_stg_filing_periods_cik.26c8ca2727"} */

    
    select
      count(*) as failures,
      count(*) != 0 as should_warn,
      count(*) != 0 as should_error
    from (
      
    
  
    
    

select
    cik as unique_field,
    count(*) as n_records

from "edgar"."main_silver"."stg_filing_periods"
where cik is not null
group by cik
having count(*) > 1



  
  
      
    ) dbt_internal_test
[0m13:54:25.051939 [debug] [Thread-3 (]: DuckDB adapter: Rolling back transaction.
[0m13:54:25.052195 [debug] [Thread-3 (]: On test.sec_edgar.unique_stg_filing_periods_cik.26c8ca2727: ROLLBACK
[0m13:54:25.053086 [debug] [Thread-3 (]: Failed to rollback 'test.sec_edgar.unique_stg_filing_periods_cik.26c8ca2727'
[0m13:54:25.053454 [debug] [Thread-3 (]: On test.sec_edgar.unique_stg_filing_periods_cik.26c8ca2727: Close
[0m13:54:25.055936 [debug] [Thread-3 (]: Runtime Error in test unique_stg_filing_periods_cik (models\silver\schema.yml)
  Catalog Error: Table with name stg_filing_periods does not exist!
  Did you mean "stg_financials"?
  
  LINE 19: from "edgar"."main_silver"."stg_filing_periods"
                ^
[0m13:54:25.056360 [error] [Thread-3 (]: 17 of 17 ERROR unique_stg_filing_periods_cik ................................... [[31mERROR[0m in 0.04s]
[0m13:54:25.057014 [debug] [Thread-3 (]: Finished running node test.sec_edgar.unique_stg_filing_periods_cik.26c8ca2727
[0m13:54:25.057565 [debug] [Thread-7 (]: Marking all children of 'test.sec_edgar.unique_stg_filing_periods_cik.26c8ca2727' to be skipped because of status 'error'.  Reason: Runtime Error in test unique_stg_filing_periods_cik (models\silver\schema.yml)
  Catalog Error: Table with name stg_filing_periods does not exist!
  Did you mean "stg_financials"?
  
  LINE 19: from "edgar"."main_silver"."stg_filing_periods"
                ^.
[0m13:54:25.062068 [debug] [Thread-4 (]: SQL status: OK in 0.011 seconds
[0m13:54:25.064277 [debug] [Thread-4 (]: On test.sec_edgar.unique_stg_companies_cik.dfa9e4bacb: ROLLBACK
[0m13:54:25.065463 [debug] [Thread-4 (]: Failed to rollback 'test.sec_edgar.unique_stg_companies_cik.dfa9e4bacb'
[0m13:54:25.066401 [debug] [Thread-4 (]: On test.sec_edgar.unique_stg_companies_cik.dfa9e4bacb: Close
[0m13:54:25.067494 [info ] [Thread-4 (]: 16 of 17 PASS unique_stg_companies_cik ......................................... [[32mPASS[0m in 0.05s]
[0m13:54:25.069026 [debug] [Thread-4 (]: Finished running node test.sec_edgar.unique_stg_companies_cik.dfa9e4bacb
[0m13:54:25.071448 [debug] [MainThread]: Using duckdb connection "master"
[0m13:54:25.072103 [debug] [MainThread]: On master: BEGIN
[0m13:54:25.072588 [debug] [MainThread]: Opening a new connection, currently in state closed
[0m13:54:25.073538 [debug] [MainThread]: SQL status: OK in 0.001 seconds
[0m13:54:25.074050 [debug] [MainThread]: On master: COMMIT
[0m13:54:25.074496 [debug] [MainThread]: Using duckdb connection "master"
[0m13:54:25.075177 [debug] [MainThread]: On master: COMMIT
[0m13:54:25.075676 [debug] [MainThread]: SQL status: OK in 0.000 seconds
[0m13:54:25.075962 [debug] [MainThread]: On master: Close
[0m13:54:25.076345 [debug] [MainThread]: Connection 'master' was properly closed.
[0m13:54:25.076602 [debug] [MainThread]: Connection 'list_edgar_main_seeds' was properly closed.
[0m13:54:25.076798 [debug] [MainThread]: Connection 'list_edgar_main_silver' was properly closed.
[0m13:54:25.076981 [debug] [MainThread]: Connection 'list_edgar_main_bronze' was properly closed.
[0m13:54:25.077160 [debug] [MainThread]: Connection 'list_edgar_main_gold' was properly closed.
[0m13:54:25.077338 [debug] [MainThread]: Connection 'test.sec_edgar.not_null_stg_financials_period_end.dc50fa8d9a' was properly closed.
[0m13:54:25.077515 [debug] [MainThread]: Connection 'test.sec_edgar.not_null_stg_financials_value_type.75f4048627' was properly closed.
[0m13:54:25.077686 [debug] [MainThread]: Connection 'test.sec_edgar.unique_stg_filing_periods_cik.26c8ca2727' was properly closed.
[0m13:54:25.077856 [debug] [MainThread]: Connection 'test.sec_edgar.unique_stg_companies_cik.dfa9e4bacb' was properly closed.
[0m13:54:25.078145 [info ] [MainThread]: 
[0m13:54:25.078863 [info ] [MainThread]: Finished running 17 data tests in 0 hours 0 minutes and 0.52 seconds (0.52s).
[0m13:54:25.081557 [debug] [MainThread]: Command end result
[0m13:54:25.110549 [debug] [MainThread]: Wrote artifact WritableManifest to C:\Krish\Project\sec-edgar-pipeline\dbt\target\manifest.json
[0m13:54:25.113515 [debug] [MainThread]: Wrote artifact SemanticManifest to C:\Krish\Project\sec-edgar-pipeline\dbt\target\semantic_manifest.json
[0m13:54:25.119639 [debug] [MainThread]: Wrote artifact RunExecutionResult to C:\Krish\Project\sec-edgar-pipeline\dbt\target\run_results.json
[0m13:54:25.119948 [info ] [MainThread]: 
[0m13:54:25.120448 [info ] [MainThread]: [31mCompleted with 5 errors, 0 partial successes, and 0 warnings:[0m
[0m13:54:25.120841 [info ] [MainThread]: 
[0m13:54:25.121284 [error] [MainThread]: [31mFailure in test accepted_values_stg_financials_form_type__10_K__10_Q__10_K_A__10_Q_A__20_F__40_F (models\silver\schema.yml)[0m
[0m13:54:25.121686 [error] [MainThread]:   Got 1 result, configured to fail if != 0
[0m13:54:25.121946 [info ] [MainThread]: 
[0m13:54:25.122259 [info ] [MainThread]:   compiled code at target\compiled\sec_edgar\models\silver\schema.yml\accepted_values_stg_financials_b99343e2dded82ac6bcffe2e991930ab.sql
[0m13:54:25.122586 [info ] [MainThread]: 
[0m13:54:25.122950 [error] [MainThread]: [31mFailure in test not_null_stg_filing_periods_has_gaps (models\silver\schema.yml)[0m
[0m13:54:25.123394 [error] [MainThread]:   Runtime Error in test not_null_stg_filing_periods_has_gaps (models\silver\schema.yml)
  Catalog Error: Table with name stg_filing_periods does not exist!
  Did you mean "stg_financials"?
  
  LINE 18: from "edgar"."main_silver"."stg_filing_periods"
                ^
[0m13:54:25.123805 [info ] [MainThread]: 
[0m13:54:25.124236 [info ] [MainThread]:   compiled code at target\compiled\sec_edgar\models\silver\schema.yml\not_null_stg_filing_periods_has_gaps.sql
[0m13:54:25.124516 [info ] [MainThread]: 
[0m13:54:25.124821 [error] [MainThread]: [31mFailure in test not_null_stg_filing_periods_cik (models\silver\schema.yml)[0m
[0m13:54:25.125138 [error] [MainThread]:   Runtime Error in test not_null_stg_filing_periods_cik (models\silver\schema.yml)
  Catalog Error: Table with name stg_filing_periods does not exist!
  Did you mean "stg_financials"?
  
  LINE 18: from "edgar"."main_silver"."stg_filing_periods"
                ^
[0m13:54:25.125424 [info ] [MainThread]: 
[0m13:54:25.125720 [info ] [MainThread]:   compiled code at target\compiled\sec_edgar\models\silver\schema.yml\not_null_stg_filing_periods_cik.sql
[0m13:54:25.126077 [info ] [MainThread]: 
[0m13:54:25.126448 [error] [MainThread]: [31mFailure in test not_null_stg_filing_periods_missing_quarters (models\silver\schema.yml)[0m
[0m13:54:25.126877 [error] [MainThread]:   Runtime Error in test not_null_stg_filing_periods_missing_quarters (models\silver\schema.yml)
  Catalog Error: Table with name stg_filing_periods does not exist!
  Did you mean "stg_financials"?
  
  LINE 18: from "edgar"."main_silver"."stg_filing_periods"
                ^
[0m13:54:25.127313 [info ] [MainThread]: 
[0m13:54:25.127663 [info ] [MainThread]:   compiled code at target\compiled\sec_edgar\models\silver\schema.yml\not_null_stg_filing_periods_missing_quarters.sql
[0m13:54:25.127920 [info ] [MainThread]: 
[0m13:54:25.128223 [error] [MainThread]: [31mFailure in test unique_stg_filing_periods_cik (models\silver\schema.yml)[0m
[0m13:54:25.128512 [error] [MainThread]:   Runtime Error in test unique_stg_filing_periods_cik (models\silver\schema.yml)
  Catalog Error: Table with name stg_filing_periods does not exist!
  Did you mean "stg_financials"?
  
  LINE 19: from "edgar"."main_silver"."stg_filing_periods"
                ^
[0m13:54:25.128762 [info ] [MainThread]: 
[0m13:54:25.129025 [info ] [MainThread]:   compiled code at target\compiled\sec_edgar\models\silver\schema.yml\unique_stg_filing_periods_cik.sql
[0m13:54:25.129258 [info ] [MainThread]: 
[0m13:54:25.129522 [info ] [MainThread]: Done. PASS=12 WARN=0 ERROR=5 SKIP=0 NO-OP=0 TOTAL=17
[0m13:54:25.130091 [debug] [MainThread]: Command `dbt test` failed at 13:54:25.130007 after 1.60 seconds
[0m13:54:25.130367 [debug] [MainThread]: Sending event: {'category': 'dbt', 'action': 'invocation', 'label': 'end', 'context': [<snowplow_tracker.self_describing_json.SelfDescribingJson object at 0x000001EB3D8B68D0>, <snowplow_tracker.self_describing_json.SelfDescribingJson object at 0x000001EB3F2D3A10>, <snowplow_tracker.self_describing_json.SelfDescribingJson object at 0x000001EB3F2D3C20>]}
[0m13:54:25.130625 [debug] [MainThread]: Flushing usage events
[0m13:54:25.494965 [debug] [MainThread]: An error was encountered while trying to flush usage events
[0m13:55:27.856677 [debug] [MainThread]: Sending event: {'category': 'dbt', 'action': 'invocation', 'label': 'start', 'context': [<snowplow_tracker.self_describing_json.SelfDescribingJson object at 0x000001E9C2947770>, <snowplow_tracker.self_describing_json.SelfDescribingJson object at 0x000001E9BF76B610>, <snowplow_tracker.self_describing_json.SelfDescribingJson object at 0x000001E9C4BEBC50>]}


============================== 13:55:27.860637 | 9b784827-c9bd-46cb-8fbb-e562a7347b87 ==============================
[0m13:55:27.860637 [info ] [MainThread]: Running with dbt=1.11.8
[0m13:55:27.861327 [debug] [MainThread]: running dbt with arguments {'log_format': 'default', 'invocation_command': 'dbt run --select silver --no-partial-parse', 'no_print': 'None', 'printer_width': '80', 'warn_error_options': 'WarnErrorOptionsV2(error=[], warn=[], silence=[])', 'indirect_selection': 'eager', 'send_anonymous_usage_stats': 'True', 'empty': 'False', 'log_path': 'C:\\Krish\\Project\\sec-edgar-pipeline\\dbt\\logs', 'warn_error': 'None', 'quiet': 'False', 'version_check': 'True', 'log_cache_events': 'False', 'write_json': 'True', 'cache_selected_only': 'False', 'fail_fast': 'False', 'use_colors': 'True', 'use_experimental_parser': 'False', 'static_parser': 'True', 'debug': 'False', 'partial_parse': 'False', 'profiles_dir': 'C:\\Krish\\Project\\sec-edgar-pipeline\\dbt', 'introspect': 'True', 'target_path': 'None'}
[0m13:55:28.078975 [debug] [MainThread]: Sending event: {'category': 'dbt', 'action': 'project_id', 'label': '9b784827-c9bd-46cb-8fbb-e562a7347b87', 'context': [<snowplow_tracker.self_describing_json.SelfDescribingJson object at 0x000001E9C2ED0510>]}
[0m13:55:28.130282 [debug] [MainThread]: Sending event: {'category': 'dbt', 'action': 'adapter_info', 'label': '9b784827-c9bd-46cb-8fbb-e562a7347b87', 'context': [<snowplow_tracker.self_describing_json.SelfDescribingJson object at 0x000001E9C4D7CF30>]}
[0m13:55:28.132762 [info ] [MainThread]: Registered adapter: duckdb=1.10.1
[0m13:55:28.291459 [debug] [MainThread]: checksum: 7d524ac048c2100769df89d592e662e060a73ca564e31bd9c2a37efdfe8d8ab6, vars: {}, profile: , target: , version: 1.11.8
[0m13:55:28.292509 [debug] [MainThread]: Partial parsing not enabled
[0m13:55:29.474947 [debug] [MainThread]: Sending event: {'category': 'dbt', 'action': 'load_project', 'label': '9b784827-c9bd-46cb-8fbb-e562a7347b87', 'context': [<snowplow_tracker.self_describing_json.SelfDescribingJson object at 0x000001E9C5276150>]}
[0m13:55:29.564578 [debug] [MainThread]: Wrote artifact WritableManifest to C:\Krish\Project\sec-edgar-pipeline\dbt\target\manifest.json
[0m13:55:29.567678 [debug] [MainThread]: Wrote artifact SemanticManifest to C:\Krish\Project\sec-edgar-pipeline\dbt\target\semantic_manifest.json
[0m13:55:29.578849 [debug] [MainThread]: Sending event: {'category': 'dbt', 'action': 'resource_counts', 'label': '9b784827-c9bd-46cb-8fbb-e562a7347b87', 'context': [<snowplow_tracker.self_describing_json.SelfDescribingJson object at 0x000001E9C4B55F40>]}
[0m13:55:29.579281 [info ] [MainThread]: Found 10 models, 28 data tests, 1 seed, 477 macros
[0m13:55:29.579799 [debug] [MainThread]: Sending event: {'category': 'dbt', 'action': 'runnable_timing', 'label': '9b784827-c9bd-46cb-8fbb-e562a7347b87', 'context': [<snowplow_tracker.self_describing_json.SelfDescribingJson object at 0x000001E9C57C04B0>]}
[0m13:55:29.581150 [info ] [MainThread]: 
[0m13:55:29.581630 [info ] [MainThread]: Concurrency: 4 threads (target='dev')
[0m13:55:29.581928 [info ] [MainThread]: 
[0m13:55:29.582326 [debug] [MainThread]: Acquiring new duckdb connection 'master'
[0m13:55:29.587615 [debug] [ThreadPool]: Acquiring new duckdb connection 'list_edgar'
[0m13:55:29.725466 [debug] [ThreadPool]: Using duckdb connection "list_edgar"
[0m13:55:29.725809 [debug] [ThreadPool]: On list_edgar: /* {"app": "dbt", "dbt_version": "1.11.8", "profile_name": "sec_edgar", "target_name": "dev", "connection_name": "list_edgar"} */

    
    select schema_name
    from system.information_schema.schemata
    
    where lower(catalog_name) = '"edgar"'
    
  
  
[0m13:55:29.726038 [debug] [ThreadPool]: Opening a new connection, currently in state init
[0m13:55:29.738938 [debug] [ThreadPool]: SQL status: OK in 0.013 seconds
[0m13:55:29.739985 [debug] [ThreadPool]: On list_edgar: Close
[0m13:55:29.740569 [debug] [ThreadPool]: Re-using an available connection from the pool (formerly list_edgar, now create_edgar_main_silver)
[0m13:55:29.741004 [debug] [ThreadPool]: Creating schema "database: "edgar"
schema: "main_silver"
"
[0m13:55:29.745500 [debug] [ThreadPool]: Using duckdb connection "create_edgar_main_silver"
[0m13:55:29.745809 [debug] [ThreadPool]: On create_edgar_main_silver: /* {"app": "dbt", "dbt_version": "1.11.8", "profile_name": "sec_edgar", "target_name": "dev", "connection_name": "create_edgar_main_silver"} */

    
        select type from duckdb_databases()
        where lower(database_name)='edgar'
        and type='sqlite'
    
  
[0m13:55:29.746030 [debug] [ThreadPool]: Opening a new connection, currently in state closed
[0m13:55:29.746765 [debug] [ThreadPool]: SQL status: OK in 0.001 seconds
[0m13:55:29.747683 [debug] [ThreadPool]: Using duckdb connection "create_edgar_main_silver"
[0m13:55:29.747939 [debug] [ThreadPool]: On create_edgar_main_silver: BEGIN
[0m13:55:29.748313 [debug] [ThreadPool]: SQL status: OK in 0.000 seconds
[0m13:55:29.748566 [debug] [ThreadPool]: Using duckdb connection "create_edgar_main_silver"
[0m13:55:29.748775 [debug] [ThreadPool]: On create_edgar_main_silver: /* {"app": "dbt", "dbt_version": "1.11.8", "profile_name": "sec_edgar", "target_name": "dev", "connection_name": "create_edgar_main_silver"} */

    
    
        create schema if not exists "edgar"."main_silver"
    
[0m13:55:29.749186 [debug] [ThreadPool]: SQL status: OK in 0.000 seconds
[0m13:55:29.750195 [debug] [ThreadPool]: On create_edgar_main_silver: COMMIT
[0m13:55:29.750613 [debug] [ThreadPool]: Using duckdb connection "create_edgar_main_silver"
[0m13:55:29.750852 [debug] [ThreadPool]: On create_edgar_main_silver: COMMIT
[0m13:55:29.751245 [debug] [ThreadPool]: SQL status: OK in 0.000 seconds
[0m13:55:29.751505 [debug] [ThreadPool]: On create_edgar_main_silver: Close
[0m13:55:29.753226 [debug] [ThreadPool]: Acquiring new duckdb connection 'list_edgar_main_bronze'
[0m13:55:29.757408 [debug] [ThreadPool]: Using duckdb connection "list_edgar_main_bronze"
[0m13:55:29.757957 [debug] [ThreadPool]: On list_edgar_main_bronze: BEGIN
[0m13:55:29.758372 [debug] [ThreadPool]: Acquiring new duckdb connection 'list_edgar_main_silver'
[0m13:55:29.758663 [debug] [ThreadPool]: Opening a new connection, currently in state init
[0m13:55:29.760123 [debug] [ThreadPool]: Using duckdb connection "list_edgar_main_silver"
[0m13:55:29.760515 [debug] [ThreadPool]: Acquiring new duckdb connection 'list_edgar_main_seeds'
[0m13:55:29.761050 [debug] [ThreadPool]: On list_edgar_main_silver: BEGIN
[0m13:55:29.761411 [debug] [ThreadPool]: Acquiring new duckdb connection 'list_edgar_main_gold'
[0m13:55:29.762581 [debug] [ThreadPool]: Using duckdb connection "list_edgar_main_seeds"
[0m13:55:29.762866 [debug] [ThreadPool]: SQL status: OK in 0.004 seconds
[0m13:55:29.763274 [debug] [ThreadPool]: Opening a new connection, currently in state init
[0m13:55:29.765922 [debug] [ThreadPool]: Using duckdb connection "list_edgar_main_gold"
[0m13:55:29.766312 [debug] [ThreadPool]: On list_edgar_main_seeds: BEGIN
[0m13:55:29.766593 [debug] [ThreadPool]: Using duckdb connection "list_edgar_main_bronze"
[0m13:55:29.767199 [debug] [ThreadPool]: On list_edgar_main_gold: BEGIN
[0m13:55:29.767472 [debug] [ThreadPool]: Opening a new connection, currently in state init
[0m13:55:29.767722 [debug] [ThreadPool]: SQL status: OK in 0.004 seconds
[0m13:55:29.767965 [debug] [ThreadPool]: On list_edgar_main_bronze: /* {"app": "dbt", "dbt_version": "1.11.8", "profile_name": "sec_edgar", "target_name": "dev", "connection_name": "list_edgar_main_bronze"} */
select
      'edgar' as database,
      table_name as name,
      table_schema as schema,
      CASE table_type
        WHEN 'BASE TABLE' THEN 'table'
        WHEN 'VIEW' THEN 'view'
        WHEN 'LOCAL TEMPORARY' THEN 'table'
        END as type
    from system.information_schema.tables
    where lower(table_schema) = 'main_bronze'
    and lower(table_catalog) = 'edgar'
  
[0m13:55:29.768632 [debug] [ThreadPool]: Opening a new connection, currently in state init
[0m13:55:29.769137 [debug] [ThreadPool]: Using duckdb connection "list_edgar_main_silver"
[0m13:55:29.769520 [debug] [ThreadPool]: SQL status: OK in 0.002 seconds
[0m13:55:29.770102 [debug] [ThreadPool]: On list_edgar_main_silver: /* {"app": "dbt", "dbt_version": "1.11.8", "profile_name": "sec_edgar", "target_name": "dev", "connection_name": "list_edgar_main_silver"} */
select
      'edgar' as database,
      table_name as name,
      table_schema as schema,
      CASE table_type
        WHEN 'BASE TABLE' THEN 'table'
        WHEN 'VIEW' THEN 'view'
        WHEN 'LOCAL TEMPORARY' THEN 'table'
        END as type
    from system.information_schema.tables
    where lower(table_schema) = 'main_silver'
    and lower(table_catalog) = 'edgar'
  
[0m13:55:29.770421 [debug] [ThreadPool]: Using duckdb connection "list_edgar_main_seeds"
[0m13:55:29.770691 [debug] [ThreadPool]: SQL status: OK in 0.002 seconds
[0m13:55:29.771032 [debug] [ThreadPool]: On list_edgar_main_seeds: /* {"app": "dbt", "dbt_version": "1.11.8", "profile_name": "sec_edgar", "target_name": "dev", "connection_name": "list_edgar_main_seeds"} */
select
      'edgar' as database,
      table_name as name,
      table_schema as schema,
      CASE table_type
        WHEN 'BASE TABLE' THEN 'table'
        WHEN 'VIEW' THEN 'view'
        WHEN 'LOCAL TEMPORARY' THEN 'table'
        END as type
    from system.information_schema.tables
    where lower(table_schema) = 'main_seeds'
    and lower(table_catalog) = 'edgar'
  
[0m13:55:29.771284 [debug] [ThreadPool]: Using duckdb connection "list_edgar_main_gold"
[0m13:55:29.771639 [debug] [ThreadPool]: On list_edgar_main_gold: /* {"app": "dbt", "dbt_version": "1.11.8", "profile_name": "sec_edgar", "target_name": "dev", "connection_name": "list_edgar_main_gold"} */
select
      'edgar' as database,
      table_name as name,
      table_schema as schema,
      CASE table_type
        WHEN 'BASE TABLE' THEN 'table'
        WHEN 'VIEW' THEN 'view'
        WHEN 'LOCAL TEMPORARY' THEN 'table'
        END as type
    from system.information_schema.tables
    where lower(table_schema) = 'main_gold'
    and lower(table_catalog) = 'edgar'
  
[0m13:55:29.772534 [debug] [ThreadPool]: SQL status: OK in 0.003 seconds
[0m13:55:29.772901 [debug] [ThreadPool]: SQL status: OK in 0.002 seconds
[0m13:55:29.773190 [debug] [ThreadPool]: SQL status: OK in 0.002 seconds
[0m13:55:29.774130 [debug] [ThreadPool]: On list_edgar_main_bronze: ROLLBACK
[0m13:55:29.774429 [debug] [ThreadPool]: SQL status: OK in 0.003 seconds
[0m13:55:29.775314 [debug] [ThreadPool]: On list_edgar_main_silver: ROLLBACK
[0m13:55:29.776103 [debug] [ThreadPool]: On list_edgar_main_seeds: ROLLBACK
[0m13:55:29.777139 [debug] [ThreadPool]: On list_edgar_main_gold: ROLLBACK
[0m13:55:29.778030 [debug] [ThreadPool]: Failed to rollback 'list_edgar_main_bronze'
[0m13:55:29.778387 [debug] [ThreadPool]: On list_edgar_main_bronze: Close
[0m13:55:29.778946 [debug] [ThreadPool]: Failed to rollback 'list_edgar_main_silver'
[0m13:55:29.779205 [debug] [ThreadPool]: On list_edgar_main_silver: Close
[0m13:55:29.780604 [debug] [ThreadPool]: Failed to rollback 'list_edgar_main_gold'
[0m13:55:29.781007 [debug] [ThreadPool]: Failed to rollback 'list_edgar_main_seeds'
[0m13:55:29.781269 [debug] [ThreadPool]: On list_edgar_main_gold: Close
[0m13:55:29.781544 [debug] [ThreadPool]: On list_edgar_main_seeds: Close
[0m13:55:29.782618 [debug] [MainThread]: Sending event: {'category': 'dbt', 'action': 'runnable_timing', 'label': '9b784827-c9bd-46cb-8fbb-e562a7347b87', 'context': [<snowplow_tracker.self_describing_json.SelfDescribingJson object at 0x000001E9C582FEE0>]}
[0m13:55:29.783005 [debug] [MainThread]: Using duckdb connection "master"
[0m13:55:29.783250 [debug] [MainThread]: On master: BEGIN
[0m13:55:29.783460 [debug] [MainThread]: Opening a new connection, currently in state init
[0m13:55:29.783955 [debug] [MainThread]: SQL status: OK in 0.000 seconds
[0m13:55:29.784217 [debug] [MainThread]: On master: COMMIT
[0m13:55:29.784448 [debug] [MainThread]: Using duckdb connection "master"
[0m13:55:29.784824 [debug] [MainThread]: On master: COMMIT
[0m13:55:29.785251 [debug] [MainThread]: SQL status: OK in 0.000 seconds
[0m13:55:29.785493 [debug] [MainThread]: On master: Close
[0m13:55:29.788481 [debug] [Thread-1 (]: Began running node model.sec_edgar.stg_companies
[0m13:55:29.788872 [debug] [Thread-2 (]: Began running node model.sec_edgar.stg_financials
[0m13:55:29.789357 [info ] [Thread-1 (]: 1 of 3 START sql table model main_silver.stg_companies ......................... [RUN]
[0m13:55:29.790223 [debug] [Thread-1 (]: Acquiring new duckdb connection 'model.sec_edgar.stg_companies'
[0m13:55:29.790499 [debug] [Thread-1 (]: Began compiling node model.sec_edgar.stg_companies
[0m13:55:29.795805 [debug] [Thread-1 (]: Writing injected SQL for node "model.sec_edgar.stg_companies"
[0m13:55:29.789746 [info ] [Thread-2 (]: 2 of 3 START sql table model main_silver.stg_financials ........................ [RUN]
[0m13:55:29.796457 [debug] [Thread-2 (]: Acquiring new duckdb connection 'model.sec_edgar.stg_financials'
[0m13:55:29.796836 [debug] [Thread-2 (]: Began compiling node model.sec_edgar.stg_financials
[0m13:55:29.804839 [debug] [Thread-2 (]: Using duckdb connection "model.sec_edgar.stg_financials"
[0m13:55:29.805356 [debug] [Thread-2 (]: On model.sec_edgar.stg_financials: /* {"app": "dbt", "dbt_version": "1.11.8", "profile_name": "sec_edgar", "target_name": "dev", "node_id": "model.sec_edgar.stg_financials"} */

    
    select distinct synonym_tag
    from "edgar"."main_seeds"."gaap_tag_synonyms"
    order by synonym_tag

  
[0m13:55:29.805652 [debug] [Thread-2 (]: Opening a new connection, currently in state init
[0m13:55:29.805974 [debug] [Thread-1 (]: Began executing node model.sec_edgar.stg_companies
[0m13:55:29.822827 [debug] [Thread-2 (]: SQL status: OK in 0.017 seconds
[0m13:55:29.830537 [debug] [Thread-1 (]: Writing runtime sql for node "model.sec_edgar.stg_companies"
[0m13:55:29.831634 [debug] [Thread-1 (]: Using duckdb connection "model.sec_edgar.stg_companies"
[0m13:55:29.833028 [debug] [Thread-2 (]: Writing injected SQL for node "model.sec_edgar.stg_financials"
[0m13:55:29.833385 [debug] [Thread-1 (]: On model.sec_edgar.stg_companies: BEGIN
[0m13:55:29.833856 [debug] [Thread-1 (]: Opening a new connection, currently in state init
[0m13:55:29.834403 [debug] [Thread-1 (]: SQL status: OK in 0.001 seconds
[0m13:55:29.834732 [debug] [Thread-2 (]: Began executing node model.sec_edgar.stg_financials
[0m13:55:29.835035 [debug] [Thread-1 (]: Using duckdb connection "model.sec_edgar.stg_companies"
[0m13:55:29.837790 [debug] [Thread-2 (]: Writing runtime sql for node "model.sec_edgar.stg_financials"
[0m13:55:29.838236 [debug] [Thread-1 (]: On model.sec_edgar.stg_companies: /* {"app": "dbt", "dbt_version": "1.11.8", "profile_name": "sec_edgar", "target_name": "dev", "node_id": "model.sec_edgar.stg_companies"} */

  
    
    

    create  table
      "edgar"."main_silver"."stg_companies__dbt_tmp"
  
    as (
      -- Silver: stg_companies
--
-- Flattens company metadata from the raw submissions feed.
-- One row per company — deduplicated to the most recently loaded record.
--
-- Key transforms:
--   - CIK zero-padded to 10-digit string
--   - Primary ticker and exchange extracted from JSON arrays
--   - SIC code cast to string for consistent joining



with raw as (
    select * from "edgar"."main_bronze"."raw_submissions"
)

select
    lpad(cik_raw, 10, '0')                          as cik,
    company_name_raw                                 as company_name,
    sic_raw                                          as sic_code,
    sic_description_raw                              as sic_description,
    state_of_incorporation_raw                       as state_of_incorporation,
    -- tickers and exchanges are JSON arrays — extract the first (primary) value
    json_extract_string(tickers_raw,  '$[0]')        as primary_ticker,
    json_extract_string(exchanges_raw,'$[0]')        as primary_exchange,
    loaded_at

from raw
-- If the same company was loaded more than once, keep only the freshest record
qualify row_number() over (
    partition by cik_raw
    order by loaded_at desc
) = 1
    );
  
  
[0m13:55:29.839231 [debug] [Thread-2 (]: Using duckdb connection "model.sec_edgar.stg_financials"
[0m13:55:29.839704 [debug] [Thread-2 (]: On model.sec_edgar.stg_financials: BEGIN
[0m13:55:29.840336 [debug] [Thread-2 (]: SQL status: OK in 0.000 seconds
[0m13:55:29.840635 [debug] [Thread-2 (]: Using duckdb connection "model.sec_edgar.stg_financials"
[0m13:55:29.841435 [debug] [Thread-2 (]: On model.sec_edgar.stg_financials: /* {"app": "dbt", "dbt_version": "1.11.8", "profile_name": "sec_edgar", "target_name": "dev", "node_id": "model.sec_edgar.stg_financials"} */

  
    
    

    create  table
      "edgar"."main_silver"."stg_financials__dbt_tmp"
  
    as (
      -- Silver: stg_financials
--
-- The hardest model in the project. Transforms the raw XBRL JSON blob into
-- clean, flat, deduplicated financial fact rows.
--
-- Five engineering problems solved here:
--   1. Unnesting   — the JSON is 3 levels deep before we reach individual values
--   2. Tag synonyms — Revenue has 6+ different concept names across companies
--   3. Amendments  — 10-K/A filings supersede the original; keep only the latest
--   4. Period overlap — 10-K and 10-Q both report Q4 data; keep one source
--   5. CIK format  — standardize to 10-digit zero-padded string
--
-- DuckDB JSON limitation: dynamic key lookup (-> column_name) and dynamic path
-- arrays (json_extract(blob, computed_array)) are not supported. The only safe
-- approach is literal string keys. We use dbt run_query at compile time to read
-- the synonym list from the seed and generate a UNION ALL with literal paths.



-- ── Compile-time: fetch the synonym list from the seed ────────────────────────



    
    


with

-- ── Step 1: Base table with CIK and us-gaap blob ──────────────────────────────
bronze as (
    select
        lpad(cik_raw, 10, '0')             as cik,
        entity_name,
        facts_blob -> 'us-gaap'            as us_gaap_blob
    from "edgar"."main_bronze"."raw_company_facts"
    where (facts_blob -> 'us-gaap') is not null
),

-- ── Step 2: Extract USD arrays for each tracked concept ───────────────────────
-- run_query above gives us the synonym list at compile time.
-- dbt renders one SELECT per synonym tag — all keys are string literals,
-- which DuckDB's -> operator supports safely.
-- The UNION ALL is fully resolved before DuckDB sees the SQL.
tracked_concepts as (
    
    select
        cik,
        entity_name,
        'Assets'                                              as concept_name,
        (us_gaap_blob -> 'Assets' -> 'units' -> 'USD')::json[] as usd_array
    from bronze
    where (us_gaap_blob -> 'Assets' -> 'units' -> 'USD') is not null
     union all 
    
    select
        cik,
        entity_name,
        'CashAndCashEquivalentsAtCarryingValue'                                              as concept_name,
        (us_gaap_blob -> 'CashAndCashEquivalentsAtCarryingValue' -> 'units' -> 'USD')::json[] as usd_array
    from bronze
    where (us_gaap_blob -> 'CashAndCashEquivalentsAtCarryingValue' -> 'units' -> 'USD') is not null
     union all 
    
    select
        cik,
        entity_name,
        'CommonStockSharesOutstanding'                                              as concept_name,
        (us_gaap_blob -> 'CommonStockSharesOutstanding' -> 'units' -> 'USD')::json[] as usd_array
    from bronze
    where (us_gaap_blob -> 'CommonStockSharesOutstanding' -> 'units' -> 'USD') is not null
     union all 
    
    select
        cik,
        entity_name,
        'EarningsPerShareBasic'                                              as concept_name,
        (us_gaap_blob -> 'EarningsPerShareBasic' -> 'units' -> 'USD')::json[] as usd_array
    from bronze
    where (us_gaap_blob -> 'EarningsPerShareBasic' -> 'units' -> 'USD') is not null
     union all 
    
    select
        cik,
        entity_name,
        'EarningsPerShareBasicAndDiluted'                                              as concept_name,
        (us_gaap_blob -> 'EarningsPerShareBasicAndDiluted' -> 'units' -> 'USD')::json[] as usd_array
    from bronze
    where (us_gaap_blob -> 'EarningsPerShareBasicAndDiluted' -> 'units' -> 'USD') is not null
     union all 
    
    select
        cik,
        entity_name,
        'IncomeLossFromContinuingOperations'                                              as concept_name,
        (us_gaap_blob -> 'IncomeLossFromContinuingOperations' -> 'units' -> 'USD')::json[] as usd_array
    from bronze
    where (us_gaap_blob -> 'IncomeLossFromContinuingOperations' -> 'units' -> 'USD') is not null
     union all 
    
    select
        cik,
        entity_name,
        'IncomeLossFromContinuingOperationsBeforeIncomeTaxesExtraordinaryItemsNoncontrollingInterest'                                              as concept_name,
        (us_gaap_blob -> 'IncomeLossFromContinuingOperationsBeforeIncomeTaxesExtraordinaryItemsNoncontrollingInterest' -> 'units' -> 'USD')::json[] as usd_array
    from bronze
    where (us_gaap_blob -> 'IncomeLossFromContinuingOperationsBeforeIncomeTaxesExtraordinaryItemsNoncontrollingInterest' -> 'units' -> 'USD') is not null
     union all 
    
    select
        cik,
        entity_name,
        'Liabilities'                                              as concept_name,
        (us_gaap_blob -> 'Liabilities' -> 'units' -> 'USD')::json[] as usd_array
    from bronze
    where (us_gaap_blob -> 'Liabilities' -> 'units' -> 'USD') is not null
     union all 
    
    select
        cik,
        entity_name,
        'NetIncome'                                              as concept_name,
        (us_gaap_blob -> 'NetIncome' -> 'units' -> 'USD')::json[] as usd_array
    from bronze
    where (us_gaap_blob -> 'NetIncome' -> 'units' -> 'USD') is not null
     union all 
    
    select
        cik,
        entity_name,
        'NetIncomeLoss'                                              as concept_name,
        (us_gaap_blob -> 'NetIncomeLoss' -> 'units' -> 'USD')::json[] as usd_array
    from bronze
    where (us_gaap_blob -> 'NetIncomeLoss' -> 'units' -> 'USD') is not null
     union all 
    
    select
        cik,
        entity_name,
        'NetIncomeLossAvailableToCommonStockholdersBasic'                                              as concept_name,
        (us_gaap_blob -> 'NetIncomeLossAvailableToCommonStockholdersBasic' -> 'units' -> 'USD')::json[] as usd_array
    from bronze
    where (us_gaap_blob -> 'NetIncomeLossAvailableToCommonStockholdersBasic' -> 'units' -> 'USD') is not null
     union all 
    
    select
        cik,
        entity_name,
        'OperatingIncomeLoss'                                              as concept_name,
        (us_gaap_blob -> 'OperatingIncomeLoss' -> 'units' -> 'USD')::json[] as usd_array
    from bronze
    where (us_gaap_blob -> 'OperatingIncomeLoss' -> 'units' -> 'USD') is not null
     union all 
    
    select
        cik,
        entity_name,
        'ProfitLoss'                                              as concept_name,
        (us_gaap_blob -> 'ProfitLoss' -> 'units' -> 'USD')::json[] as usd_array
    from bronze
    where (us_gaap_blob -> 'ProfitLoss' -> 'units' -> 'USD') is not null
     union all 
    
    select
        cik,
        entity_name,
        'RevenueFromContractWithCustomerExcludingAssessedTax'                                              as concept_name,
        (us_gaap_blob -> 'RevenueFromContractWithCustomerExcludingAssessedTax' -> 'units' -> 'USD')::json[] as usd_array
    from bronze
    where (us_gaap_blob -> 'RevenueFromContractWithCustomerExcludingAssessedTax' -> 'units' -> 'USD') is not null
     union all 
    
    select
        cik,
        entity_name,
        'RevenueFromContractWithCustomerIncludingAssessedTax'                                              as concept_name,
        (us_gaap_blob -> 'RevenueFromContractWithCustomerIncludingAssessedTax' -> 'units' -> 'USD')::json[] as usd_array
    from bronze
    where (us_gaap_blob -> 'RevenueFromContractWithCustomerIncludingAssessedTax' -> 'units' -> 'USD') is not null
     union all 
    
    select
        cik,
        entity_name,
        'Revenues'                                              as concept_name,
        (us_gaap_blob -> 'Revenues' -> 'units' -> 'USD')::json[] as usd_array
    from bronze
    where (us_gaap_blob -> 'Revenues' -> 'units' -> 'USD') is not null
     union all 
    
    select
        cik,
        entity_name,
        'RevenuesNetOfInterestExpense'                                              as concept_name,
        (us_gaap_blob -> 'RevenuesNetOfInterestExpense' -> 'units' -> 'USD')::json[] as usd_array
    from bronze
    where (us_gaap_blob -> 'RevenuesNetOfInterestExpense' -> 'units' -> 'USD') is not null
     union all 
    
    select
        cik,
        entity_name,
        'SalesRevenueGoodsNet'                                              as concept_name,
        (us_gaap_blob -> 'SalesRevenueGoodsNet' -> 'units' -> 'USD')::json[] as usd_array
    from bronze
    where (us_gaap_blob -> 'SalesRevenueGoodsNet' -> 'units' -> 'USD') is not null
     union all 
    
    select
        cik,
        entity_name,
        'SalesRevenueNet'                                              as concept_name,
        (us_gaap_blob -> 'SalesRevenueNet' -> 'units' -> 'USD')::json[] as usd_array
    from bronze
    where (us_gaap_blob -> 'SalesRevenueNet' -> 'units' -> 'USD') is not null
     union all 
    
    select
        cik,
        entity_name,
        'StockholdersEquity'                                              as concept_name,
        (us_gaap_blob -> 'StockholdersEquity' -> 'units' -> 'USD')::json[] as usd_array
    from bronze
    where (us_gaap_blob -> 'StockholdersEquity' -> 'units' -> 'USD') is not null
     union all 
    
    select
        cik,
        entity_name,
        'StockholdersEquityAttributableToParent'                                              as concept_name,
        (us_gaap_blob -> 'StockholdersEquityAttributableToParent' -> 'units' -> 'USD')::json[] as usd_array
    from bronze
    where (us_gaap_blob -> 'StockholdersEquityAttributableToParent' -> 'units' -> 'USD') is not null
    
    
    
),

-- ── Step 3: Unnest the USD filing entries array ────────────────────────────────
unnested as (
    select
        cik,
        entity_name,
        concept_name                        as raw_concept,
        entry
    from tracked_concepts,
        unnest(usd_array)                   as t(entry)
),

-- ── Step 5: Parse JSON fields into typed columns ──────────────────────────────
-- ->> extracts a JSON field as text; try_cast handles malformed dates safely.
extracted as (
    select
        cik,
        entity_name,
        raw_concept,
        

coalesce(
    (
        select s.canonical_tag
        from "edgar"."main_seeds"."gaap_tag_synonyms" s
        where s.synonym_tag = raw_concept
        limit 1
    ),
    raw_concept
)
         as canonical_concept,
        try_cast(entry ->> 'val'    as double)          as reported_value,
        try_cast(entry ->> 'start'  as date)            as period_start,
        try_cast(entry ->> 'end'    as date)            as period_end,
        (entry ->> 'accn')                              as accession_number,
        upper(entry ->> 'form')                         as form_type,
        try_cast(entry ->> 'filed'  as date)            as filed_date,
        (entry ->> 'fp')                                as fiscal_period_label,
        -- Balance sheet items have no start date (point-in-time snapshot)
        -- Income statement items have both start and end (flow over a period)
        case
            when (entry ->> 'start') is null then 'instant'
            else 'duration'
        end                                             as value_type
    from unnested
    where
        try_cast(entry ->> 'val'   as double) is not null
        and try_cast(entry ->> 'end' as date) is not null
),

-- ── Step 6: Remove duplicate amendments ──────────────────────────────────────
-- A 10-K/A (amendment) supersedes the original 10-K for the same period.
-- Keep only the row with the latest filed_date per
-- (company, concept, period_end, form_type).
-- ROW_NUMBER = 1 is the most recently filed version.
deduped_amendments as (
    select
        *,
        row_number() over (
            partition by cik, canonical_concept, period_end, form_type
            order by filed_date desc nulls last
        ) as rn
    from extracted
),

latest_only as (
    select * exclude (rn)
    from deduped_amendments
    where rn = 1
),

-- ── Step 7: Remove 10-K / 10-Q period overlap ─────────────────────────────────
-- Annual 10-K filings contain Q4 and full-year data that also appears in 10-Qs.
-- Rule: Q1/Q2/Q3 → prefer 10-Q.  Q4 and FY → prefer 10-K.
-- ROW_NUMBER = 1 picks the preferred form type for each period.
form_deduped as (
    select
        *,
        

ceil(month(period_end) / 3.0)::integer
              as calendar_quarter,
        year(period_end)                                as period_year,
        row_number() over (
            partition by cik, canonical_concept, period_end
            order by
                case
                    when 

ceil(month(period_end) / 3.0)::integer
 in (1, 2, 3)
                         and form_type = '10-Q'         then 1
                    when 

ceil(month(period_end) / 3.0)::integer
 = 4
                         and form_type = '10-K'         then 1
                    when fiscal_period_label = 'FY'
                         and form_type = '10-K'         then 1
                    else 2
                end
        ) as form_rn
    from latest_only
)

select * exclude (form_rn)
from form_deduped
where form_rn = 1
    );
  
  
[0m13:55:29.846012 [debug] [Thread-1 (]: SQL status: OK in 0.007 seconds
[0m13:55:29.854452 [debug] [Thread-1 (]: Using duckdb connection "model.sec_edgar.stg_companies"
[0m13:55:29.855230 [debug] [Thread-1 (]: On model.sec_edgar.stg_companies: /* {"app": "dbt", "dbt_version": "1.11.8", "profile_name": "sec_edgar", "target_name": "dev", "node_id": "model.sec_edgar.stg_companies"} */

    SELECT index_name
    FROM duckdb_indexes()
    WHERE schema_name = 'main_silver'
      AND table_name = 'stg_companies'
  
[0m13:55:29.856729 [debug] [Thread-1 (]: SQL status: OK in 0.001 seconds
[0m13:55:29.857983 [debug] [Thread-1 (]: Using duckdb connection "model.sec_edgar.stg_companies"
[0m13:55:29.858351 [debug] [Thread-1 (]: On model.sec_edgar.stg_companies: /* {"app": "dbt", "dbt_version": "1.11.8", "profile_name": "sec_edgar", "target_name": "dev", "node_id": "model.sec_edgar.stg_companies"} */

    SELECT COUNT(*) as remaining_indexes
    FROM duckdb_indexes()
    WHERE schema_name = 'main_silver'
      AND table_name = 'stg_companies'
  
[0m13:55:29.859129 [debug] [Thread-1 (]: SQL status: OK in 0.000 seconds
[0m13:55:29.863518 [debug] [Thread-1 (]: Using duckdb connection "model.sec_edgar.stg_companies"
[0m13:55:29.863894 [debug] [Thread-1 (]: On model.sec_edgar.stg_companies: /* {"app": "dbt", "dbt_version": "1.11.8", "profile_name": "sec_edgar", "target_name": "dev", "node_id": "model.sec_edgar.stg_companies"} */
alter table "edgar"."main_silver"."stg_companies" rename to "stg_companies__dbt_backup"
[0m13:55:29.864554 [debug] [Thread-1 (]: SQL status: OK in 0.000 seconds
[0m13:55:29.866887 [debug] [Thread-1 (]: Using duckdb connection "model.sec_edgar.stg_companies"
[0m13:55:29.867212 [debug] [Thread-1 (]: On model.sec_edgar.stg_companies: /* {"app": "dbt", "dbt_version": "1.11.8", "profile_name": "sec_edgar", "target_name": "dev", "node_id": "model.sec_edgar.stg_companies"} */
alter table "edgar"."main_silver"."stg_companies__dbt_tmp" rename to "stg_companies"
[0m13:55:29.867789 [debug] [Thread-1 (]: SQL status: OK in 0.000 seconds
[0m13:55:29.880616 [debug] [Thread-1 (]: On model.sec_edgar.stg_companies: COMMIT
[0m13:55:29.881266 [debug] [Thread-1 (]: Using duckdb connection "model.sec_edgar.stg_companies"
[0m13:55:29.881706 [debug] [Thread-1 (]: On model.sec_edgar.stg_companies: COMMIT
[0m13:55:29.884304 [debug] [Thread-1 (]: SQL status: OK in 0.002 seconds
[0m13:55:29.888669 [debug] [Thread-1 (]: Using duckdb connection "model.sec_edgar.stg_companies"
[0m13:55:29.888987 [debug] [Thread-1 (]: On model.sec_edgar.stg_companies: /* {"app": "dbt", "dbt_version": "1.11.8", "profile_name": "sec_edgar", "target_name": "dev", "node_id": "model.sec_edgar.stg_companies"} */

      drop table if exists "edgar"."main_silver"."stg_companies__dbt_backup" cascade
    
[0m13:55:29.890912 [debug] [Thread-1 (]: SQL status: OK in 0.002 seconds
[0m13:55:29.892611 [debug] [Thread-1 (]: On model.sec_edgar.stg_companies: Close
[0m13:55:29.894606 [debug] [Thread-1 (]: Sending event: {'category': 'dbt', 'action': 'run_model', 'label': '9b784827-c9bd-46cb-8fbb-e562a7347b87', 'context': [<snowplow_tracker.self_describing_json.SelfDescribingJson object at 0x000001E9C5817B90>]}
[0m13:55:29.895259 [info ] [Thread-1 (]: 1 of 3 OK created sql table model main_silver.stg_companies .................... [[32mOK[0m in 0.10s]
[0m13:55:29.896000 [debug] [Thread-1 (]: Finished running node model.sec_edgar.stg_companies
[0m13:55:32.786121 [debug] [Thread-2 (]: SQL status: OK in 2.944 seconds
[0m13:55:32.787374 [debug] [Thread-2 (]: Using duckdb connection "model.sec_edgar.stg_financials"
[0m13:55:32.787702 [debug] [Thread-2 (]: On model.sec_edgar.stg_financials: /* {"app": "dbt", "dbt_version": "1.11.8", "profile_name": "sec_edgar", "target_name": "dev", "node_id": "model.sec_edgar.stg_financials"} */

    SELECT index_name
    FROM duckdb_indexes()
    WHERE schema_name = 'main_silver'
      AND table_name = 'stg_financials'
  
[0m13:55:32.788531 [debug] [Thread-2 (]: SQL status: OK in 0.001 seconds
[0m13:55:32.789510 [debug] [Thread-2 (]: Using duckdb connection "model.sec_edgar.stg_financials"
[0m13:55:32.789797 [debug] [Thread-2 (]: On model.sec_edgar.stg_financials: /* {"app": "dbt", "dbt_version": "1.11.8", "profile_name": "sec_edgar", "target_name": "dev", "node_id": "model.sec_edgar.stg_financials"} */

    SELECT COUNT(*) as remaining_indexes
    FROM duckdb_indexes()
    WHERE schema_name = 'main_silver'
      AND table_name = 'stg_financials'
  
[0m13:55:32.790503 [debug] [Thread-2 (]: SQL status: OK in 0.000 seconds
[0m13:55:32.793242 [debug] [Thread-2 (]: Using duckdb connection "model.sec_edgar.stg_financials"
[0m13:55:32.793545 [debug] [Thread-2 (]: On model.sec_edgar.stg_financials: /* {"app": "dbt", "dbt_version": "1.11.8", "profile_name": "sec_edgar", "target_name": "dev", "node_id": "model.sec_edgar.stg_financials"} */
alter table "edgar"."main_silver"."stg_financials" rename to "stg_financials__dbt_backup"
[0m13:55:32.794141 [debug] [Thread-2 (]: SQL status: OK in 0.000 seconds
[0m13:55:32.796173 [debug] [Thread-2 (]: Using duckdb connection "model.sec_edgar.stg_financials"
[0m13:55:32.796474 [debug] [Thread-2 (]: On model.sec_edgar.stg_financials: /* {"app": "dbt", "dbt_version": "1.11.8", "profile_name": "sec_edgar", "target_name": "dev", "node_id": "model.sec_edgar.stg_financials"} */
alter table "edgar"."main_silver"."stg_financials__dbt_tmp" rename to "stg_financials"
[0m13:55:32.797182 [debug] [Thread-2 (]: SQL status: OK in 0.000 seconds
[0m13:55:32.798218 [debug] [Thread-2 (]: On model.sec_edgar.stg_financials: COMMIT
[0m13:55:32.798539 [debug] [Thread-2 (]: Using duckdb connection "model.sec_edgar.stg_financials"
[0m13:55:32.798791 [debug] [Thread-2 (]: On model.sec_edgar.stg_financials: COMMIT
[0m13:55:32.811035 [debug] [Thread-2 (]: SQL status: OK in 0.012 seconds
[0m13:55:32.812942 [debug] [Thread-2 (]: Using duckdb connection "model.sec_edgar.stg_financials"
[0m13:55:32.813227 [debug] [Thread-2 (]: On model.sec_edgar.stg_financials: /* {"app": "dbt", "dbt_version": "1.11.8", "profile_name": "sec_edgar", "target_name": "dev", "node_id": "model.sec_edgar.stg_financials"} */

      drop table if exists "edgar"."main_silver"."stg_financials__dbt_backup" cascade
    
[0m13:55:32.814374 [debug] [Thread-2 (]: SQL status: OK in 0.001 seconds
[0m13:55:32.815391 [debug] [Thread-2 (]: On model.sec_edgar.stg_financials: Close
[0m13:55:32.815884 [debug] [Thread-2 (]: Sending event: {'category': 'dbt', 'action': 'run_model', 'label': '9b784827-c9bd-46cb-8fbb-e562a7347b87', 'context': [<snowplow_tracker.self_describing_json.SelfDescribingJson object at 0x000001E9C56BCC00>]}
[0m13:55:32.816803 [info ] [Thread-2 (]: 2 of 3 OK created sql table model main_silver.stg_financials ................... [[32mOK[0m in 3.02s]
[0m13:55:32.817544 [debug] [Thread-2 (]: Finished running node model.sec_edgar.stg_financials
[0m13:55:32.818260 [debug] [Thread-3 (]: Began running node model.sec_edgar.stg_filing_periods
[0m13:55:32.818686 [info ] [Thread-3 (]: 3 of 3 START sql table model main_silver.stg_filing_periods .................... [RUN]
[0m13:55:32.819290 [debug] [Thread-3 (]: Acquiring new duckdb connection 'model.sec_edgar.stg_filing_periods'
[0m13:55:32.819622 [debug] [Thread-3 (]: Began compiling node model.sec_edgar.stg_filing_periods
[0m13:55:32.821908 [debug] [Thread-3 (]: Writing injected SQL for node "model.sec_edgar.stg_filing_periods"
[0m13:55:32.822838 [debug] [Thread-3 (]: Began executing node model.sec_edgar.stg_filing_periods
[0m13:55:32.824646 [debug] [Thread-3 (]: Writing runtime sql for node "model.sec_edgar.stg_filing_periods"
[0m13:55:32.825452 [debug] [Thread-3 (]: Using duckdb connection "model.sec_edgar.stg_filing_periods"
[0m13:55:32.825735 [debug] [Thread-3 (]: On model.sec_edgar.stg_filing_periods: BEGIN
[0m13:55:32.825977 [debug] [Thread-3 (]: Opening a new connection, currently in state init
[0m13:55:32.826452 [debug] [Thread-3 (]: SQL status: OK in 0.000 seconds
[0m13:55:32.826709 [debug] [Thread-3 (]: Using duckdb connection "model.sec_edgar.stg_filing_periods"
[0m13:55:32.826986 [debug] [Thread-3 (]: On model.sec_edgar.stg_filing_periods: /* {"app": "dbt", "dbt_version": "1.11.8", "profile_name": "sec_edgar", "target_name": "dev", "node_id": "model.sec_edgar.stg_filing_periods"} */

  
    
    

    create  table
      "edgar"."main_silver"."stg_filing_periods__dbt_tmp"
  
    as (
      -- Silver: stg_filing_periods
--
-- Summarises the filing period coverage for each company.
-- Detects gaps — quarters where a company has no reported data —
-- which can indicate late filings, restatements, or data quality issues.
--
-- One row per company with period coverage statistics.
-- The Gold layer uses this to annotate fact_financials with gap flags.



with

-- Get all distinct (company, quarter-end) combinations that actually exist
actual_periods as (
    select
        cik,
        period_end,
        

ceil(month(period_end) / 3.0)::integer
      as calendar_quarter,
        year(period_end)                         as period_year
    from "edgar"."main_silver"."stg_financials"
    -- Use only one canonical concept to count periods — avoids inflating counts
    where canonical_concept = 'Revenues'
),

-- Summarise coverage per company
company_coverage as (
    select
        cik,
        min(period_end)                          as first_period,
        max(period_end)                          as last_period,
        count(distinct period_end)               as actual_quarters,
        -- Expected number of quarters from first to last filing
        datediff('quarter', min(period_end), max(period_end)) + 1
                                                 as expected_quarters
    from actual_periods
    group by cik
)

select
    c.cik,
    c.first_period,
    c.last_period,
    c.actual_quarters,
    c.expected_quarters,
    -- Negative means missing quarters; zero means complete coverage
    c.expected_quarters - c.actual_quarters      as missing_quarters,
    case
        when c.expected_quarters > c.actual_quarters then true
        else false
    end                                          as has_gaps
from company_coverage c
    );
  
  
[0m13:55:32.840627 [debug] [Thread-3 (]: SQL status: OK in 0.013 seconds
[0m13:55:32.843641 [debug] [Thread-3 (]: Using duckdb connection "model.sec_edgar.stg_filing_periods"
[0m13:55:32.844036 [debug] [Thread-3 (]: On model.sec_edgar.stg_filing_periods: /* {"app": "dbt", "dbt_version": "1.11.8", "profile_name": "sec_edgar", "target_name": "dev", "node_id": "model.sec_edgar.stg_filing_periods"} */
alter table "edgar"."main_silver"."stg_filing_periods__dbt_tmp" rename to "stg_filing_periods"
[0m13:55:32.844743 [debug] [Thread-3 (]: SQL status: OK in 0.000 seconds
[0m13:55:32.845695 [debug] [Thread-3 (]: On model.sec_edgar.stg_filing_periods: COMMIT
[0m13:55:32.846004 [debug] [Thread-3 (]: Using duckdb connection "model.sec_edgar.stg_filing_periods"
[0m13:55:32.846260 [debug] [Thread-3 (]: On model.sec_edgar.stg_filing_periods: COMMIT
[0m13:55:32.847723 [debug] [Thread-3 (]: SQL status: OK in 0.001 seconds
[0m13:55:32.849322 [debug] [Thread-3 (]: Using duckdb connection "model.sec_edgar.stg_filing_periods"
[0m13:55:32.849639 [debug] [Thread-3 (]: On model.sec_edgar.stg_filing_periods: /* {"app": "dbt", "dbt_version": "1.11.8", "profile_name": "sec_edgar", "target_name": "dev", "node_id": "model.sec_edgar.stg_filing_periods"} */

      drop table if exists "edgar"."main_silver"."stg_filing_periods__dbt_backup" cascade
    
[0m13:55:32.850129 [debug] [Thread-3 (]: SQL status: OK in 0.000 seconds
[0m13:55:32.851456 [debug] [Thread-3 (]: On model.sec_edgar.stg_filing_periods: Close
[0m13:55:32.852320 [debug] [Thread-3 (]: Sending event: {'category': 'dbt', 'action': 'run_model', 'label': '9b784827-c9bd-46cb-8fbb-e562a7347b87', 'context': [<snowplow_tracker.self_describing_json.SelfDescribingJson object at 0x000001E9C6C1A350>]}
[0m13:55:32.853344 [info ] [Thread-3 (]: 3 of 3 OK created sql table model main_silver.stg_filing_periods ............... [[32mOK[0m in 0.03s]
[0m13:55:32.854859 [debug] [Thread-3 (]: Finished running node model.sec_edgar.stg_filing_periods
[0m13:55:32.857023 [debug] [MainThread]: Using duckdb connection "master"
[0m13:55:32.857635 [debug] [MainThread]: On master: BEGIN
[0m13:55:32.858119 [debug] [MainThread]: Opening a new connection, currently in state closed
[0m13:55:32.858924 [debug] [MainThread]: SQL status: OK in 0.001 seconds
[0m13:55:32.859238 [debug] [MainThread]: On master: COMMIT
[0m13:55:32.859508 [debug] [MainThread]: Using duckdb connection "master"
[0m13:55:32.859887 [debug] [MainThread]: On master: COMMIT
[0m13:55:32.860314 [debug] [MainThread]: SQL status: OK in 0.000 seconds
[0m13:55:32.860856 [debug] [MainThread]: On master: Close
[0m13:55:32.861452 [debug] [MainThread]: Connection 'master' was properly closed.
[0m13:55:32.861684 [debug] [MainThread]: Connection 'create_edgar_main_silver' was properly closed.
[0m13:55:32.861884 [debug] [MainThread]: Connection 'list_edgar_main_bronze' was properly closed.
[0m13:55:32.862073 [debug] [MainThread]: Connection 'list_edgar_main_silver' was properly closed.
[0m13:55:32.862393 [debug] [MainThread]: Connection 'list_edgar_main_seeds' was properly closed.
[0m13:55:32.862636 [debug] [MainThread]: Connection 'list_edgar_main_gold' was properly closed.
[0m13:55:32.862834 [debug] [MainThread]: Connection 'model.sec_edgar.stg_companies' was properly closed.
[0m13:55:32.863019 [debug] [MainThread]: Connection 'model.sec_edgar.stg_financials' was properly closed.
[0m13:55:32.863203 [debug] [MainThread]: Connection 'model.sec_edgar.stg_filing_periods' was properly closed.
[0m13:55:32.863520 [info ] [MainThread]: 
[0m13:55:32.864006 [info ] [MainThread]: Finished running 3 table models in 0 hours 0 minutes and 3.28 seconds (3.28s).
[0m13:55:32.864827 [debug] [MainThread]: Command end result
[0m13:55:32.892010 [debug] [MainThread]: Wrote artifact WritableManifest to C:\Krish\Project\sec-edgar-pipeline\dbt\target\manifest.json
[0m13:55:32.894642 [debug] [MainThread]: Wrote artifact SemanticManifest to C:\Krish\Project\sec-edgar-pipeline\dbt\target\semantic_manifest.json
[0m13:55:32.899847 [debug] [MainThread]: Wrote artifact RunExecutionResult to C:\Krish\Project\sec-edgar-pipeline\dbt\target\run_results.json
[0m13:55:32.900170 [info ] [MainThread]: 
[0m13:55:32.900727 [info ] [MainThread]: [32mCompleted successfully[0m
[0m13:55:32.901063 [info ] [MainThread]: 
[0m13:55:32.901428 [info ] [MainThread]: Done. PASS=3 WARN=0 ERROR=0 SKIP=0 NO-OP=0 TOTAL=3
[0m13:55:32.902295 [debug] [MainThread]: Command `dbt run` succeeded at 13:55:32.902153 after 5.17 seconds
[0m13:55:32.902652 [debug] [MainThread]: Sending event: {'category': 'dbt', 'action': 'invocation', 'label': 'end', 'context': [<snowplow_tracker.self_describing_json.SelfDescribingJson object at 0x000001E9C53DAAD0>, <snowplow_tracker.self_describing_json.SelfDescribingJson object at 0x000001E9C2E47150>, <snowplow_tracker.self_describing_json.SelfDescribingJson object at 0x000001E9C4C06F90>]}
[0m13:55:32.902941 [debug] [MainThread]: Flushing usage events
[0m13:55:33.295360 [debug] [MainThread]: An error was encountered while trying to flush usage events
[0m13:55:53.711798 [debug] [MainThread]: Sending event: {'category': 'dbt', 'action': 'invocation', 'label': 'start', 'context': [<snowplow_tracker.self_describing_json.SelfDescribingJson object at 0x000001A553997770>, <snowplow_tracker.self_describing_json.SelfDescribingJson object at 0x000001A55081B610>, <snowplow_tracker.self_describing_json.SelfDescribingJson object at 0x000001A555C3BC50>]}


============================== 13:55:53.715790 | 61c2f0cb-778d-4637-8b3f-acb07324d42c ==============================
[0m13:55:53.715790 [info ] [MainThread]: Running with dbt=1.11.8
[0m13:55:53.716383 [debug] [MainThread]: running dbt with arguments {'log_format': 'default', 'invocation_command': 'dbt run --select silver --no-partial-parse', 'no_print': 'None', 'printer_width': '80', 'warn_error_options': 'WarnErrorOptionsV2(error=[], warn=[], silence=[])', 'indirect_selection': 'eager', 'send_anonymous_usage_stats': 'True', 'empty': 'False', 'log_path': 'C:\\Krish\\Project\\sec-edgar-pipeline\\dbt\\logs', 'warn_error': 'None', 'version_check': 'True', 'quiet': 'False', 'log_cache_events': 'False', 'use_experimental_parser': 'False', 'write_json': 'True', 'fail_fast': 'False', 'use_colors': 'True', 'cache_selected_only': 'False', 'static_parser': 'True', 'partial_parse': 'False', 'debug': 'False', 'target_path': 'None', 'introspect': 'True', 'profiles_dir': 'C:\\Krish\\Project\\sec-edgar-pipeline\\dbt'}
[0m13:55:53.932408 [debug] [MainThread]: Sending event: {'category': 'dbt', 'action': 'project_id', 'label': '61c2f0cb-778d-4637-8b3f-acb07324d42c', 'context': [<snowplow_tracker.self_describing_json.SelfDescribingJson object at 0x000001A553F24510>]}
[0m13:55:53.979818 [debug] [MainThread]: Sending event: {'category': 'dbt', 'action': 'adapter_info', 'label': '61c2f0cb-778d-4637-8b3f-acb07324d42c', 'context': [<snowplow_tracker.self_describing_json.SelfDescribingJson object at 0x000001A555E0CF30>]}
[0m13:55:53.981861 [info ] [MainThread]: Registered adapter: duckdb=1.10.1
[0m13:55:54.133557 [debug] [MainThread]: checksum: 7d524ac048c2100769df89d592e662e060a73ca564e31bd9c2a37efdfe8d8ab6, vars: {}, profile: , target: , version: 1.11.8
[0m13:55:54.134603 [debug] [MainThread]: Partial parsing not enabled
[0m13:55:55.305285 [debug] [MainThread]: Sending event: {'category': 'dbt', 'action': 'load_project', 'label': '61c2f0cb-778d-4637-8b3f-acb07324d42c', 'context': [<snowplow_tracker.self_describing_json.SelfDescribingJson object at 0x000001A556306150>]}
[0m13:55:55.393523 [debug] [MainThread]: Wrote artifact WritableManifest to C:\Krish\Project\sec-edgar-pipeline\dbt\target\manifest.json
[0m13:55:55.396665 [debug] [MainThread]: Wrote artifact SemanticManifest to C:\Krish\Project\sec-edgar-pipeline\dbt\target\semantic_manifest.json
[0m13:55:55.410082 [debug] [MainThread]: Sending event: {'category': 'dbt', 'action': 'resource_counts', 'label': '61c2f0cb-778d-4637-8b3f-acb07324d42c', 'context': [<snowplow_tracker.self_describing_json.SelfDescribingJson object at 0x000001A555BA9F40>]}
[0m13:55:55.410562 [info ] [MainThread]: Found 10 models, 28 data tests, 1 seed, 477 macros
[0m13:55:55.411141 [debug] [MainThread]: Sending event: {'category': 'dbt', 'action': 'runnable_timing', 'label': '61c2f0cb-778d-4637-8b3f-acb07324d42c', 'context': [<snowplow_tracker.self_describing_json.SelfDescribingJson object at 0x000001A5568504B0>]}
[0m13:55:55.412904 [info ] [MainThread]: 
[0m13:55:55.413412 [info ] [MainThread]: Concurrency: 4 threads (target='dev')
[0m13:55:55.413820 [info ] [MainThread]: 
[0m13:55:55.414362 [debug] [MainThread]: Acquiring new duckdb connection 'master'
[0m13:55:55.418320 [debug] [ThreadPool]: Acquiring new duckdb connection 'list_edgar'
[0m13:55:55.580620 [debug] [ThreadPool]: Using duckdb connection "list_edgar"
[0m13:55:55.580996 [debug] [ThreadPool]: On list_edgar: /* {"app": "dbt", "dbt_version": "1.11.8", "profile_name": "sec_edgar", "target_name": "dev", "connection_name": "list_edgar"} */

    
    select schema_name
    from system.information_schema.schemata
    
    where lower(catalog_name) = '"edgar"'
    
  
  
[0m13:55:55.581237 [debug] [ThreadPool]: Opening a new connection, currently in state init
[0m13:55:55.593902 [debug] [ThreadPool]: SQL status: OK in 0.013 seconds
[0m13:55:55.595075 [debug] [ThreadPool]: On list_edgar: Close
[0m13:55:55.595722 [debug] [ThreadPool]: Re-using an available connection from the pool (formerly list_edgar, now create_edgar_main_silver)
[0m13:55:55.596162 [debug] [ThreadPool]: Creating schema "database: "edgar"
schema: "main_silver"
"
[0m13:55:55.600558 [debug] [ThreadPool]: Using duckdb connection "create_edgar_main_silver"
[0m13:55:55.600883 [debug] [ThreadPool]: On create_edgar_main_silver: /* {"app": "dbt", "dbt_version": "1.11.8", "profile_name": "sec_edgar", "target_name": "dev", "connection_name": "create_edgar_main_silver"} */

    
        select type from duckdb_databases()
        where lower(database_name)='edgar'
        and type='sqlite'
    
  
[0m13:55:55.601111 [debug] [ThreadPool]: Opening a new connection, currently in state closed
[0m13:55:55.602015 [debug] [ThreadPool]: SQL status: OK in 0.001 seconds
[0m13:55:55.603035 [debug] [ThreadPool]: Using duckdb connection "create_edgar_main_silver"
[0m13:55:55.603323 [debug] [ThreadPool]: On create_edgar_main_silver: BEGIN
[0m13:55:55.603745 [debug] [ThreadPool]: SQL status: OK in 0.000 seconds
[0m13:55:55.604098 [debug] [ThreadPool]: Using duckdb connection "create_edgar_main_silver"
[0m13:55:55.604339 [debug] [ThreadPool]: On create_edgar_main_silver: /* {"app": "dbt", "dbt_version": "1.11.8", "profile_name": "sec_edgar", "target_name": "dev", "connection_name": "create_edgar_main_silver"} */

    
    
        create schema if not exists "edgar"."main_silver"
    
[0m13:55:55.604791 [debug] [ThreadPool]: SQL status: OK in 0.000 seconds
[0m13:55:55.605559 [debug] [ThreadPool]: On create_edgar_main_silver: COMMIT
[0m13:55:55.605829 [debug] [ThreadPool]: Using duckdb connection "create_edgar_main_silver"
[0m13:55:55.606044 [debug] [ThreadPool]: On create_edgar_main_silver: COMMIT
[0m13:55:55.606399 [debug] [ThreadPool]: SQL status: OK in 0.000 seconds
[0m13:55:55.606700 [debug] [ThreadPool]: On create_edgar_main_silver: Close
[0m13:55:55.608370 [debug] [ThreadPool]: Acquiring new duckdb connection 'list_edgar_main_seeds'
[0m13:55:55.612687 [debug] [ThreadPool]: Using duckdb connection "list_edgar_main_seeds"
[0m13:55:55.613079 [debug] [ThreadPool]: Acquiring new duckdb connection 'list_edgar_main_bronze'
[0m13:55:55.613498 [debug] [ThreadPool]: On list_edgar_main_seeds: BEGIN
[0m13:55:55.614583 [debug] [ThreadPool]: Using duckdb connection "list_edgar_main_bronze"
[0m13:55:55.614978 [debug] [ThreadPool]: Acquiring new duckdb connection 'list_edgar_main_silver'
[0m13:55:55.615254 [debug] [ThreadPool]: Opening a new connection, currently in state init
[0m13:55:55.615672 [debug] [ThreadPool]: Acquiring new duckdb connection 'list_edgar_main_gold'
[0m13:55:55.616067 [debug] [ThreadPool]: On list_edgar_main_bronze: BEGIN
[0m13:55:55.617164 [debug] [ThreadPool]: Using duckdb connection "list_edgar_main_silver"
[0m13:55:55.619880 [debug] [ThreadPool]: Using duckdb connection "list_edgar_main_gold"
[0m13:55:55.620207 [debug] [ThreadPool]: SQL status: OK in 0.005 seconds
[0m13:55:55.620512 [debug] [ThreadPool]: Opening a new connection, currently in state init
[0m13:55:55.620766 [debug] [ThreadPool]: On list_edgar_main_silver: BEGIN
[0m13:55:55.621020 [debug] [ThreadPool]: On list_edgar_main_gold: BEGIN
[0m13:55:55.621263 [debug] [ThreadPool]: Using duckdb connection "list_edgar_main_seeds"
[0m13:55:55.621637 [debug] [ThreadPool]: Opening a new connection, currently in state init
[0m13:55:55.621891 [debug] [ThreadPool]: Opening a new connection, currently in state init
[0m13:55:55.622179 [debug] [ThreadPool]: On list_edgar_main_seeds: /* {"app": "dbt", "dbt_version": "1.11.8", "profile_name": "sec_edgar", "target_name": "dev", "connection_name": "list_edgar_main_seeds"} */
select
      'edgar' as database,
      table_name as name,
      table_schema as schema,
      CASE table_type
        WHEN 'BASE TABLE' THEN 'table'
        WHEN 'VIEW' THEN 'view'
        WHEN 'LOCAL TEMPORARY' THEN 'table'
        END as type
    from system.information_schema.tables
    where lower(table_schema) = 'main_seeds'
    and lower(table_catalog) = 'edgar'
  
[0m13:55:55.622637 [debug] [ThreadPool]: SQL status: OK in 0.001 seconds
[0m13:55:55.622950 [debug] [ThreadPool]: SQL status: OK in 0.002 seconds
[0m13:55:55.623612 [debug] [ThreadPool]: Using duckdb connection "list_edgar_main_silver"
[0m13:55:55.624186 [debug] [ThreadPool]: Using duckdb connection "list_edgar_main_bronze"
[0m13:55:55.624509 [debug] [ThreadPool]: On list_edgar_main_silver: /* {"app": "dbt", "dbt_version": "1.11.8", "profile_name": "sec_edgar", "target_name": "dev", "connection_name": "list_edgar_main_silver"} */
select
      'edgar' as database,
      table_name as name,
      table_schema as schema,
      CASE table_type
        WHEN 'BASE TABLE' THEN 'table'
        WHEN 'VIEW' THEN 'view'
        WHEN 'LOCAL TEMPORARY' THEN 'table'
        END as type
    from system.information_schema.tables
    where lower(table_schema) = 'main_silver'
    and lower(table_catalog) = 'edgar'
  
[0m13:55:55.624822 [debug] [ThreadPool]: SQL status: OK in 0.003 seconds
[0m13:55:55.625110 [debug] [ThreadPool]: On list_edgar_main_bronze: /* {"app": "dbt", "dbt_version": "1.11.8", "profile_name": "sec_edgar", "target_name": "dev", "connection_name": "list_edgar_main_bronze"} */
select
      'edgar' as database,
      table_name as name,
      table_schema as schema,
      CASE table_type
        WHEN 'BASE TABLE' THEN 'table'
        WHEN 'VIEW' THEN 'view'
        WHEN 'LOCAL TEMPORARY' THEN 'table'
        END as type
    from system.information_schema.tables
    where lower(table_schema) = 'main_bronze'
    and lower(table_catalog) = 'edgar'
  
[0m13:55:55.625555 [debug] [ThreadPool]: Using duckdb connection "list_edgar_main_gold"
[0m13:55:55.625926 [debug] [ThreadPool]: SQL status: OK in 0.003 seconds
[0m13:55:55.626197 [debug] [ThreadPool]: On list_edgar_main_gold: /* {"app": "dbt", "dbt_version": "1.11.8", "profile_name": "sec_edgar", "target_name": "dev", "connection_name": "list_edgar_main_gold"} */
select
      'edgar' as database,
      table_name as name,
      table_schema as schema,
      CASE table_type
        WHEN 'BASE TABLE' THEN 'table'
        WHEN 'VIEW' THEN 'view'
        WHEN 'LOCAL TEMPORARY' THEN 'table'
        END as type
    from system.information_schema.tables
    where lower(table_schema) = 'main_gold'
    and lower(table_catalog) = 'edgar'
  
[0m13:55:55.627204 [debug] [ThreadPool]: On list_edgar_main_seeds: ROLLBACK
[0m13:55:55.627470 [debug] [ThreadPool]: SQL status: OK in 0.002 seconds
[0m13:55:55.627809 [debug] [ThreadPool]: SQL status: OK in 0.002 seconds
[0m13:55:55.629220 [debug] [ThreadPool]: On list_edgar_main_silver: ROLLBACK
[0m13:55:55.630295 [debug] [ThreadPool]: On list_edgar_main_bronze: ROLLBACK
[0m13:55:55.630774 [debug] [ThreadPool]: SQL status: OK in 0.003 seconds
[0m13:55:55.631549 [debug] [ThreadPool]: Failed to rollback 'list_edgar_main_seeds'
[0m13:55:55.632369 [debug] [ThreadPool]: On list_edgar_main_gold: ROLLBACK
[0m13:55:55.632635 [debug] [ThreadPool]: On list_edgar_main_seeds: Close
[0m13:55:55.633053 [debug] [ThreadPool]: Failed to rollback 'list_edgar_main_silver'
[0m13:55:55.633625 [debug] [ThreadPool]: Failed to rollback 'list_edgar_main_gold'
[0m13:55:55.634238 [debug] [ThreadPool]: Failed to rollback 'list_edgar_main_bronze'
[0m13:55:55.634508 [debug] [ThreadPool]: On list_edgar_main_silver: Close
[0m13:55:55.635100 [debug] [ThreadPool]: On list_edgar_main_gold: Close
[0m13:55:55.635361 [debug] [ThreadPool]: On list_edgar_main_bronze: Close
[0m13:55:55.637007 [debug] [MainThread]: Sending event: {'category': 'dbt', 'action': 'runnable_timing', 'label': '61c2f0cb-778d-4637-8b3f-acb07324d42c', 'context': [<snowplow_tracker.self_describing_json.SelfDescribingJson object at 0x000001A5568BFD40>]}
[0m13:55:55.637368 [debug] [MainThread]: Using duckdb connection "master"
[0m13:55:55.637590 [debug] [MainThread]: On master: BEGIN
[0m13:55:55.637780 [debug] [MainThread]: Opening a new connection, currently in state init
[0m13:55:55.638187 [debug] [MainThread]: SQL status: OK in 0.000 seconds
[0m13:55:55.638411 [debug] [MainThread]: On master: COMMIT
[0m13:55:55.638619 [debug] [MainThread]: Using duckdb connection "master"
[0m13:55:55.638798 [debug] [MainThread]: On master: COMMIT
[0m13:55:55.639104 [debug] [MainThread]: SQL status: OK in 0.000 seconds
[0m13:55:55.639327 [debug] [MainThread]: On master: Close
[0m13:55:55.642525 [debug] [Thread-1 (]: Began running node model.sec_edgar.stg_companies
[0m13:55:55.642885 [debug] [Thread-2 (]: Began running node model.sec_edgar.stg_financials
[0m13:55:55.643315 [info ] [Thread-1 (]: 1 of 3 START sql table model main_silver.stg_companies ......................... [RUN]
[0m13:55:55.644273 [debug] [Thread-1 (]: Acquiring new duckdb connection 'model.sec_edgar.stg_companies'
[0m13:55:55.644572 [debug] [Thread-1 (]: Began compiling node model.sec_edgar.stg_companies
[0m13:55:55.649781 [debug] [Thread-1 (]: Writing injected SQL for node "model.sec_edgar.stg_companies"
[0m13:55:55.643703 [info ] [Thread-2 (]: 2 of 3 START sql table model main_silver.stg_financials ........................ [RUN]
[0m13:55:55.650395 [debug] [Thread-2 (]: Acquiring new duckdb connection 'model.sec_edgar.stg_financials'
[0m13:55:55.650691 [debug] [Thread-2 (]: Began compiling node model.sec_edgar.stg_financials
[0m13:55:55.655628 [debug] [Thread-2 (]: Using duckdb connection "model.sec_edgar.stg_financials"
[0m13:55:55.655959 [debug] [Thread-2 (]: On model.sec_edgar.stg_financials: /* {"app": "dbt", "dbt_version": "1.11.8", "profile_name": "sec_edgar", "target_name": "dev", "node_id": "model.sec_edgar.stg_financials"} */

    
    select distinct synonym_tag
    from "edgar"."main_seeds"."gaap_tag_synonyms"
    order by synonym_tag

  
[0m13:55:55.656272 [debug] [Thread-2 (]: Opening a new connection, currently in state init
[0m13:55:55.656863 [debug] [Thread-1 (]: Began executing node model.sec_edgar.stg_companies
[0m13:55:55.667584 [debug] [Thread-2 (]: SQL status: OK in 0.011 seconds
[0m13:55:55.683774 [debug] [Thread-1 (]: Writing runtime sql for node "model.sec_edgar.stg_companies"
[0m13:55:55.684980 [debug] [Thread-1 (]: Using duckdb connection "model.sec_edgar.stg_companies"
[0m13:55:55.685329 [debug] [Thread-1 (]: On model.sec_edgar.stg_companies: BEGIN
[0m13:55:55.685607 [debug] [Thread-1 (]: Opening a new connection, currently in state init
[0m13:55:55.687644 [debug] [Thread-2 (]: Writing injected SQL for node "model.sec_edgar.stg_financials"
[0m13:55:55.688208 [debug] [Thread-1 (]: SQL status: OK in 0.003 seconds
[0m13:55:55.688545 [debug] [Thread-1 (]: Using duckdb connection "model.sec_edgar.stg_companies"
[0m13:55:55.688877 [debug] [Thread-1 (]: On model.sec_edgar.stg_companies: /* {"app": "dbt", "dbt_version": "1.11.8", "profile_name": "sec_edgar", "target_name": "dev", "node_id": "model.sec_edgar.stg_companies"} */

  
    
    

    create  table
      "edgar"."main_silver"."stg_companies__dbt_tmp"
  
    as (
      -- Silver: stg_companies
--
-- Flattens company metadata from the raw submissions feed.
-- One row per company — deduplicated to the most recently loaded record.
--
-- Key transforms:
--   - CIK zero-padded to 10-digit string
--   - Primary ticker and exchange extracted from JSON arrays
--   - SIC code cast to string for consistent joining



with raw as (
    select * from "edgar"."main_bronze"."raw_submissions"
)

select
    lpad(cik_raw, 10, '0')                          as cik,
    company_name_raw                                 as company_name,
    sic_raw                                          as sic_code,
    sic_description_raw                              as sic_description,
    state_of_incorporation_raw                       as state_of_incorporation,
    -- tickers and exchanges are JSON arrays — extract the first (primary) value
    json_extract_string(tickers_raw,  '$[0]')        as primary_ticker,
    json_extract_string(exchanges_raw,'$[0]')        as primary_exchange,
    loaded_at

from raw
-- If the same company was loaded more than once, keep only the freshest record
qualify row_number() over (
    partition by cik_raw
    order by loaded_at desc
) = 1
    );
  
  
[0m13:55:55.689593 [debug] [Thread-2 (]: Began executing node model.sec_edgar.stg_financials
[0m13:55:55.692436 [debug] [Thread-2 (]: Writing runtime sql for node "model.sec_edgar.stg_financials"
[0m13:55:55.693519 [debug] [Thread-2 (]: Using duckdb connection "model.sec_edgar.stg_financials"
[0m13:55:55.693873 [debug] [Thread-1 (]: SQL status: OK in 0.005 seconds
[0m13:55:55.694200 [debug] [Thread-2 (]: On model.sec_edgar.stg_financials: BEGIN
[0m13:55:55.698312 [debug] [Thread-1 (]: Using duckdb connection "model.sec_edgar.stg_companies"
[0m13:55:55.699129 [debug] [Thread-1 (]: On model.sec_edgar.stg_companies: /* {"app": "dbt", "dbt_version": "1.11.8", "profile_name": "sec_edgar", "target_name": "dev", "node_id": "model.sec_edgar.stg_companies"} */

    SELECT index_name
    FROM duckdb_indexes()
    WHERE schema_name = 'main_silver'
      AND table_name = 'stg_companies'
  
[0m13:55:55.699773 [debug] [Thread-2 (]: SQL status: OK in 0.001 seconds
[0m13:55:55.700212 [debug] [Thread-2 (]: Using duckdb connection "model.sec_edgar.stg_financials"
[0m13:55:55.701020 [debug] [Thread-2 (]: On model.sec_edgar.stg_financials: /* {"app": "dbt", "dbt_version": "1.11.8", "profile_name": "sec_edgar", "target_name": "dev", "node_id": "model.sec_edgar.stg_financials"} */

  
    
    

    create  table
      "edgar"."main_silver"."stg_financials__dbt_tmp"
  
    as (
      -- Silver: stg_financials
--
-- The hardest model in the project. Transforms the raw XBRL JSON blob into
-- clean, flat, deduplicated financial fact rows.
--
-- Five engineering problems solved here:
--   1. Unnesting   — the JSON is 3 levels deep before we reach individual values
--   2. Tag synonyms — Revenue has 6+ different concept names across companies
--   3. Amendments  — 10-K/A filings supersede the original; keep only the latest
--   4. Period overlap — 10-K and 10-Q both report Q4 data; keep one source
--   5. CIK format  — standardize to 10-digit zero-padded string
--
-- DuckDB JSON limitation: dynamic key lookup (-> column_name) and dynamic path
-- arrays (json_extract(blob, computed_array)) are not supported. The only safe
-- approach is literal string keys. We use dbt run_query at compile time to read
-- the synonym list from the seed and generate a UNION ALL with literal paths.



-- ── Compile-time: fetch the synonym list from the seed ────────────────────────



    
    


with

-- ── Step 1: Base table with CIK and us-gaap blob ──────────────────────────────
bronze as (
    select
        lpad(cik_raw, 10, '0')             as cik,
        entity_name,
        facts_blob -> 'us-gaap'            as us_gaap_blob
    from "edgar"."main_bronze"."raw_company_facts"
    where (facts_blob -> 'us-gaap') is not null
),

-- ── Step 2: Extract USD arrays for each tracked concept ───────────────────────
-- run_query above gives us the synonym list at compile time.
-- dbt renders one SELECT per synonym tag — all keys are string literals,
-- which DuckDB's -> operator supports safely.
-- The UNION ALL is fully resolved before DuckDB sees the SQL.
tracked_concepts as (
    
    select
        cik,
        entity_name,
        'Assets'                                              as concept_name,
        (us_gaap_blob -> 'Assets' -> 'units' -> 'USD')::json[] as usd_array
    from bronze
    where (us_gaap_blob -> 'Assets' -> 'units' -> 'USD') is not null
     union all 
    
    select
        cik,
        entity_name,
        'CashAndCashEquivalentsAtCarryingValue'                                              as concept_name,
        (us_gaap_blob -> 'CashAndCashEquivalentsAtCarryingValue' -> 'units' -> 'USD')::json[] as usd_array
    from bronze
    where (us_gaap_blob -> 'CashAndCashEquivalentsAtCarryingValue' -> 'units' -> 'USD') is not null
     union all 
    
    select
        cik,
        entity_name,
        'CommonStockSharesOutstanding'                                              as concept_name,
        (us_gaap_blob -> 'CommonStockSharesOutstanding' -> 'units' -> 'USD')::json[] as usd_array
    from bronze
    where (us_gaap_blob -> 'CommonStockSharesOutstanding' -> 'units' -> 'USD') is not null
     union all 
    
    select
        cik,
        entity_name,
        'EarningsPerShareBasic'                                              as concept_name,
        (us_gaap_blob -> 'EarningsPerShareBasic' -> 'units' -> 'USD')::json[] as usd_array
    from bronze
    where (us_gaap_blob -> 'EarningsPerShareBasic' -> 'units' -> 'USD') is not null
     union all 
    
    select
        cik,
        entity_name,
        'EarningsPerShareBasicAndDiluted'                                              as concept_name,
        (us_gaap_blob -> 'EarningsPerShareBasicAndDiluted' -> 'units' -> 'USD')::json[] as usd_array
    from bronze
    where (us_gaap_blob -> 'EarningsPerShareBasicAndDiluted' -> 'units' -> 'USD') is not null
     union all 
    
    select
        cik,
        entity_name,
        'IncomeLossFromContinuingOperations'                                              as concept_name,
        (us_gaap_blob -> 'IncomeLossFromContinuingOperations' -> 'units' -> 'USD')::json[] as usd_array
    from bronze
    where (us_gaap_blob -> 'IncomeLossFromContinuingOperations' -> 'units' -> 'USD') is not null
     union all 
    
    select
        cik,
        entity_name,
        'IncomeLossFromContinuingOperationsBeforeIncomeTaxesExtraordinaryItemsNoncontrollingInterest'                                              as concept_name,
        (us_gaap_blob -> 'IncomeLossFromContinuingOperationsBeforeIncomeTaxesExtraordinaryItemsNoncontrollingInterest' -> 'units' -> 'USD')::json[] as usd_array
    from bronze
    where (us_gaap_blob -> 'IncomeLossFromContinuingOperationsBeforeIncomeTaxesExtraordinaryItemsNoncontrollingInterest' -> 'units' -> 'USD') is not null
     union all 
    
    select
        cik,
        entity_name,
        'Liabilities'                                              as concept_name,
        (us_gaap_blob -> 'Liabilities' -> 'units' -> 'USD')::json[] as usd_array
    from bronze
    where (us_gaap_blob -> 'Liabilities' -> 'units' -> 'USD') is not null
     union all 
    
    select
        cik,
        entity_name,
        'NetIncome'                                              as concept_name,
        (us_gaap_blob -> 'NetIncome' -> 'units' -> 'USD')::json[] as usd_array
    from bronze
    where (us_gaap_blob -> 'NetIncome' -> 'units' -> 'USD') is not null
     union all 
    
    select
        cik,
        entity_name,
        'NetIncomeLoss'                                              as concept_name,
        (us_gaap_blob -> 'NetIncomeLoss' -> 'units' -> 'USD')::json[] as usd_array
    from bronze
    where (us_gaap_blob -> 'NetIncomeLoss' -> 'units' -> 'USD') is not null
     union all 
    
    select
        cik,
        entity_name,
        'NetIncomeLossAvailableToCommonStockholdersBasic'                                              as concept_name,
        (us_gaap_blob -> 'NetIncomeLossAvailableToCommonStockholdersBasic' -> 'units' -> 'USD')::json[] as usd_array
    from bronze
    where (us_gaap_blob -> 'NetIncomeLossAvailableToCommonStockholdersBasic' -> 'units' -> 'USD') is not null
     union all 
    
    select
        cik,
        entity_name,
        'OperatingIncomeLoss'                                              as concept_name,
        (us_gaap_blob -> 'OperatingIncomeLoss' -> 'units' -> 'USD')::json[] as usd_array
    from bronze
    where (us_gaap_blob -> 'OperatingIncomeLoss' -> 'units' -> 'USD') is not null
     union all 
    
    select
        cik,
        entity_name,
        'ProfitLoss'                                              as concept_name,
        (us_gaap_blob -> 'ProfitLoss' -> 'units' -> 'USD')::json[] as usd_array
    from bronze
    where (us_gaap_blob -> 'ProfitLoss' -> 'units' -> 'USD') is not null
     union all 
    
    select
        cik,
        entity_name,
        'RevenueFromContractWithCustomerExcludingAssessedTax'                                              as concept_name,
        (us_gaap_blob -> 'RevenueFromContractWithCustomerExcludingAssessedTax' -> 'units' -> 'USD')::json[] as usd_array
    from bronze
    where (us_gaap_blob -> 'RevenueFromContractWithCustomerExcludingAssessedTax' -> 'units' -> 'USD') is not null
     union all 
    
    select
        cik,
        entity_name,
        'RevenueFromContractWithCustomerIncludingAssessedTax'                                              as concept_name,
        (us_gaap_blob -> 'RevenueFromContractWithCustomerIncludingAssessedTax' -> 'units' -> 'USD')::json[] as usd_array
    from bronze
    where (us_gaap_blob -> 'RevenueFromContractWithCustomerIncludingAssessedTax' -> 'units' -> 'USD') is not null
     union all 
    
    select
        cik,
        entity_name,
        'Revenues'                                              as concept_name,
        (us_gaap_blob -> 'Revenues' -> 'units' -> 'USD')::json[] as usd_array
    from bronze
    where (us_gaap_blob -> 'Revenues' -> 'units' -> 'USD') is not null
     union all 
    
    select
        cik,
        entity_name,
        'RevenuesNetOfInterestExpense'                                              as concept_name,
        (us_gaap_blob -> 'RevenuesNetOfInterestExpense' -> 'units' -> 'USD')::json[] as usd_array
    from bronze
    where (us_gaap_blob -> 'RevenuesNetOfInterestExpense' -> 'units' -> 'USD') is not null
     union all 
    
    select
        cik,
        entity_name,
        'SalesRevenueGoodsNet'                                              as concept_name,
        (us_gaap_blob -> 'SalesRevenueGoodsNet' -> 'units' -> 'USD')::json[] as usd_array
    from bronze
    where (us_gaap_blob -> 'SalesRevenueGoodsNet' -> 'units' -> 'USD') is not null
     union all 
    
    select
        cik,
        entity_name,
        'SalesRevenueNet'                                              as concept_name,
        (us_gaap_blob -> 'SalesRevenueNet' -> 'units' -> 'USD')::json[] as usd_array
    from bronze
    where (us_gaap_blob -> 'SalesRevenueNet' -> 'units' -> 'USD') is not null
     union all 
    
    select
        cik,
        entity_name,
        'StockholdersEquity'                                              as concept_name,
        (us_gaap_blob -> 'StockholdersEquity' -> 'units' -> 'USD')::json[] as usd_array
    from bronze
    where (us_gaap_blob -> 'StockholdersEquity' -> 'units' -> 'USD') is not null
     union all 
    
    select
        cik,
        entity_name,
        'StockholdersEquityAttributableToParent'                                              as concept_name,
        (us_gaap_blob -> 'StockholdersEquityAttributableToParent' -> 'units' -> 'USD')::json[] as usd_array
    from bronze
    where (us_gaap_blob -> 'StockholdersEquityAttributableToParent' -> 'units' -> 'USD') is not null
    
    
    
),

-- ── Step 3: Unnest the USD filing entries array ────────────────────────────────
unnested as (
    select
        cik,
        entity_name,
        concept_name                        as raw_concept,
        entry
    from tracked_concepts,
        unnest(usd_array)                   as t(entry)
),

-- ── Step 5: Parse JSON fields into typed columns ──────────────────────────────
-- ->> extracts a JSON field as text; try_cast handles malformed dates safely.
extracted as (
    select
        cik,
        entity_name,
        raw_concept,
        

coalesce(
    (
        select s.canonical_tag
        from "edgar"."main_seeds"."gaap_tag_synonyms" s
        where s.synonym_tag = raw_concept
        limit 1
    ),
    raw_concept
)
         as canonical_concept,
        try_cast(entry ->> 'val'    as double)          as reported_value,
        try_cast(entry ->> 'start'  as date)            as period_start,
        try_cast(entry ->> 'end'    as date)            as period_end,
        (entry ->> 'accn')                              as accession_number,
        upper(entry ->> 'form')                         as form_type,
        try_cast(entry ->> 'filed'  as date)            as filed_date,
        (entry ->> 'fp')                                as fiscal_period_label,
        -- Balance sheet items have no start date (point-in-time snapshot)
        -- Income statement items have both start and end (flow over a period)
        case
            when (entry ->> 'start') is null then 'instant'
            else 'duration'
        end                                             as value_type
    from unnested
    where
        try_cast(entry ->> 'val'   as double) is not null
        and try_cast(entry ->> 'end' as date) is not null
),

-- ── Step 6: Remove duplicate amendments ──────────────────────────────────────
-- A 10-K/A (amendment) supersedes the original 10-K for the same period.
-- Keep only the row with the latest filed_date per
-- (company, concept, period_end, form_type).
-- ROW_NUMBER = 1 is the most recently filed version.
deduped_amendments as (
    select
        *,
        row_number() over (
            partition by cik, canonical_concept, period_end, form_type
            order by filed_date desc nulls last
        ) as rn
    from extracted
),

latest_only as (
    select * exclude (rn)
    from deduped_amendments
    where rn = 1
),

-- ── Step 7: Remove 10-K / 10-Q period overlap ─────────────────────────────────
-- Annual 10-K filings contain Q4 and full-year data that also appears in 10-Qs.
-- Rule: Q1/Q2/Q3 → prefer 10-Q.  Q4 and FY → prefer 10-K.
-- ROW_NUMBER = 1 picks the preferred form type for each period.
form_deduped as (
    select
        *,
        

ceil(month(period_end) / 3.0)::integer
              as calendar_quarter,
        year(period_end)                                as period_year,
        row_number() over (
            partition by cik, canonical_concept, period_end
            order by
                case
                    when 

ceil(month(period_end) / 3.0)::integer
 in (1, 2, 3)
                         and form_type = '10-Q'         then 1
                    when 

ceil(month(period_end) / 3.0)::integer
 = 4
                         and form_type = '10-K'         then 1
                    when fiscal_period_label = 'FY'
                         and form_type = '10-K'         then 1
                    else 2
                end
        ) as form_rn
    from latest_only
)

select * exclude (form_rn)
from form_deduped
where form_rn = 1
    );
  
  
[0m13:55:55.701994 [debug] [Thread-1 (]: SQL status: OK in 0.002 seconds
[0m13:55:55.703699 [debug] [Thread-1 (]: Using duckdb connection "model.sec_edgar.stg_companies"
[0m13:55:55.704022 [debug] [Thread-1 (]: On model.sec_edgar.stg_companies: /* {"app": "dbt", "dbt_version": "1.11.8", "profile_name": "sec_edgar", "target_name": "dev", "node_id": "model.sec_edgar.stg_companies"} */

    SELECT COUNT(*) as remaining_indexes
    FROM duckdb_indexes()
    WHERE schema_name = 'main_silver'
      AND table_name = 'stg_companies'
  
[0m13:55:55.704828 [debug] [Thread-1 (]: SQL status: OK in 0.000 seconds
[0m13:55:55.709949 [debug] [Thread-1 (]: Using duckdb connection "model.sec_edgar.stg_companies"
[0m13:55:55.710338 [debug] [Thread-1 (]: On model.sec_edgar.stg_companies: /* {"app": "dbt", "dbt_version": "1.11.8", "profile_name": "sec_edgar", "target_name": "dev", "node_id": "model.sec_edgar.stg_companies"} */
alter table "edgar"."main_silver"."stg_companies" rename to "stg_companies__dbt_backup"
[0m13:55:55.710926 [debug] [Thread-1 (]: SQL status: OK in 0.000 seconds
[0m13:55:55.713350 [debug] [Thread-1 (]: Using duckdb connection "model.sec_edgar.stg_companies"
[0m13:55:55.713684 [debug] [Thread-1 (]: On model.sec_edgar.stg_companies: /* {"app": "dbt", "dbt_version": "1.11.8", "profile_name": "sec_edgar", "target_name": "dev", "node_id": "model.sec_edgar.stg_companies"} */
alter table "edgar"."main_silver"."stg_companies__dbt_tmp" rename to "stg_companies"
[0m13:55:55.714261 [debug] [Thread-1 (]: SQL status: OK in 0.000 seconds
[0m13:55:55.728334 [debug] [Thread-1 (]: On model.sec_edgar.stg_companies: COMMIT
[0m13:55:55.728784 [debug] [Thread-1 (]: Using duckdb connection "model.sec_edgar.stg_companies"
[0m13:55:55.729096 [debug] [Thread-1 (]: On model.sec_edgar.stg_companies: COMMIT
[0m13:55:55.732246 [debug] [Thread-1 (]: SQL status: OK in 0.003 seconds
[0m13:55:55.736209 [debug] [Thread-1 (]: Using duckdb connection "model.sec_edgar.stg_companies"
[0m13:55:55.736535 [debug] [Thread-1 (]: On model.sec_edgar.stg_companies: /* {"app": "dbt", "dbt_version": "1.11.8", "profile_name": "sec_edgar", "target_name": "dev", "node_id": "model.sec_edgar.stg_companies"} */

      drop table if exists "edgar"."main_silver"."stg_companies__dbt_backup" cascade
    
[0m13:55:55.737536 [debug] [Thread-1 (]: SQL status: OK in 0.001 seconds
[0m13:55:55.739371 [debug] [Thread-1 (]: On model.sec_edgar.stg_companies: Close
[0m13:55:55.741138 [debug] [Thread-1 (]: Sending event: {'category': 'dbt', 'action': 'run_model', 'label': '61c2f0cb-778d-4637-8b3f-acb07324d42c', 'context': [<snowplow_tracker.self_describing_json.SelfDescribingJson object at 0x000001A5568A7C50>]}
[0m13:55:55.741786 [info ] [Thread-1 (]: 1 of 3 OK created sql table model main_silver.stg_companies .................... [[32mOK[0m in 0.10s]
[0m13:55:55.742751 [debug] [Thread-1 (]: Finished running node model.sec_edgar.stg_companies
[0m13:55:58.493682 [debug] [Thread-2 (]: SQL status: OK in 2.791 seconds
[0m13:55:58.495869 [debug] [Thread-2 (]: Using duckdb connection "model.sec_edgar.stg_financials"
[0m13:55:58.496555 [debug] [Thread-2 (]: On model.sec_edgar.stg_financials: /* {"app": "dbt", "dbt_version": "1.11.8", "profile_name": "sec_edgar", "target_name": "dev", "node_id": "model.sec_edgar.stg_financials"} */

    SELECT index_name
    FROM duckdb_indexes()
    WHERE schema_name = 'main_silver'
      AND table_name = 'stg_financials'
  
[0m13:55:58.498050 [debug] [Thread-2 (]: SQL status: OK in 0.001 seconds
[0m13:55:58.499376 [debug] [Thread-2 (]: Using duckdb connection "model.sec_edgar.stg_financials"
[0m13:55:58.499805 [debug] [Thread-2 (]: On model.sec_edgar.stg_financials: /* {"app": "dbt", "dbt_version": "1.11.8", "profile_name": "sec_edgar", "target_name": "dev", "node_id": "model.sec_edgar.stg_financials"} */

    SELECT COUNT(*) as remaining_indexes
    FROM duckdb_indexes()
    WHERE schema_name = 'main_silver'
      AND table_name = 'stg_financials'
  
[0m13:55:58.501012 [debug] [Thread-2 (]: SQL status: OK in 0.001 seconds
[0m13:55:58.504976 [debug] [Thread-2 (]: Using duckdb connection "model.sec_edgar.stg_financials"
[0m13:55:58.505643 [debug] [Thread-2 (]: On model.sec_edgar.stg_financials: /* {"app": "dbt", "dbt_version": "1.11.8", "profile_name": "sec_edgar", "target_name": "dev", "node_id": "model.sec_edgar.stg_financials"} */
alter table "edgar"."main_silver"."stg_financials" rename to "stg_financials__dbt_backup"
[0m13:55:58.506846 [debug] [Thread-2 (]: SQL status: OK in 0.001 seconds
[0m13:55:58.510510 [debug] [Thread-2 (]: Using duckdb connection "model.sec_edgar.stg_financials"
[0m13:55:58.511168 [debug] [Thread-2 (]: On model.sec_edgar.stg_financials: /* {"app": "dbt", "dbt_version": "1.11.8", "profile_name": "sec_edgar", "target_name": "dev", "node_id": "model.sec_edgar.stg_financials"} */
alter table "edgar"."main_silver"."stg_financials__dbt_tmp" rename to "stg_financials"
[0m13:55:58.512142 [debug] [Thread-2 (]: SQL status: OK in 0.001 seconds
[0m13:55:58.513467 [debug] [Thread-2 (]: On model.sec_edgar.stg_financials: COMMIT
[0m13:55:58.514034 [debug] [Thread-2 (]: Using duckdb connection "model.sec_edgar.stg_financials"
[0m13:55:58.514399 [debug] [Thread-2 (]: On model.sec_edgar.stg_financials: COMMIT
[0m13:55:58.526528 [debug] [Thread-2 (]: SQL status: OK in 0.012 seconds
[0m13:55:58.528668 [debug] [Thread-2 (]: Using duckdb connection "model.sec_edgar.stg_financials"
[0m13:55:58.529011 [debug] [Thread-2 (]: On model.sec_edgar.stg_financials: /* {"app": "dbt", "dbt_version": "1.11.8", "profile_name": "sec_edgar", "target_name": "dev", "node_id": "model.sec_edgar.stg_financials"} */

      drop table if exists "edgar"."main_silver"."stg_financials__dbt_backup" cascade
    
[0m13:55:58.530241 [debug] [Thread-2 (]: SQL status: OK in 0.001 seconds
[0m13:55:58.531362 [debug] [Thread-2 (]: On model.sec_edgar.stg_financials: Close
[0m13:55:58.531929 [debug] [Thread-2 (]: Sending event: {'category': 'dbt', 'action': 'run_model', 'label': '61c2f0cb-778d-4637-8b3f-acb07324d42c', 'context': [<snowplow_tracker.self_describing_json.SelfDescribingJson object at 0x000001A556758AA0>]}
[0m13:55:58.532504 [info ] [Thread-2 (]: 2 of 3 OK created sql table model main_silver.stg_financials ................... [[32mOK[0m in 2.88s]
[0m13:55:58.533292 [debug] [Thread-2 (]: Finished running node model.sec_edgar.stg_financials
[0m13:55:58.533961 [debug] [Thread-3 (]: Began running node model.sec_edgar.stg_filing_periods
[0m13:55:58.534455 [info ] [Thread-3 (]: 3 of 3 START sql table model main_silver.stg_filing_periods .................... [RUN]
[0m13:55:58.535101 [debug] [Thread-3 (]: Acquiring new duckdb connection 'model.sec_edgar.stg_filing_periods'
[0m13:55:58.535418 [debug] [Thread-3 (]: Began compiling node model.sec_edgar.stg_filing_periods
[0m13:55:58.538047 [debug] [Thread-3 (]: Writing injected SQL for node "model.sec_edgar.stg_filing_periods"
[0m13:55:58.538801 [debug] [Thread-3 (]: Began executing node model.sec_edgar.stg_filing_periods
[0m13:55:58.540853 [debug] [Thread-3 (]: Writing runtime sql for node "model.sec_edgar.stg_filing_periods"
[0m13:55:58.541551 [debug] [Thread-3 (]: Using duckdb connection "model.sec_edgar.stg_filing_periods"
[0m13:55:58.541838 [debug] [Thread-3 (]: On model.sec_edgar.stg_filing_periods: BEGIN
[0m13:55:58.542098 [debug] [Thread-3 (]: Opening a new connection, currently in state init
[0m13:55:58.542628 [debug] [Thread-3 (]: SQL status: OK in 0.000 seconds
[0m13:55:58.542917 [debug] [Thread-3 (]: Using duckdb connection "model.sec_edgar.stg_filing_periods"
[0m13:55:58.543230 [debug] [Thread-3 (]: On model.sec_edgar.stg_filing_periods: /* {"app": "dbt", "dbt_version": "1.11.8", "profile_name": "sec_edgar", "target_name": "dev", "node_id": "model.sec_edgar.stg_filing_periods"} */

  
    
    

    create  table
      "edgar"."main_silver"."stg_filing_periods__dbt_tmp"
  
    as (
      -- Silver: stg_filing_periods
--
-- Summarises the filing period coverage for each company.
-- Detects gaps — quarters where a company has no reported data —
-- which can indicate late filings, restatements, or data quality issues.
--
-- One row per company with period coverage statistics.
-- The Gold layer uses this to annotate fact_financials with gap flags.



with

-- Get all distinct (company, quarter-end) combinations that actually exist
actual_periods as (
    select
        cik,
        period_end,
        

ceil(month(period_end) / 3.0)::integer
      as calendar_quarter,
        year(period_end)                         as period_year
    from "edgar"."main_silver"."stg_financials"
    -- Use only one canonical concept to count periods — avoids inflating counts
    where canonical_concept = 'Revenues'
),

-- Summarise coverage per company
company_coverage as (
    select
        cik,
        min(period_end)                          as first_period,
        max(period_end)                          as last_period,
        count(distinct period_end)               as actual_quarters,
        -- Expected number of quarters from first to last filing
        datediff('quarter', min(period_end), max(period_end)) + 1
                                                 as expected_quarters
    from actual_periods
    group by cik
)

select
    c.cik,
    c.first_period,
    c.last_period,
    c.actual_quarters,
    c.expected_quarters,
    -- Negative means missing quarters; zero means complete coverage
    c.expected_quarters - c.actual_quarters      as missing_quarters,
    case
        when c.expected_quarters > c.actual_quarters then true
        else false
    end                                          as has_gaps
from company_coverage c
    );
  
  
[0m13:55:58.555626 [debug] [Thread-3 (]: SQL status: OK in 0.012 seconds
[0m13:55:58.557404 [debug] [Thread-3 (]: Using duckdb connection "model.sec_edgar.stg_filing_periods"
[0m13:55:58.557878 [debug] [Thread-3 (]: On model.sec_edgar.stg_filing_periods: /* {"app": "dbt", "dbt_version": "1.11.8", "profile_name": "sec_edgar", "target_name": "dev", "node_id": "model.sec_edgar.stg_filing_periods"} */

    SELECT index_name
    FROM duckdb_indexes()
    WHERE schema_name = 'main_silver'
      AND table_name = 'stg_filing_periods'
  
[0m13:55:58.558973 [debug] [Thread-3 (]: SQL status: OK in 0.001 seconds
[0m13:55:58.560137 [debug] [Thread-3 (]: Using duckdb connection "model.sec_edgar.stg_filing_periods"
[0m13:55:58.560485 [debug] [Thread-3 (]: On model.sec_edgar.stg_filing_periods: /* {"app": "dbt", "dbt_version": "1.11.8", "profile_name": "sec_edgar", "target_name": "dev", "node_id": "model.sec_edgar.stg_filing_periods"} */

    SELECT COUNT(*) as remaining_indexes
    FROM duckdb_indexes()
    WHERE schema_name = 'main_silver'
      AND table_name = 'stg_filing_periods'
  
[0m13:55:58.561268 [debug] [Thread-3 (]: SQL status: OK in 0.000 seconds
[0m13:55:58.564340 [debug] [Thread-3 (]: Using duckdb connection "model.sec_edgar.stg_filing_periods"
[0m13:55:58.564916 [debug] [Thread-3 (]: On model.sec_edgar.stg_filing_periods: /* {"app": "dbt", "dbt_version": "1.11.8", "profile_name": "sec_edgar", "target_name": "dev", "node_id": "model.sec_edgar.stg_filing_periods"} */
alter table "edgar"."main_silver"."stg_filing_periods" rename to "stg_filing_periods__dbt_backup"
[0m13:55:58.565737 [debug] [Thread-3 (]: SQL status: OK in 0.000 seconds
[0m13:55:58.568478 [debug] [Thread-3 (]: Using duckdb connection "model.sec_edgar.stg_filing_periods"
[0m13:55:58.568968 [debug] [Thread-3 (]: On model.sec_edgar.stg_filing_periods: /* {"app": "dbt", "dbt_version": "1.11.8", "profile_name": "sec_edgar", "target_name": "dev", "node_id": "model.sec_edgar.stg_filing_periods"} */
alter table "edgar"."main_silver"."stg_filing_periods__dbt_tmp" rename to "stg_filing_periods"
[0m13:55:58.570013 [debug] [Thread-3 (]: SQL status: OK in 0.000 seconds
[0m13:55:58.571484 [debug] [Thread-3 (]: On model.sec_edgar.stg_filing_periods: COMMIT
[0m13:55:58.571850 [debug] [Thread-3 (]: Using duckdb connection "model.sec_edgar.stg_filing_periods"
[0m13:55:58.572167 [debug] [Thread-3 (]: On model.sec_edgar.stg_filing_periods: COMMIT
[0m13:55:58.574082 [debug] [Thread-3 (]: SQL status: OK in 0.002 seconds
[0m13:55:58.576455 [debug] [Thread-3 (]: Using duckdb connection "model.sec_edgar.stg_filing_periods"
[0m13:55:58.576837 [debug] [Thread-3 (]: On model.sec_edgar.stg_filing_periods: /* {"app": "dbt", "dbt_version": "1.11.8", "profile_name": "sec_edgar", "target_name": "dev", "node_id": "model.sec_edgar.stg_filing_periods"} */

      drop table if exists "edgar"."main_silver"."stg_filing_periods__dbt_backup" cascade
    
[0m13:55:58.578002 [debug] [Thread-3 (]: SQL status: OK in 0.001 seconds
[0m13:55:58.579195 [debug] [Thread-3 (]: On model.sec_edgar.stg_filing_periods: Close
[0m13:55:58.579936 [debug] [Thread-3 (]: Sending event: {'category': 'dbt', 'action': 'run_model', 'label': '61c2f0cb-778d-4637-8b3f-acb07324d42c', 'context': [<snowplow_tracker.self_describing_json.SelfDescribingJson object at 0x000001A557C85DB0>]}
[0m13:55:58.580524 [info ] [Thread-3 (]: 3 of 3 OK created sql table model main_silver.stg_filing_periods ............... [[32mOK[0m in 0.04s]
[0m13:55:58.581214 [debug] [Thread-3 (]: Finished running node model.sec_edgar.stg_filing_periods
[0m13:55:58.582598 [debug] [MainThread]: Using duckdb connection "master"
[0m13:55:58.582913 [debug] [MainThread]: On master: BEGIN
[0m13:55:58.583157 [debug] [MainThread]: Opening a new connection, currently in state closed
[0m13:55:58.583746 [debug] [MainThread]: SQL status: OK in 0.001 seconds
[0m13:55:58.584102 [debug] [MainThread]: On master: COMMIT
[0m13:55:58.584426 [debug] [MainThread]: Using duckdb connection "master"
[0m13:55:58.584686 [debug] [MainThread]: On master: COMMIT
[0m13:55:58.585116 [debug] [MainThread]: SQL status: OK in 0.000 seconds
[0m13:55:58.585418 [debug] [MainThread]: On master: Close
[0m13:55:58.585839 [debug] [MainThread]: Connection 'master' was properly closed.
[0m13:55:58.586107 [debug] [MainThread]: Connection 'create_edgar_main_silver' was properly closed.
[0m13:55:58.586337 [debug] [MainThread]: Connection 'list_edgar_main_seeds' was properly closed.
[0m13:55:58.586549 [debug] [MainThread]: Connection 'list_edgar_main_bronze' was properly closed.
[0m13:55:58.586758 [debug] [MainThread]: Connection 'list_edgar_main_silver' was properly closed.
[0m13:55:58.586968 [debug] [MainThread]: Connection 'list_edgar_main_gold' was properly closed.
[0m13:55:58.587181 [debug] [MainThread]: Connection 'model.sec_edgar.stg_companies' was properly closed.
[0m13:55:58.587401 [debug] [MainThread]: Connection 'model.sec_edgar.stg_financials' was properly closed.
[0m13:55:58.587599 [debug] [MainThread]: Connection 'model.sec_edgar.stg_filing_periods' was properly closed.
[0m13:55:58.587959 [info ] [MainThread]: 
[0m13:55:58.588451 [info ] [MainThread]: Finished running 3 table models in 0 hours 0 minutes and 3.17 seconds (3.17s).
[0m13:55:58.589628 [debug] [MainThread]: Command end result
[0m13:55:58.620335 [debug] [MainThread]: Wrote artifact WritableManifest to C:\Krish\Project\sec-edgar-pipeline\dbt\target\manifest.json
[0m13:55:58.623222 [debug] [MainThread]: Wrote artifact SemanticManifest to C:\Krish\Project\sec-edgar-pipeline\dbt\target\semantic_manifest.json
[0m13:55:58.628533 [debug] [MainThread]: Wrote artifact RunExecutionResult to C:\Krish\Project\sec-edgar-pipeline\dbt\target\run_results.json
[0m13:55:58.628886 [info ] [MainThread]: 
[0m13:55:58.629392 [info ] [MainThread]: [32mCompleted successfully[0m
[0m13:55:58.629919 [info ] [MainThread]: 
[0m13:55:58.630323 [info ] [MainThread]: Done. PASS=3 WARN=0 ERROR=0 SKIP=0 NO-OP=0 TOTAL=3
[0m13:55:58.631107 [debug] [MainThread]: Command `dbt run` succeeded at 13:55:58.630987 after 5.04 seconds
[0m13:55:58.631440 [debug] [MainThread]: Sending event: {'category': 'dbt', 'action': 'invocation', 'label': 'end', 'context': [<snowplow_tracker.self_describing_json.SelfDescribingJson object at 0x000001A556462AD0>, <snowplow_tracker.self_describing_json.SelfDescribingJson object at 0x000001A553E97150>, <snowplow_tracker.self_describing_json.SelfDescribingJson object at 0x000001A555C56F90>]}
[0m13:55:58.631741 [debug] [MainThread]: Flushing usage events
[0m13:55:59.039641 [debug] [MainThread]: An error was encountered while trying to flush usage events
[0m13:56:04.454124 [debug] [MainThread]: Sending event: {'category': 'dbt', 'action': 'invocation', 'label': 'start', 'context': [<snowplow_tracker.self_describing_json.SelfDescribingJson object at 0x000002106C847770>, <snowplow_tracker.self_describing_json.SelfDescribingJson object at 0x00000210696AB610>, <snowplow_tracker.self_describing_json.SelfDescribingJson object at 0x000002106EAEBC50>]}


============================== 13:56:04.458028 | 93105b5c-0da9-4628-b2a4-2bd131e02589 ==============================
[0m13:56:04.458028 [info ] [MainThread]: Running with dbt=1.11.8
[0m13:56:04.458611 [debug] [MainThread]: running dbt with arguments {'target_path': 'None', 'invocation_command': 'dbt test --select silver --no-partial-parse', 'no_print': 'None', 'printer_width': '80', 'warn_error_options': 'WarnErrorOptionsV2(error=[], warn=[], silence=[])', 'indirect_selection': 'eager', 'send_anonymous_usage_stats': 'True', 'empty': 'None', 'log_path': 'C:\\Krish\\Project\\sec-edgar-pipeline\\dbt\\logs', 'warn_error': 'None', 'version_check': 'True', 'quiet': 'False', 'log_cache_events': 'False', 'use_experimental_parser': 'False', 'cache_selected_only': 'False', 'debug': 'False', 'use_colors': 'True', 'write_json': 'True', 'static_parser': 'True', 'fail_fast': 'False', 'partial_parse': 'False', 'profiles_dir': 'C:\\Krish\\Project\\sec-edgar-pipeline\\dbt', 'log_format': 'default', 'introspect': 'True'}
[0m13:56:04.671172 [debug] [MainThread]: Sending event: {'category': 'dbt', 'action': 'project_id', 'label': '93105b5c-0da9-4628-b2a4-2bd131e02589', 'context': [<snowplow_tracker.self_describing_json.SelfDescribingJson object at 0x000002106CDD4510>]}
[0m13:56:04.718529 [debug] [MainThread]: Sending event: {'category': 'dbt', 'action': 'adapter_info', 'label': '93105b5c-0da9-4628-b2a4-2bd131e02589', 'context': [<snowplow_tracker.self_describing_json.SelfDescribingJson object at 0x000002106EC6CF30>]}
[0m13:56:04.720681 [info ] [MainThread]: Registered adapter: duckdb=1.10.1
[0m13:56:04.881363 [debug] [MainThread]: checksum: 7d524ac048c2100769df89d592e662e060a73ca564e31bd9c2a37efdfe8d8ab6, vars: {}, profile: , target: , version: 1.11.8
[0m13:56:04.882502 [debug] [MainThread]: Partial parsing not enabled
[0m13:56:06.037807 [debug] [MainThread]: Sending event: {'category': 'dbt', 'action': 'load_project', 'label': '93105b5c-0da9-4628-b2a4-2bd131e02589', 'context': [<snowplow_tracker.self_describing_json.SelfDescribingJson object at 0x000002106F216150>]}
[0m13:56:06.112978 [debug] [MainThread]: Wrote artifact WritableManifest to C:\Krish\Project\sec-edgar-pipeline\dbt\target\manifest.json
[0m13:56:06.115560 [debug] [MainThread]: Wrote artifact SemanticManifest to C:\Krish\Project\sec-edgar-pipeline\dbt\target\semantic_manifest.json
[0m13:56:06.132315 [debug] [MainThread]: Sending event: {'category': 'dbt', 'action': 'resource_counts', 'label': '93105b5c-0da9-4628-b2a4-2bd131e02589', 'context': [<snowplow_tracker.self_describing_json.SelfDescribingJson object at 0x00000210707734D0>]}
[0m13:56:06.132697 [info ] [MainThread]: Found 10 models, 28 data tests, 1 seed, 477 macros
[0m13:56:06.133155 [debug] [MainThread]: Sending event: {'category': 'dbt', 'action': 'runnable_timing', 'label': '93105b5c-0da9-4628-b2a4-2bd131e02589', 'context': [<snowplow_tracker.self_describing_json.SelfDescribingJson object at 0x000002106F6F4910>]}
[0m13:56:06.134710 [info ] [MainThread]: 
[0m13:56:06.135312 [info ] [MainThread]: Concurrency: 4 threads (target='dev')
[0m13:56:06.135654 [info ] [MainThread]: 
[0m13:56:06.136027 [debug] [MainThread]: Acquiring new duckdb connection 'master'
[0m13:56:06.139799 [debug] [ThreadPool]: Acquiring new duckdb connection 'list_edgar_main_silver'
[0m13:56:06.141748 [debug] [ThreadPool]: Acquiring new duckdb connection 'list_edgar_main_bronze'
[0m13:56:06.149120 [debug] [ThreadPool]: Acquiring new duckdb connection 'list_edgar_main_gold'
[0m13:56:06.151106 [debug] [ThreadPool]: Acquiring new duckdb connection 'list_edgar_main_seeds'
[0m13:56:06.280271 [debug] [ThreadPool]: Using duckdb connection "list_edgar_main_silver"
[0m13:56:06.280707 [debug] [ThreadPool]: Using duckdb connection "list_edgar_main_bronze"
[0m13:56:06.281044 [debug] [ThreadPool]: On list_edgar_main_silver: BEGIN
[0m13:56:06.281331 [debug] [ThreadPool]: Using duckdb connection "list_edgar_main_gold"
[0m13:56:06.281665 [debug] [ThreadPool]: Using duckdb connection "list_edgar_main_seeds"
[0m13:56:06.281939 [debug] [ThreadPool]: On list_edgar_main_bronze: BEGIN
[0m13:56:06.282195 [debug] [ThreadPool]: Opening a new connection, currently in state init
[0m13:56:06.282455 [debug] [ThreadPool]: On list_edgar_main_gold: BEGIN
[0m13:56:06.282700 [debug] [ThreadPool]: On list_edgar_main_seeds: BEGIN
[0m13:56:06.282924 [debug] [ThreadPool]: Opening a new connection, currently in state init
[0m13:56:06.283454 [debug] [ThreadPool]: Opening a new connection, currently in state init
[0m13:56:06.283761 [debug] [ThreadPool]: Opening a new connection, currently in state init
[0m13:56:06.305721 [debug] [ThreadPool]: SQL status: OK in 0.023 seconds
[0m13:56:06.306110 [debug] [ThreadPool]: Using duckdb connection "list_edgar_main_silver"
[0m13:56:06.306396 [debug] [ThreadPool]: SQL status: OK in 0.023 seconds
[0m13:56:06.306749 [debug] [ThreadPool]: SQL status: OK in 0.023 seconds
[0m13:56:06.307030 [debug] [ThreadPool]: On list_edgar_main_silver: /* {"app": "dbt", "dbt_version": "1.11.8", "profile_name": "sec_edgar", "target_name": "dev", "connection_name": "list_edgar_main_silver"} */
select
      'edgar' as database,
      table_name as name,
      table_schema as schema,
      CASE table_type
        WHEN 'BASE TABLE' THEN 'table'
        WHEN 'VIEW' THEN 'view'
        WHEN 'LOCAL TEMPORARY' THEN 'table'
        END as type
    from system.information_schema.tables
    where lower(table_schema) = 'main_silver'
    and lower(table_catalog) = 'edgar'
  
[0m13:56:06.307312 [debug] [ThreadPool]: Using duckdb connection "list_edgar_main_gold"
[0m13:56:06.307523 [debug] [ThreadPool]: SQL status: OK in 0.025 seconds
[0m13:56:06.307764 [debug] [ThreadPool]: Using duckdb connection "list_edgar_main_seeds"
[0m13:56:06.308134 [debug] [ThreadPool]: On list_edgar_main_gold: /* {"app": "dbt", "dbt_version": "1.11.8", "profile_name": "sec_edgar", "target_name": "dev", "connection_name": "list_edgar_main_gold"} */
select
      'edgar' as database,
      table_name as name,
      table_schema as schema,
      CASE table_type
        WHEN 'BASE TABLE' THEN 'table'
        WHEN 'VIEW' THEN 'view'
        WHEN 'LOCAL TEMPORARY' THEN 'table'
        END as type
    from system.information_schema.tables
    where lower(table_schema) = 'main_gold'
    and lower(table_catalog) = 'edgar'
  
[0m13:56:06.308487 [debug] [ThreadPool]: Using duckdb connection "list_edgar_main_bronze"
[0m13:56:06.308758 [debug] [ThreadPool]: On list_edgar_main_seeds: /* {"app": "dbt", "dbt_version": "1.11.8", "profile_name": "sec_edgar", "target_name": "dev", "connection_name": "list_edgar_main_seeds"} */
select
      'edgar' as database,
      table_name as name,
      table_schema as schema,
      CASE table_type
        WHEN 'BASE TABLE' THEN 'table'
        WHEN 'VIEW' THEN 'view'
        WHEN 'LOCAL TEMPORARY' THEN 'table'
        END as type
    from system.information_schema.tables
    where lower(table_schema) = 'main_seeds'
    and lower(table_catalog) = 'edgar'
  
[0m13:56:06.309163 [debug] [ThreadPool]: On list_edgar_main_bronze: /* {"app": "dbt", "dbt_version": "1.11.8", "profile_name": "sec_edgar", "target_name": "dev", "connection_name": "list_edgar_main_bronze"} */
select
      'edgar' as database,
      table_name as name,
      table_schema as schema,
      CASE table_type
        WHEN 'BASE TABLE' THEN 'table'
        WHEN 'VIEW' THEN 'view'
        WHEN 'LOCAL TEMPORARY' THEN 'table'
        END as type
    from system.information_schema.tables
    where lower(table_schema) = 'main_bronze'
    and lower(table_catalog) = 'edgar'
  
[0m13:56:06.310748 [debug] [ThreadPool]: SQL status: OK in 0.002 seconds
[0m13:56:06.311715 [debug] [ThreadPool]: On list_edgar_main_gold: ROLLBACK
[0m13:56:06.312118 [debug] [ThreadPool]: SQL status: OK in 0.003 seconds
[0m13:56:06.312457 [debug] [ThreadPool]: SQL status: OK in 0.003 seconds
[0m13:56:06.312792 [debug] [ThreadPool]: SQL status: OK in 0.005 seconds
[0m13:56:06.313829 [debug] [ThreadPool]: On list_edgar_main_bronze: ROLLBACK
[0m13:56:06.314859 [debug] [ThreadPool]: On list_edgar_main_silver: ROLLBACK
[0m13:56:06.315633 [debug] [ThreadPool]: Failed to rollback 'list_edgar_main_gold'
[0m13:56:06.315895 [debug] [ThreadPool]: On list_edgar_main_gold: Close
[0m13:56:06.316720 [debug] [ThreadPool]: On list_edgar_main_seeds: ROLLBACK
[0m13:56:06.317452 [debug] [ThreadPool]: Failed to rollback 'list_edgar_main_bronze'
[0m13:56:06.318053 [debug] [ThreadPool]: Failed to rollback 'list_edgar_main_seeds'
[0m13:56:06.318511 [debug] [ThreadPool]: On list_edgar_main_bronze: Close
[0m13:56:06.318930 [debug] [ThreadPool]: Failed to rollback 'list_edgar_main_silver'
[0m13:56:06.319255 [debug] [ThreadPool]: On list_edgar_main_seeds: Close
[0m13:56:06.319590 [debug] [ThreadPool]: On list_edgar_main_silver: Close
[0m13:56:06.321458 [debug] [MainThread]: Sending event: {'category': 'dbt', 'action': 'runnable_timing', 'label': '93105b5c-0da9-4628-b2a4-2bd131e02589', 'context': [<snowplow_tracker.self_describing_json.SelfDescribingJson object at 0x0000021070867040>]}
[0m13:56:06.321825 [debug] [MainThread]: Using duckdb connection "master"
[0m13:56:06.322049 [debug] [MainThread]: On master: BEGIN
[0m13:56:06.322248 [debug] [MainThread]: Opening a new connection, currently in state init
[0m13:56:06.322682 [debug] [MainThread]: SQL status: OK in 0.000 seconds
[0m13:56:06.322912 [debug] [MainThread]: On master: COMMIT
[0m13:56:06.323124 [debug] [MainThread]: Using duckdb connection "master"
[0m13:56:06.323322 [debug] [MainThread]: On master: COMMIT
[0m13:56:06.323692 [debug] [MainThread]: SQL status: OK in 0.000 seconds
[0m13:56:06.323949 [debug] [MainThread]: On master: Close
[0m13:56:06.327046 [debug] [Thread-2 (]: Began running node test.sec_edgar.accepted_values_stg_financials_value_type__instant__duration.119a99947c
[0m13:56:06.327711 [debug] [Thread-4 (]: Began running node test.sec_edgar.not_null_stg_companies_company_name.3ec65d90b5
[0m13:56:06.328050 [debug] [Thread-3 (]: Began running node test.sec_edgar.not_null_stg_companies_cik.a4f4343324
[0m13:56:06.327426 [info ] [Thread-2 (]: 2 of 17 START test accepted_values_stg_financials_value_type__instant__duration  [RUN]
[0m13:56:06.328505 [debug] [Thread-1 (]: Began running node test.sec_edgar.accepted_values_stg_financials_form_type__10_K__10_Q__10_K_A__10_Q_A__20_F__40_F__10_K405__10_KSB__10_KSB_A__10_QSB__10_KT.6fd6731a6e
[0m13:56:06.328876 [info ] [Thread-4 (]: 4 of 17 START test not_null_stg_companies_company_name ......................... [RUN]
[0m13:56:06.329746 [debug] [Thread-2 (]: Acquiring new duckdb connection 'test.sec_edgar.accepted_values_stg_financials_value_type__instant__duration.119a99947c'
[0m13:56:06.329198 [info ] [Thread-3 (]: 3 of 17 START test not_null_stg_companies_cik .................................. [RUN]
[0m13:56:06.330556 [debug] [Thread-4 (]: Acquiring new duckdb connection 'test.sec_edgar.not_null_stg_companies_company_name.3ec65d90b5'
[0m13:56:06.330919 [debug] [Thread-2 (]: Began compiling node test.sec_edgar.accepted_values_stg_financials_value_type__instant__duration.119a99947c
[0m13:56:06.330123 [info ] [Thread-1 (]: 1 of 17 START test accepted_values_stg_financials_form_type__10_K__10_Q__10_K_A__10_Q_A__20_F__40_F__10_K405__10_KSB__10_KSB_A__10_QSB__10_KT  [RUN]
[0m13:56:06.331343 [debug] [Thread-3 (]: Acquiring new duckdb connection 'test.sec_edgar.not_null_stg_companies_cik.a4f4343324'
[0m13:56:06.331662 [debug] [Thread-4 (]: Began compiling node test.sec_edgar.not_null_stg_companies_company_name.3ec65d90b5
[0m13:56:06.338164 [debug] [Thread-2 (]: Writing injected SQL for node "test.sec_edgar.accepted_values_stg_financials_value_type__instant__duration.119a99947c"
[0m13:56:06.338816 [debug] [Thread-1 (]: Acquiring new duckdb connection 'test.sec_edgar.accepted_values_stg_financials_form_type__10_K__10_Q__10_K_A__10_Q_A__20_F__40_F__10_K405__10_KSB__10_KSB_A__10_QSB__10_KT.6fd6731a6e'
[0m13:56:06.339218 [debug] [Thread-3 (]: Began compiling node test.sec_edgar.not_null_stg_companies_cik.a4f4343324
[0m13:56:06.345165 [debug] [Thread-4 (]: Writing injected SQL for node "test.sec_edgar.not_null_stg_companies_company_name.3ec65d90b5"
[0m13:56:06.345726 [debug] [Thread-1 (]: Began compiling node test.sec_edgar.accepted_values_stg_financials_form_type__10_K__10_Q__10_K_A__10_Q_A__20_F__40_F__10_K405__10_KSB__10_KSB_A__10_QSB__10_KT.6fd6731a6e
[0m13:56:06.348624 [debug] [Thread-3 (]: Writing injected SQL for node "test.sec_edgar.not_null_stg_companies_cik.a4f4343324"
[0m13:56:06.351964 [debug] [Thread-1 (]: Writing injected SQL for node "test.sec_edgar.accepted_values_stg_financials_form_type__10_K__10_Q__10_K_A__10_Q_A__20_F__40_F__10_K405__10_KSB__10_KSB_A__10_QSB__10_KT.6fd6731a6e"
[0m13:56:06.352541 [debug] [Thread-2 (]: Began executing node test.sec_edgar.accepted_values_stg_financials_value_type__instant__duration.119a99947c
[0m13:56:06.367580 [debug] [Thread-2 (]: Writing runtime sql for node "test.sec_edgar.accepted_values_stg_financials_value_type__instant__duration.119a99947c"
[0m13:56:06.368003 [debug] [Thread-4 (]: Began executing node test.sec_edgar.not_null_stg_companies_company_name.3ec65d90b5
[0m13:56:06.369996 [debug] [Thread-4 (]: Writing runtime sql for node "test.sec_edgar.not_null_stg_companies_company_name.3ec65d90b5"
[0m13:56:06.370456 [debug] [Thread-1 (]: Began executing node test.sec_edgar.accepted_values_stg_financials_form_type__10_K__10_Q__10_K_A__10_Q_A__20_F__40_F__10_K405__10_KSB__10_KSB_A__10_QSB__10_KT.6fd6731a6e
[0m13:56:06.370783 [debug] [Thread-3 (]: Began executing node test.sec_edgar.not_null_stg_companies_cik.a4f4343324
[0m13:56:06.372227 [debug] [Thread-1 (]: Writing runtime sql for node "test.sec_edgar.accepted_values_stg_financials_form_type__10_K__10_Q__10_K_A__10_Q_A__20_F__40_F__10_K405__10_KSB__10_KSB_A__10_QSB__10_KT.6fd6731a6e"
[0m13:56:06.373681 [debug] [Thread-3 (]: Writing runtime sql for node "test.sec_edgar.not_null_stg_companies_cik.a4f4343324"
[0m13:56:06.374067 [debug] [Thread-4 (]: Using duckdb connection "test.sec_edgar.not_null_stg_companies_company_name.3ec65d90b5"
[0m13:56:06.374640 [debug] [Thread-2 (]: Using duckdb connection "test.sec_edgar.accepted_values_stg_financials_value_type__instant__duration.119a99947c"
[0m13:56:06.374975 [debug] [Thread-4 (]: On test.sec_edgar.not_null_stg_companies_company_name.3ec65d90b5: BEGIN
[0m13:56:06.375360 [debug] [Thread-2 (]: On test.sec_edgar.accepted_values_stg_financials_value_type__instant__duration.119a99947c: BEGIN
[0m13:56:06.375804 [debug] [Thread-1 (]: Using duckdb connection "test.sec_edgar.accepted_values_stg_financials_form_type__10_K__10_Q__10_K_A__10_Q_A__20_F__40_F__10_K405__10_KSB__10_KSB_A__10_QSB__10_KT.6fd6731a6e"
[0m13:56:06.376153 [debug] [Thread-4 (]: Opening a new connection, currently in state init
[0m13:56:06.376534 [debug] [Thread-3 (]: Using duckdb connection "test.sec_edgar.not_null_stg_companies_cik.a4f4343324"
[0m13:56:06.376860 [debug] [Thread-2 (]: Opening a new connection, currently in state init
[0m13:56:06.377209 [debug] [Thread-1 (]: On test.sec_edgar.accepted_values_stg_financials_form_type__10_K__10_Q__10_K_A__10_Q_A__20_F__40_F__10_K405__10_KSB__10_KSB_A__10_QSB__10_KT.6fd6731a6e: BEGIN
[0m13:56:06.377922 [debug] [Thread-3 (]: On test.sec_edgar.not_null_stg_companies_cik.a4f4343324: BEGIN
[0m13:56:06.378331 [debug] [Thread-4 (]: SQL status: OK in 0.002 seconds
[0m13:56:06.378632 [debug] [Thread-1 (]: Opening a new connection, currently in state init
[0m13:56:06.378960 [debug] [Thread-2 (]: SQL status: OK in 0.002 seconds
[0m13:56:06.379263 [debug] [Thread-3 (]: Opening a new connection, currently in state init
[0m13:56:06.379581 [debug] [Thread-4 (]: Using duckdb connection "test.sec_edgar.not_null_stg_companies_company_name.3ec65d90b5"
[0m13:56:06.380110 [debug] [Thread-2 (]: Using duckdb connection "test.sec_edgar.accepted_values_stg_financials_value_type__instant__duration.119a99947c"
[0m13:56:06.380426 [debug] [Thread-1 (]: SQL status: OK in 0.002 seconds
[0m13:56:06.380894 [debug] [Thread-4 (]: On test.sec_edgar.not_null_stg_companies_company_name.3ec65d90b5: /* {"app": "dbt", "dbt_version": "1.11.8", "profile_name": "sec_edgar", "target_name": "dev", "node_id": "test.sec_edgar.not_null_stg_companies_company_name.3ec65d90b5"} */

    
    select
      count(*) as failures,
      count(*) != 0 as should_warn,
      count(*) != 0 as should_error
    from (
      
    
  
    
    



select company_name
from "edgar"."main_silver"."stg_companies"
where company_name is null



  
  
      
    ) dbt_internal_test
[0m13:56:06.381208 [debug] [Thread-3 (]: SQL status: OK in 0.002 seconds
[0m13:56:06.381516 [debug] [Thread-2 (]: On test.sec_edgar.accepted_values_stg_financials_value_type__instant__duration.119a99947c: /* {"app": "dbt", "dbt_version": "1.11.8", "profile_name": "sec_edgar", "target_name": "dev", "node_id": "test.sec_edgar.accepted_values_stg_financials_value_type__instant__duration.119a99947c"} */

    
    select
      count(*) as failures,
      count(*) != 0 as should_warn,
      count(*) != 0 as should_error
    from (
      
    
  
    
    

with all_values as (

    select
        value_type as value_field,
        count(*) as n_records

    from "edgar"."main_silver"."stg_financials"
    group by value_type

)

select *
from all_values
where value_field not in (
    'instant','duration'
)



  
  
      
    ) dbt_internal_test
[0m13:56:06.381864 [debug] [Thread-1 (]: Using duckdb connection "test.sec_edgar.accepted_values_stg_financials_form_type__10_K__10_Q__10_K_A__10_Q_A__20_F__40_F__10_K405__10_KSB__10_KSB_A__10_QSB__10_KT.6fd6731a6e"
[0m13:56:06.382283 [debug] [Thread-3 (]: Using duckdb connection "test.sec_edgar.not_null_stg_companies_cik.a4f4343324"
[0m13:56:06.382741 [debug] [Thread-4 (]: SQL status: OK in 0.001 seconds
[0m13:56:06.383058 [debug] [Thread-1 (]: On test.sec_edgar.accepted_values_stg_financials_form_type__10_K__10_Q__10_K_A__10_Q_A__20_F__40_F__10_K405__10_KSB__10_KSB_A__10_QSB__10_KT.6fd6731a6e: /* {"app": "dbt", "dbt_version": "1.11.8", "profile_name": "sec_edgar", "target_name": "dev", "node_id": "test.sec_edgar.accepted_values_stg_financials_form_type__10_K__10_Q__10_K_A__10_Q_A__20_F__40_F__10_K405__10_KSB__10_KSB_A__10_QSB__10_KT.6fd6731a6e"} */

    
    select
      count(*) as failures,
      count(*) != 0 as should_warn,
      count(*) != 0 as should_error
    from (
      
    
  
    
    

with all_values as (

    select
        form_type as value_field,
        count(*) as n_records

    from "edgar"."main_silver"."stg_financials"
    group by form_type

)

select *
from all_values
where value_field not in (
    '10-K','10-Q','10-K/A','10-Q/A','20-F','40-F','10-K405','10-KSB','10-KSB/A','10-QSB','10-KT'
)



  
  
      
    ) dbt_internal_test
[0m13:56:06.383389 [debug] [Thread-3 (]: On test.sec_edgar.not_null_stg_companies_cik.a4f4343324: /* {"app": "dbt", "dbt_version": "1.11.8", "profile_name": "sec_edgar", "target_name": "dev", "node_id": "test.sec_edgar.not_null_stg_companies_cik.a4f4343324"} */

    
    select
      count(*) as failures,
      count(*) != 0 as should_warn,
      count(*) != 0 as should_error
    from (
      
    
  
    
    



select cik
from "edgar"."main_silver"."stg_companies"
where cik is null



  
  
      
    ) dbt_internal_test
[0m13:56:06.383824 [debug] [Thread-2 (]: SQL status: OK in 0.001 seconds
[0m13:56:06.386681 [debug] [Thread-4 (]: On test.sec_edgar.not_null_stg_companies_company_name.3ec65d90b5: ROLLBACK
[0m13:56:06.388772 [debug] [Thread-2 (]: On test.sec_edgar.accepted_values_stg_financials_value_type__instant__duration.119a99947c: ROLLBACK
[0m13:56:06.389213 [debug] [Thread-3 (]: SQL status: OK in 0.001 seconds
[0m13:56:06.389848 [debug] [Thread-4 (]: Failed to rollback 'test.sec_edgar.not_null_stg_companies_company_name.3ec65d90b5'
[0m13:56:06.390379 [debug] [Thread-2 (]: Failed to rollback 'test.sec_edgar.accepted_values_stg_financials_value_type__instant__duration.119a99947c'
[0m13:56:06.390706 [debug] [Thread-1 (]: SQL status: OK in 0.003 seconds
[0m13:56:06.391643 [debug] [Thread-3 (]: On test.sec_edgar.not_null_stg_companies_cik.a4f4343324: ROLLBACK
[0m13:56:06.392005 [debug] [Thread-4 (]: On test.sec_edgar.not_null_stg_companies_company_name.3ec65d90b5: Close
[0m13:56:06.392331 [debug] [Thread-2 (]: On test.sec_edgar.accepted_values_stg_financials_value_type__instant__duration.119a99947c: Close
[0m13:56:06.393299 [debug] [Thread-1 (]: On test.sec_edgar.accepted_values_stg_financials_form_type__10_K__10_Q__10_K_A__10_Q_A__20_F__40_F__10_K405__10_KSB__10_KSB_A__10_QSB__10_KT.6fd6731a6e: ROLLBACK
[0m13:56:06.393732 [debug] [Thread-3 (]: Failed to rollback 'test.sec_edgar.not_null_stg_companies_cik.a4f4343324'
[0m13:56:06.394253 [info ] [Thread-4 (]: 4 of 17 PASS not_null_stg_companies_company_name ............................... [[32mPASS[0m in 0.06s]
[0m13:56:06.395338 [debug] [Thread-1 (]: Failed to rollback 'test.sec_edgar.accepted_values_stg_financials_form_type__10_K__10_Q__10_K_A__10_Q_A__20_F__40_F__10_K405__10_KSB__10_KSB_A__10_QSB__10_KT.6fd6731a6e'
[0m13:56:06.394709 [info ] [Thread-2 (]: 2 of 17 PASS accepted_values_stg_financials_value_type__instant__duration ...... [[32mPASS[0m in 0.07s]
[0m13:56:06.395798 [debug] [Thread-3 (]: On test.sec_edgar.not_null_stg_companies_cik.a4f4343324: Close
[0m13:56:06.396316 [debug] [Thread-4 (]: Finished running node test.sec_edgar.not_null_stg_companies_company_name.3ec65d90b5
[0m13:56:06.396625 [debug] [Thread-1 (]: On test.sec_edgar.accepted_values_stg_financials_form_type__10_K__10_Q__10_K_A__10_Q_A__20_F__40_F__10_K405__10_KSB__10_KSB_A__10_QSB__10_KT.6fd6731a6e: Close
[0m13:56:06.397091 [debug] [Thread-2 (]: Finished running node test.sec_edgar.accepted_values_stg_financials_value_type__instant__duration.119a99947c
[0m13:56:06.398077 [debug] [Thread-4 (]: Began running node test.sec_edgar.not_null_stg_filing_periods_cik.5d0ac31d80
[0m13:56:06.397580 [info ] [Thread-3 (]: 3 of 17 PASS not_null_stg_companies_cik ........................................ [[32mPASS[0m in 0.07s]
[0m13:56:06.398562 [debug] [Thread-2 (]: Began running node test.sec_edgar.not_null_stg_filing_periods_has_gaps.0b29e58c11
[0m13:56:06.398996 [error] [Thread-1 (]: 1 of 17 FAIL 1 accepted_values_stg_financials_form_type__10_K__10_Q__10_K_A__10_Q_A__20_F__40_F__10_K405__10_KSB__10_KSB_A__10_QSB__10_KT  [[31mFAIL 1[0m in 0.06s]
[0m13:56:06.400059 [debug] [Thread-3 (]: Finished running node test.sec_edgar.not_null_stg_companies_cik.a4f4343324
[0m13:56:06.399457 [info ] [Thread-4 (]: 5 of 17 START test not_null_stg_filing_periods_cik ............................. [RUN]
[0m13:56:06.400876 [debug] [Thread-1 (]: Finished running node test.sec_edgar.accepted_values_stg_financials_form_type__10_K__10_Q__10_K_A__10_Q_A__20_F__40_F__10_K405__10_KSB__10_KSB_A__10_QSB__10_KT.6fd6731a6e
[0m13:56:06.400454 [info ] [Thread-2 (]: 6 of 17 START test not_null_stg_filing_periods_has_gaps ........................ [RUN]
[0m13:56:06.401321 [debug] [Thread-3 (]: Began running node test.sec_edgar.not_null_stg_filing_periods_missing_quarters.39af8604ef
[0m13:56:06.401751 [debug] [Thread-4 (]: Re-using an available connection from the pool (formerly test.sec_edgar.not_null_stg_companies_company_name.3ec65d90b5, now test.sec_edgar.not_null_stg_filing_periods_cik.5d0ac31d80)
[0m13:56:06.402131 [debug] [Thread-1 (]: Began running node test.sec_edgar.not_null_stg_financials_accession_number.6add92839f
[0m13:56:06.402537 [debug] [Thread-2 (]: Re-using an available connection from the pool (formerly test.sec_edgar.accepted_values_stg_financials_value_type__instant__duration.119a99947c, now test.sec_edgar.not_null_stg_filing_periods_has_gaps.0b29e58c11)
[0m13:56:06.403208 [debug] [Thread-4 (]: Began compiling node test.sec_edgar.not_null_stg_filing_periods_cik.5d0ac31d80
[0m13:56:06.402915 [info ] [Thread-3 (]: 7 of 17 START test not_null_stg_filing_periods_missing_quarters ................ [RUN]
[0m13:56:06.403876 [debug] [Thread-2 (]: Began compiling node test.sec_edgar.not_null_stg_filing_periods_has_gaps.0b29e58c11
[0m13:56:06.403609 [info ] [Thread-1 (]: 8 of 17 START test not_null_stg_financials_accession_number .................... [RUN]
[0m13:56:06.406753 [debug] [Thread-4 (]: Writing injected SQL for node "test.sec_edgar.not_null_stg_filing_periods_cik.5d0ac31d80"
[0m13:56:06.407145 [debug] [Thread-3 (]: Re-using an available connection from the pool (formerly test.sec_edgar.not_null_stg_companies_cik.a4f4343324, now test.sec_edgar.not_null_stg_filing_periods_missing_quarters.39af8604ef)
[0m13:56:06.410027 [debug] [Thread-2 (]: Writing injected SQL for node "test.sec_edgar.not_null_stg_filing_periods_has_gaps.0b29e58c11"
[0m13:56:06.410573 [debug] [Thread-1 (]: Re-using an available connection from the pool (formerly test.sec_edgar.accepted_values_stg_financials_form_type__10_K__10_Q__10_K_A__10_Q_A__20_F__40_F__10_K405__10_KSB__10_KSB_A__10_QSB__10_KT.6fd6731a6e, now test.sec_edgar.not_null_stg_financials_accession_number.6add92839f)
[0m13:56:06.410989 [debug] [Thread-3 (]: Began compiling node test.sec_edgar.not_null_stg_filing_periods_missing_quarters.39af8604ef
[0m13:56:06.411435 [debug] [Thread-1 (]: Began compiling node test.sec_edgar.not_null_stg_financials_accession_number.6add92839f
[0m13:56:06.414199 [debug] [Thread-3 (]: Writing injected SQL for node "test.sec_edgar.not_null_stg_filing_periods_missing_quarters.39af8604ef"
[0m13:56:06.414732 [debug] [Thread-4 (]: Began executing node test.sec_edgar.not_null_stg_filing_periods_cik.5d0ac31d80
[0m13:56:06.417318 [debug] [Thread-1 (]: Writing injected SQL for node "test.sec_edgar.not_null_stg_financials_accession_number.6add92839f"
[0m13:56:06.419400 [debug] [Thread-4 (]: Writing runtime sql for node "test.sec_edgar.not_null_stg_filing_periods_cik.5d0ac31d80"
[0m13:56:06.419973 [debug] [Thread-2 (]: Began executing node test.sec_edgar.not_null_stg_filing_periods_has_gaps.0b29e58c11
[0m13:56:06.421627 [debug] [Thread-2 (]: Writing runtime sql for node "test.sec_edgar.not_null_stg_filing_periods_has_gaps.0b29e58c11"
[0m13:56:06.422077 [debug] [Thread-3 (]: Began executing node test.sec_edgar.not_null_stg_filing_periods_missing_quarters.39af8604ef
[0m13:56:06.423533 [debug] [Thread-3 (]: Writing runtime sql for node "test.sec_edgar.not_null_stg_filing_periods_missing_quarters.39af8604ef"
[0m13:56:06.423951 [debug] [Thread-4 (]: Using duckdb connection "test.sec_edgar.not_null_stg_filing_periods_cik.5d0ac31d80"
[0m13:56:06.424283 [debug] [Thread-1 (]: Began executing node test.sec_edgar.not_null_stg_financials_accession_number.6add92839f
[0m13:56:06.424595 [debug] [Thread-4 (]: On test.sec_edgar.not_null_stg_filing_periods_cik.5d0ac31d80: BEGIN
[0m13:56:06.425929 [debug] [Thread-1 (]: Writing runtime sql for node "test.sec_edgar.not_null_stg_financials_accession_number.6add92839f"
[0m13:56:06.426370 [debug] [Thread-2 (]: Using duckdb connection "test.sec_edgar.not_null_stg_filing_periods_has_gaps.0b29e58c11"
[0m13:56:06.426674 [debug] [Thread-4 (]: Opening a new connection, currently in state closed
[0m13:56:06.426993 [debug] [Thread-3 (]: Using duckdb connection "test.sec_edgar.not_null_stg_filing_periods_missing_quarters.39af8604ef"
[0m13:56:06.427373 [debug] [Thread-2 (]: On test.sec_edgar.not_null_stg_filing_periods_has_gaps.0b29e58c11: BEGIN
[0m13:56:06.427912 [debug] [Thread-3 (]: On test.sec_edgar.not_null_stg_filing_periods_missing_quarters.39af8604ef: BEGIN
[0m13:56:06.428230 [debug] [Thread-4 (]: SQL status: OK in 0.002 seconds
[0m13:56:06.428515 [debug] [Thread-2 (]: Opening a new connection, currently in state closed
[0m13:56:06.428839 [debug] [Thread-1 (]: Using duckdb connection "test.sec_edgar.not_null_stg_financials_accession_number.6add92839f"
[0m13:56:06.429184 [debug] [Thread-3 (]: Opening a new connection, currently in state closed
[0m13:56:06.429506 [debug] [Thread-4 (]: Using duckdb connection "test.sec_edgar.not_null_stg_filing_periods_cik.5d0ac31d80"
[0m13:56:06.429982 [debug] [Thread-1 (]: On test.sec_edgar.not_null_stg_financials_accession_number.6add92839f: BEGIN
[0m13:56:06.430422 [debug] [Thread-2 (]: SQL status: OK in 0.002 seconds
[0m13:56:06.430748 [debug] [Thread-4 (]: On test.sec_edgar.not_null_stg_filing_periods_cik.5d0ac31d80: /* {"app": "dbt", "dbt_version": "1.11.8", "profile_name": "sec_edgar", "target_name": "dev", "node_id": "test.sec_edgar.not_null_stg_filing_periods_cik.5d0ac31d80"} */

    
    select
      count(*) as failures,
      count(*) != 0 as should_warn,
      count(*) != 0 as should_error
    from (
      
    
  
    
    



select cik
from "edgar"."main_silver"."stg_filing_periods"
where cik is null



  
  
      
    ) dbt_internal_test
[0m13:56:06.431043 [debug] [Thread-3 (]: SQL status: OK in 0.002 seconds
[0m13:56:06.431305 [debug] [Thread-1 (]: Opening a new connection, currently in state closed
[0m13:56:06.431577 [debug] [Thread-2 (]: Using duckdb connection "test.sec_edgar.not_null_stg_filing_periods_has_gaps.0b29e58c11"
[0m13:56:06.431943 [debug] [Thread-3 (]: Using duckdb connection "test.sec_edgar.not_null_stg_filing_periods_missing_quarters.39af8604ef"
[0m13:56:06.432340 [debug] [Thread-2 (]: On test.sec_edgar.not_null_stg_filing_periods_has_gaps.0b29e58c11: /* {"app": "dbt", "dbt_version": "1.11.8", "profile_name": "sec_edgar", "target_name": "dev", "node_id": "test.sec_edgar.not_null_stg_filing_periods_has_gaps.0b29e58c11"} */

    
    select
      count(*) as failures,
      count(*) != 0 as should_warn,
      count(*) != 0 as should_error
    from (
      
    
  
    
    



select has_gaps
from "edgar"."main_silver"."stg_filing_periods"
where has_gaps is null



  
  
      
    ) dbt_internal_test
[0m13:56:06.432626 [debug] [Thread-4 (]: SQL status: OK in 0.001 seconds
[0m13:56:06.432901 [debug] [Thread-3 (]: On test.sec_edgar.not_null_stg_filing_periods_missing_quarters.39af8604ef: /* {"app": "dbt", "dbt_version": "1.11.8", "profile_name": "sec_edgar", "target_name": "dev", "node_id": "test.sec_edgar.not_null_stg_filing_periods_missing_quarters.39af8604ef"} */

    
    select
      count(*) as failures,
      count(*) != 0 as should_warn,
      count(*) != 0 as should_error
    from (
      
    
  
    
    



select missing_quarters
from "edgar"."main_silver"."stg_filing_periods"
where missing_quarters is null



  
  
      
    ) dbt_internal_test
[0m13:56:06.433288 [debug] [Thread-1 (]: SQL status: OK in 0.002 seconds
[0m13:56:06.434803 [debug] [Thread-4 (]: On test.sec_edgar.not_null_stg_filing_periods_cik.5d0ac31d80: ROLLBACK
[0m13:56:06.435460 [debug] [Thread-1 (]: Using duckdb connection "test.sec_edgar.not_null_stg_financials_accession_number.6add92839f"
[0m13:56:06.435918 [debug] [Thread-3 (]: SQL status: OK in 0.002 seconds
[0m13:56:06.436259 [debug] [Thread-2 (]: SQL status: OK in 0.003 seconds
[0m13:56:06.436645 [debug] [Thread-1 (]: On test.sec_edgar.not_null_stg_financials_accession_number.6add92839f: /* {"app": "dbt", "dbt_version": "1.11.8", "profile_name": "sec_edgar", "target_name": "dev", "node_id": "test.sec_edgar.not_null_stg_financials_accession_number.6add92839f"} */

    
    select
      count(*) as failures,
      count(*) != 0 as should_warn,
      count(*) != 0 as should_error
    from (
      
    
  
    
    



select accession_number
from "edgar"."main_silver"."stg_financials"
where accession_number is null



  
  
      
    ) dbt_internal_test
[0m13:56:06.437079 [debug] [Thread-4 (]: Failed to rollback 'test.sec_edgar.not_null_stg_filing_periods_cik.5d0ac31d80'
[0m13:56:06.438140 [debug] [Thread-3 (]: On test.sec_edgar.not_null_stg_filing_periods_missing_quarters.39af8604ef: ROLLBACK
[0m13:56:06.439077 [debug] [Thread-2 (]: On test.sec_edgar.not_null_stg_filing_periods_has_gaps.0b29e58c11: ROLLBACK
[0m13:56:06.439486 [debug] [Thread-4 (]: On test.sec_edgar.not_null_stg_filing_periods_cik.5d0ac31d80: Close
[0m13:56:06.439966 [debug] [Thread-3 (]: Failed to rollback 'test.sec_edgar.not_null_stg_filing_periods_missing_quarters.39af8604ef'
[0m13:56:06.440360 [debug] [Thread-1 (]: SQL status: OK in 0.001 seconds
[0m13:56:06.440878 [debug] [Thread-2 (]: Failed to rollback 'test.sec_edgar.not_null_stg_filing_periods_has_gaps.0b29e58c11'
[0m13:56:06.441658 [debug] [Thread-3 (]: On test.sec_edgar.not_null_stg_filing_periods_missing_quarters.39af8604ef: Close
[0m13:56:06.441385 [info ] [Thread-4 (]: 5 of 17 PASS not_null_stg_filing_periods_cik ................................... [[32mPASS[0m in 0.04s]
[0m13:56:06.442698 [debug] [Thread-1 (]: On test.sec_edgar.not_null_stg_financials_accession_number.6add92839f: ROLLBACK
[0m13:56:06.442987 [debug] [Thread-2 (]: On test.sec_edgar.not_null_stg_filing_periods_has_gaps.0b29e58c11: Close
[0m13:56:06.444003 [debug] [Thread-4 (]: Finished running node test.sec_edgar.not_null_stg_filing_periods_cik.5d0ac31d80
[0m13:56:06.444514 [debug] [Thread-1 (]: Failed to rollback 'test.sec_edgar.not_null_stg_financials_accession_number.6add92839f'
[0m13:56:06.443519 [info ] [Thread-3 (]: 7 of 17 PASS not_null_stg_filing_periods_missing_quarters ...................... [[32mPASS[0m in 0.04s]
[0m13:56:06.445417 [debug] [Thread-4 (]: Began running node test.sec_edgar.not_null_stg_financials_canonical_concept.e17bcbd71d
[0m13:56:06.445082 [info ] [Thread-2 (]: 6 of 17 PASS not_null_stg_filing_periods_has_gaps .............................. [[32mPASS[0m in 0.04s]
[0m13:56:06.445876 [debug] [Thread-1 (]: On test.sec_edgar.not_null_stg_financials_accession_number.6add92839f: Close
[0m13:56:06.446408 [debug] [Thread-3 (]: Finished running node test.sec_edgar.not_null_stg_filing_periods_missing_quarters.39af8604ef
[0m13:56:06.447170 [debug] [Thread-2 (]: Finished running node test.sec_edgar.not_null_stg_filing_periods_has_gaps.0b29e58c11
[0m13:56:06.446736 [info ] [Thread-4 (]: 9 of 17 START test not_null_stg_financials_canonical_concept ................... [RUN]
[0m13:56:06.447603 [debug] [Thread-3 (]: Began running node test.sec_edgar.not_null_stg_financials_cik.4ca5d0f1eb
[0m13:56:06.448350 [debug] [Thread-2 (]: Began running node test.sec_edgar.not_null_stg_financials_filed_date.118ebbbdd4
[0m13:56:06.448049 [info ] [Thread-1 (]: 8 of 17 PASS not_null_stg_financials_accession_number .......................... [[32mPASS[0m in 0.04s]
[0m13:56:06.448774 [debug] [Thread-4 (]: Re-using an available connection from the pool (formerly test.sec_edgar.not_null_stg_filing_periods_cik.5d0ac31d80, now test.sec_edgar.not_null_stg_financials_canonical_concept.e17bcbd71d)
[0m13:56:06.449131 [info ] [Thread-3 (]: 10 of 17 START test not_null_stg_financials_cik ................................ [RUN]
[0m13:56:06.449887 [debug] [Thread-1 (]: Finished running node test.sec_edgar.not_null_stg_financials_accession_number.6add92839f
[0m13:56:06.449398 [info ] [Thread-2 (]: 11 of 17 START test not_null_stg_financials_filed_date ......................... [RUN]
[0m13:56:06.450308 [debug] [Thread-4 (]: Began compiling node test.sec_edgar.not_null_stg_financials_canonical_concept.e17bcbd71d
[0m13:56:06.450651 [debug] [Thread-3 (]: Re-using an available connection from the pool (formerly test.sec_edgar.not_null_stg_filing_periods_missing_quarters.39af8604ef, now test.sec_edgar.not_null_stg_financials_cik.4ca5d0f1eb)
[0m13:56:06.451056 [debug] [Thread-1 (]: Began running node test.sec_edgar.not_null_stg_financials_form_type.8add921f37
[0m13:56:06.451458 [debug] [Thread-2 (]: Re-using an available connection from the pool (formerly test.sec_edgar.not_null_stg_filing_periods_has_gaps.0b29e58c11, now test.sec_edgar.not_null_stg_financials_filed_date.118ebbbdd4)
[0m13:56:06.454903 [debug] [Thread-4 (]: Writing injected SQL for node "test.sec_edgar.not_null_stg_financials_canonical_concept.e17bcbd71d"
[0m13:56:06.455750 [debug] [Thread-3 (]: Began compiling node test.sec_edgar.not_null_stg_financials_cik.4ca5d0f1eb
[0m13:56:06.458500 [debug] [Thread-2 (]: Began compiling node test.sec_edgar.not_null_stg_financials_filed_date.118ebbbdd4
[0m13:56:06.457571 [info ] [Thread-1 (]: 12 of 17 START test not_null_stg_financials_form_type .......................... [RUN]
[0m13:56:06.463614 [debug] [Thread-3 (]: Writing injected SQL for node "test.sec_edgar.not_null_stg_financials_cik.4ca5d0f1eb"
[0m13:56:06.464254 [debug] [Thread-4 (]: Began executing node test.sec_edgar.not_null_stg_financials_canonical_concept.e17bcbd71d
[0m13:56:06.467794 [debug] [Thread-2 (]: Writing injected SQL for node "test.sec_edgar.not_null_stg_financials_filed_date.118ebbbdd4"
[0m13:56:06.468711 [debug] [Thread-1 (]: Re-using an available connection from the pool (formerly test.sec_edgar.not_null_stg_financials_accession_number.6add92839f, now test.sec_edgar.not_null_stg_financials_form_type.8add921f37)
[0m13:56:06.471105 [debug] [Thread-4 (]: Writing runtime sql for node "test.sec_edgar.not_null_stg_financials_canonical_concept.e17bcbd71d"
[0m13:56:06.471929 [debug] [Thread-1 (]: Began compiling node test.sec_edgar.not_null_stg_financials_form_type.8add921f37
[0m13:56:06.472751 [debug] [Thread-3 (]: Began executing node test.sec_edgar.not_null_stg_financials_cik.4ca5d0f1eb
[0m13:56:06.477453 [debug] [Thread-1 (]: Writing injected SQL for node "test.sec_edgar.not_null_stg_financials_form_type.8add921f37"
[0m13:56:06.478297 [debug] [Thread-2 (]: Began executing node test.sec_edgar.not_null_stg_financials_filed_date.118ebbbdd4
[0m13:56:06.480219 [debug] [Thread-3 (]: Writing runtime sql for node "test.sec_edgar.not_null_stg_financials_cik.4ca5d0f1eb"
[0m13:56:06.481130 [debug] [Thread-4 (]: Using duckdb connection "test.sec_edgar.not_null_stg_financials_canonical_concept.e17bcbd71d"
[0m13:56:06.483578 [debug] [Thread-2 (]: Writing runtime sql for node "test.sec_edgar.not_null_stg_financials_filed_date.118ebbbdd4"
[0m13:56:06.484370 [debug] [Thread-4 (]: On test.sec_edgar.not_null_stg_financials_canonical_concept.e17bcbd71d: BEGIN
[0m13:56:06.484963 [debug] [Thread-1 (]: Began executing node test.sec_edgar.not_null_stg_financials_form_type.8add921f37
[0m13:56:06.485595 [debug] [Thread-4 (]: Opening a new connection, currently in state closed
[0m13:56:06.486321 [debug] [Thread-3 (]: Using duckdb connection "test.sec_edgar.not_null_stg_financials_cik.4ca5d0f1eb"
[0m13:56:06.489402 [debug] [Thread-1 (]: Writing runtime sql for node "test.sec_edgar.not_null_stg_financials_form_type.8add921f37"
[0m13:56:06.490681 [debug] [Thread-3 (]: On test.sec_edgar.not_null_stg_financials_cik.4ca5d0f1eb: BEGIN
[0m13:56:06.491310 [debug] [Thread-4 (]: SQL status: OK in 0.006 seconds
[0m13:56:06.491889 [debug] [Thread-2 (]: Using duckdb connection "test.sec_edgar.not_null_stg_financials_filed_date.118ebbbdd4"
[0m13:56:06.492700 [debug] [Thread-3 (]: Opening a new connection, currently in state closed
[0m13:56:06.493274 [debug] [Thread-4 (]: Using duckdb connection "test.sec_edgar.not_null_stg_financials_canonical_concept.e17bcbd71d"
[0m13:56:06.493805 [debug] [Thread-2 (]: On test.sec_edgar.not_null_stg_financials_filed_date.118ebbbdd4: BEGIN
[0m13:56:06.494776 [debug] [Thread-1 (]: Using duckdb connection "test.sec_edgar.not_null_stg_financials_form_type.8add921f37"
[0m13:56:06.495175 [debug] [Thread-4 (]: On test.sec_edgar.not_null_stg_financials_canonical_concept.e17bcbd71d: /* {"app": "dbt", "dbt_version": "1.11.8", "profile_name": "sec_edgar", "target_name": "dev", "node_id": "test.sec_edgar.not_null_stg_financials_canonical_concept.e17bcbd71d"} */

    
    select
      count(*) as failures,
      count(*) != 0 as should_warn,
      count(*) != 0 as should_error
    from (
      
    
  
    
    



select canonical_concept
from "edgar"."main_silver"."stg_financials"
where canonical_concept is null



  
  
      
    ) dbt_internal_test
[0m13:56:06.495612 [debug] [Thread-3 (]: SQL status: OK in 0.003 seconds
[0m13:56:06.496201 [debug] [Thread-2 (]: Opening a new connection, currently in state closed
[0m13:56:06.496869 [debug] [Thread-1 (]: On test.sec_edgar.not_null_stg_financials_form_type.8add921f37: BEGIN
[0m13:56:06.497843 [debug] [Thread-3 (]: Using duckdb connection "test.sec_edgar.not_null_stg_financials_cik.4ca5d0f1eb"
[0m13:56:06.498676 [debug] [Thread-1 (]: Opening a new connection, currently in state closed
[0m13:56:06.499281 [debug] [Thread-3 (]: On test.sec_edgar.not_null_stg_financials_cik.4ca5d0f1eb: /* {"app": "dbt", "dbt_version": "1.11.8", "profile_name": "sec_edgar", "target_name": "dev", "node_id": "test.sec_edgar.not_null_stg_financials_cik.4ca5d0f1eb"} */

    
    select
      count(*) as failures,
      count(*) != 0 as should_warn,
      count(*) != 0 as should_error
    from (
      
    
  
    
    



select cik
from "edgar"."main_silver"."stg_financials"
where cik is null



  
  
      
    ) dbt_internal_test
[0m13:56:06.499698 [debug] [Thread-4 (]: SQL status: OK in 0.002 seconds
[0m13:56:06.500271 [debug] [Thread-2 (]: SQL status: OK in 0.004 seconds
[0m13:56:06.501486 [debug] [Thread-1 (]: SQL status: OK in 0.003 seconds
[0m13:56:06.502313 [debug] [Thread-3 (]: SQL status: OK in 0.001 seconds
[0m13:56:06.504343 [debug] [Thread-4 (]: On test.sec_edgar.not_null_stg_financials_canonical_concept.e17bcbd71d: ROLLBACK
[0m13:56:06.505039 [debug] [Thread-2 (]: Using duckdb connection "test.sec_edgar.not_null_stg_financials_filed_date.118ebbbdd4"
[0m13:56:06.505629 [debug] [Thread-1 (]: Using duckdb connection "test.sec_edgar.not_null_stg_financials_form_type.8add921f37"
[0m13:56:06.507048 [debug] [Thread-3 (]: On test.sec_edgar.not_null_stg_financials_cik.4ca5d0f1eb: ROLLBACK
[0m13:56:06.507598 [debug] [Thread-2 (]: On test.sec_edgar.not_null_stg_financials_filed_date.118ebbbdd4: /* {"app": "dbt", "dbt_version": "1.11.8", "profile_name": "sec_edgar", "target_name": "dev", "node_id": "test.sec_edgar.not_null_stg_financials_filed_date.118ebbbdd4"} */

    
    select
      count(*) as failures,
      count(*) != 0 as should_warn,
      count(*) != 0 as should_error
    from (
      
    
  
    
    



select filed_date
from "edgar"."main_silver"."stg_financials"
where filed_date is null



  
  
      
    ) dbt_internal_test
[0m13:56:06.508164 [debug] [Thread-4 (]: Failed to rollback 'test.sec_edgar.not_null_stg_financials_canonical_concept.e17bcbd71d'
[0m13:56:06.508708 [debug] [Thread-1 (]: On test.sec_edgar.not_null_stg_financials_form_type.8add921f37: /* {"app": "dbt", "dbt_version": "1.11.8", "profile_name": "sec_edgar", "target_name": "dev", "node_id": "test.sec_edgar.not_null_stg_financials_form_type.8add921f37"} */

    
    select
      count(*) as failures,
      count(*) != 0 as should_warn,
      count(*) != 0 as should_error
    from (
      
    
  
    
    



select form_type
from "edgar"."main_silver"."stg_financials"
where form_type is null



  
  
      
    ) dbt_internal_test
[0m13:56:06.509437 [debug] [Thread-3 (]: Failed to rollback 'test.sec_edgar.not_null_stg_financials_cik.4ca5d0f1eb'
[0m13:56:06.510276 [debug] [Thread-4 (]: On test.sec_edgar.not_null_stg_financials_canonical_concept.e17bcbd71d: Close
[0m13:56:06.510857 [debug] [Thread-3 (]: On test.sec_edgar.not_null_stg_financials_cik.4ca5d0f1eb: Close
[0m13:56:06.511853 [debug] [Thread-2 (]: SQL status: OK in 0.002 seconds
[0m13:56:06.511474 [info ] [Thread-4 (]: 9 of 17 PASS not_null_stg_financials_canonical_concept ......................... [[32mPASS[0m in 0.06s]
[0m13:56:06.512311 [debug] [Thread-1 (]: SQL status: OK in 0.002 seconds
[0m13:56:06.512826 [info ] [Thread-3 (]: 10 of 17 PASS not_null_stg_financials_cik ...................................... [[32mPASS[0m in 0.06s]
[0m13:56:06.514087 [debug] [Thread-2 (]: On test.sec_edgar.not_null_stg_financials_filed_date.118ebbbdd4: ROLLBACK
[0m13:56:06.514668 [debug] [Thread-4 (]: Finished running node test.sec_edgar.not_null_stg_financials_canonical_concept.e17bcbd71d
[0m13:56:06.515217 [debug] [Thread-3 (]: Finished running node test.sec_edgar.not_null_stg_financials_cik.4ca5d0f1eb
[0m13:56:06.516208 [debug] [Thread-1 (]: On test.sec_edgar.not_null_stg_financials_form_type.8add921f37: ROLLBACK
[0m13:56:06.516706 [debug] [Thread-4 (]: Began running node test.sec_edgar.not_null_stg_financials_period_end.dc50fa8d9a
[0m13:56:06.517317 [debug] [Thread-2 (]: Failed to rollback 'test.sec_edgar.not_null_stg_financials_filed_date.118ebbbdd4'
[0m13:56:06.517673 [debug] [Thread-3 (]: Began running node test.sec_edgar.not_null_stg_financials_reported_value.61de75a945
[0m13:56:06.518704 [debug] [Thread-1 (]: Failed to rollback 'test.sec_edgar.not_null_stg_financials_form_type.8add921f37'
[0m13:56:06.518296 [info ] [Thread-4 (]: 13 of 17 START test not_null_stg_financials_period_end ......................... [RUN]
[0m13:56:06.519105 [debug] [Thread-2 (]: On test.sec_edgar.not_null_stg_financials_filed_date.118ebbbdd4: Close
[0m13:56:06.519745 [debug] [Thread-1 (]: On test.sec_edgar.not_null_stg_financials_form_type.8add921f37: Close
[0m13:56:06.519445 [info ] [Thread-3 (]: 14 of 17 START test not_null_stg_financials_reported_value ..................... [RUN]
[0m13:56:06.520194 [debug] [Thread-4 (]: Re-using an available connection from the pool (formerly test.sec_edgar.not_null_stg_financials_canonical_concept.e17bcbd71d, now test.sec_edgar.not_null_stg_financials_period_end.dc50fa8d9a)
[0m13:56:06.521137 [debug] [Thread-3 (]: Re-using an available connection from the pool (formerly test.sec_edgar.not_null_stg_financials_cik.4ca5d0f1eb, now test.sec_edgar.not_null_stg_financials_reported_value.61de75a945)
[0m13:56:06.521450 [debug] [Thread-4 (]: Began compiling node test.sec_edgar.not_null_stg_financials_period_end.dc50fa8d9a
[0m13:56:06.520723 [info ] [Thread-2 (]: 11 of 17 PASS not_null_stg_financials_filed_date ............................... [[32mPASS[0m in 0.07s]
[0m13:56:06.522406 [debug] [Thread-3 (]: Began compiling node test.sec_edgar.not_null_stg_financials_reported_value.61de75a945
[0m13:56:06.521995 [info ] [Thread-1 (]: 12 of 17 PASS not_null_stg_financials_form_type ................................ [[32mPASS[0m in 0.05s]
[0m13:56:06.528791 [debug] [Thread-4 (]: Writing injected SQL for node "test.sec_edgar.not_null_stg_financials_period_end.dc50fa8d9a"
[0m13:56:06.529779 [debug] [Thread-2 (]: Finished running node test.sec_edgar.not_null_stg_financials_filed_date.118ebbbdd4
[0m13:56:06.534361 [debug] [Thread-3 (]: Writing injected SQL for node "test.sec_edgar.not_null_stg_financials_reported_value.61de75a945"
[0m13:56:06.535363 [debug] [Thread-1 (]: Finished running node test.sec_edgar.not_null_stg_financials_form_type.8add921f37
[0m13:56:06.536175 [debug] [Thread-2 (]: Began running node test.sec_edgar.not_null_stg_financials_value_type.75f4048627
[0m13:56:06.536893 [debug] [Thread-1 (]: Began running node test.sec_edgar.unique_stg_companies_cik.dfa9e4bacb
[0m13:56:06.537515 [info ] [Thread-2 (]: 15 of 17 START test not_null_stg_financials_value_type ......................... [RUN]
[0m13:56:06.538610 [debug] [Thread-2 (]: Re-using an available connection from the pool (formerly test.sec_edgar.not_null_stg_financials_filed_date.118ebbbdd4, now test.sec_edgar.not_null_stg_financials_value_type.75f4048627)
[0m13:56:06.538126 [info ] [Thread-1 (]: 16 of 17 START test unique_stg_companies_cik ................................... [RUN]
[0m13:56:06.539072 [debug] [Thread-4 (]: Began executing node test.sec_edgar.not_null_stg_financials_period_end.dc50fa8d9a
[0m13:56:06.539387 [debug] [Thread-2 (]: Began compiling node test.sec_edgar.not_null_stg_financials_value_type.75f4048627
[0m13:56:06.539711 [debug] [Thread-3 (]: Began executing node test.sec_edgar.not_null_stg_financials_reported_value.61de75a945
[0m13:56:06.540100 [debug] [Thread-1 (]: Re-using an available connection from the pool (formerly test.sec_edgar.not_null_stg_financials_form_type.8add921f37, now test.sec_edgar.unique_stg_companies_cik.dfa9e4bacb)
[0m13:56:06.541567 [debug] [Thread-4 (]: Writing runtime sql for node "test.sec_edgar.not_null_stg_financials_period_end.dc50fa8d9a"
[0m13:56:06.544250 [debug] [Thread-2 (]: Writing injected SQL for node "test.sec_edgar.not_null_stg_financials_value_type.75f4048627"
[0m13:56:06.545525 [debug] [Thread-3 (]: Writing runtime sql for node "test.sec_edgar.not_null_stg_financials_reported_value.61de75a945"
[0m13:56:06.545831 [debug] [Thread-1 (]: Began compiling node test.sec_edgar.unique_stg_companies_cik.dfa9e4bacb
[0m13:56:06.550270 [debug] [Thread-1 (]: Writing injected SQL for node "test.sec_edgar.unique_stg_companies_cik.dfa9e4bacb"
[0m13:56:06.550913 [debug] [Thread-2 (]: Began executing node test.sec_edgar.not_null_stg_financials_value_type.75f4048627
[0m13:56:06.551698 [debug] [Thread-4 (]: Using duckdb connection "test.sec_edgar.not_null_stg_financials_period_end.dc50fa8d9a"
[0m13:56:06.553483 [debug] [Thread-2 (]: Writing runtime sql for node "test.sec_edgar.not_null_stg_financials_value_type.75f4048627"
[0m13:56:06.553965 [debug] [Thread-4 (]: On test.sec_edgar.not_null_stg_financials_period_end.dc50fa8d9a: BEGIN
[0m13:56:06.554579 [debug] [Thread-3 (]: Using duckdb connection "test.sec_edgar.not_null_stg_financials_reported_value.61de75a945"
[0m13:56:06.554902 [debug] [Thread-4 (]: Opening a new connection, currently in state closed
[0m13:56:06.555219 [debug] [Thread-1 (]: Began executing node test.sec_edgar.unique_stg_companies_cik.dfa9e4bacb
[0m13:56:06.555554 [debug] [Thread-3 (]: On test.sec_edgar.not_null_stg_financials_reported_value.61de75a945: BEGIN
[0m13:56:06.557163 [debug] [Thread-1 (]: Writing runtime sql for node "test.sec_edgar.unique_stg_companies_cik.dfa9e4bacb"
[0m13:56:06.557548 [debug] [Thread-2 (]: Using duckdb connection "test.sec_edgar.not_null_stg_financials_value_type.75f4048627"
[0m13:56:06.557914 [debug] [Thread-3 (]: Opening a new connection, currently in state closed
[0m13:56:06.558187 [debug] [Thread-4 (]: SQL status: OK in 0.003 seconds
[0m13:56:06.558590 [debug] [Thread-2 (]: On test.sec_edgar.not_null_stg_financials_value_type.75f4048627: BEGIN
[0m13:56:06.559068 [debug] [Thread-4 (]: Using duckdb connection "test.sec_edgar.not_null_stg_financials_period_end.dc50fa8d9a"
[0m13:56:06.559452 [debug] [Thread-2 (]: Opening a new connection, currently in state closed
[0m13:56:06.559788 [debug] [Thread-3 (]: SQL status: OK in 0.002 seconds
[0m13:56:06.560281 [debug] [Thread-1 (]: Using duckdb connection "test.sec_edgar.unique_stg_companies_cik.dfa9e4bacb"
[0m13:56:06.560600 [debug] [Thread-4 (]: On test.sec_edgar.not_null_stg_financials_period_end.dc50fa8d9a: /* {"app": "dbt", "dbt_version": "1.11.8", "profile_name": "sec_edgar", "target_name": "dev", "node_id": "test.sec_edgar.not_null_stg_financials_period_end.dc50fa8d9a"} */

    
    select
      count(*) as failures,
      count(*) != 0 as should_warn,
      count(*) != 0 as should_error
    from (
      
    
  
    
    



select period_end
from "edgar"."main_silver"."stg_financials"
where period_end is null



  
  
      
    ) dbt_internal_test
[0m13:56:06.561035 [debug] [Thread-3 (]: Using duckdb connection "test.sec_edgar.not_null_stg_financials_reported_value.61de75a945"
[0m13:56:06.561330 [debug] [Thread-2 (]: SQL status: OK in 0.002 seconds
[0m13:56:06.561640 [debug] [Thread-1 (]: On test.sec_edgar.unique_stg_companies_cik.dfa9e4bacb: BEGIN
[0m13:56:06.562048 [debug] [Thread-3 (]: On test.sec_edgar.not_null_stg_financials_reported_value.61de75a945: /* {"app": "dbt", "dbt_version": "1.11.8", "profile_name": "sec_edgar", "target_name": "dev", "node_id": "test.sec_edgar.not_null_stg_financials_reported_value.61de75a945"} */

    
    select
      count(*) as failures,
      count(*) != 0 as should_warn,
      count(*) != 0 as should_error
    from (
      
    
  
    
    



select reported_value
from "edgar"."main_silver"."stg_financials"
where reported_value is null



  
  
      
    ) dbt_internal_test
[0m13:56:06.562363 [debug] [Thread-2 (]: Using duckdb connection "test.sec_edgar.not_null_stg_financials_value_type.75f4048627"
[0m13:56:06.562683 [debug] [Thread-4 (]: SQL status: OK in 0.001 seconds
[0m13:56:06.562968 [debug] [Thread-1 (]: Opening a new connection, currently in state closed
[0m13:56:06.563498 [debug] [Thread-2 (]: On test.sec_edgar.not_null_stg_financials_value_type.75f4048627: /* {"app": "dbt", "dbt_version": "1.11.8", "profile_name": "sec_edgar", "target_name": "dev", "node_id": "test.sec_edgar.not_null_stg_financials_value_type.75f4048627"} */

    
    select
      count(*) as failures,
      count(*) != 0 as should_warn,
      count(*) != 0 as should_error
    from (
      
    
  
    
    



select value_type
from "edgar"."main_silver"."stg_financials"
where value_type is null



  
  
      
    ) dbt_internal_test
[0m13:56:06.564667 [debug] [Thread-4 (]: On test.sec_edgar.not_null_stg_financials_period_end.dc50fa8d9a: ROLLBACK
[0m13:56:06.565023 [debug] [Thread-3 (]: SQL status: OK in 0.002 seconds
[0m13:56:06.565756 [debug] [Thread-1 (]: SQL status: OK in 0.003 seconds
[0m13:56:06.566185 [debug] [Thread-4 (]: Failed to rollback 'test.sec_edgar.not_null_stg_financials_period_end.dc50fa8d9a'
[0m13:56:06.566568 [debug] [Thread-2 (]: SQL status: OK in 0.001 seconds
[0m13:56:06.567706 [debug] [Thread-3 (]: On test.sec_edgar.not_null_stg_financials_reported_value.61de75a945: ROLLBACK
[0m13:56:06.568017 [debug] [Thread-1 (]: Using duckdb connection "test.sec_edgar.unique_stg_companies_cik.dfa9e4bacb"
[0m13:56:06.568399 [debug] [Thread-4 (]: On test.sec_edgar.not_null_stg_financials_period_end.dc50fa8d9a: Close
[0m13:56:06.569524 [debug] [Thread-2 (]: On test.sec_edgar.not_null_stg_financials_value_type.75f4048627: ROLLBACK
[0m13:56:06.569909 [debug] [Thread-1 (]: On test.sec_edgar.unique_stg_companies_cik.dfa9e4bacb: /* {"app": "dbt", "dbt_version": "1.11.8", "profile_name": "sec_edgar", "target_name": "dev", "node_id": "test.sec_edgar.unique_stg_companies_cik.dfa9e4bacb"} */

    
    select
      count(*) as failures,
      count(*) != 0 as should_warn,
      count(*) != 0 as should_error
    from (
      
    
  
    
    

select
    cik as unique_field,
    count(*) as n_records

from "edgar"."main_silver"."stg_companies"
where cik is not null
group by cik
having count(*) > 1



  
  
      
    ) dbt_internal_test
[0m13:56:06.570379 [debug] [Thread-3 (]: Failed to rollback 'test.sec_edgar.not_null_stg_financials_reported_value.61de75a945'
[0m13:56:06.571360 [debug] [Thread-2 (]: Failed to rollback 'test.sec_edgar.not_null_stg_financials_value_type.75f4048627'
[0m13:56:06.570961 [info ] [Thread-4 (]: 13 of 17 PASS not_null_stg_financials_period_end ............................... [[32mPASS[0m in 0.05s]
[0m13:56:06.571950 [debug] [Thread-3 (]: On test.sec_edgar.not_null_stg_financials_reported_value.61de75a945: Close
[0m13:56:06.572291 [debug] [Thread-2 (]: On test.sec_edgar.not_null_stg_financials_value_type.75f4048627: Close
[0m13:56:06.572845 [debug] [Thread-4 (]: Finished running node test.sec_edgar.not_null_stg_financials_period_end.dc50fa8d9a
[0m13:56:06.573984 [debug] [Thread-4 (]: Began running node test.sec_edgar.unique_stg_filing_periods_cik.26c8ca2727
[0m13:56:06.573480 [info ] [Thread-3 (]: 14 of 17 PASS not_null_stg_financials_reported_value ........................... [[32mPASS[0m in 0.05s]
[0m13:56:06.575122 [debug] [Thread-1 (]: SQL status: OK in 0.003 seconds
[0m13:56:06.574396 [info ] [Thread-2 (]: 15 of 17 PASS not_null_stg_financials_value_type ............................... [[32mPASS[0m in 0.04s]
[0m13:56:06.575644 [debug] [Thread-3 (]: Finished running node test.sec_edgar.not_null_stg_financials_reported_value.61de75a945
[0m13:56:06.576222 [debug] [Thread-2 (]: Finished running node test.sec_edgar.not_null_stg_financials_value_type.75f4048627
[0m13:56:06.574783 [info ] [Thread-4 (]: 17 of 17 START test unique_stg_filing_periods_cik .............................. [RUN]
[0m13:56:06.577428 [debug] [Thread-1 (]: On test.sec_edgar.unique_stg_companies_cik.dfa9e4bacb: ROLLBACK
[0m13:56:06.578061 [debug] [Thread-4 (]: Re-using an available connection from the pool (formerly test.sec_edgar.not_null_stg_financials_period_end.dc50fa8d9a, now test.sec_edgar.unique_stg_filing_periods_cik.26c8ca2727)
[0m13:56:06.578490 [debug] [Thread-4 (]: Began compiling node test.sec_edgar.unique_stg_filing_periods_cik.26c8ca2727
[0m13:56:06.579090 [debug] [Thread-1 (]: Failed to rollback 'test.sec_edgar.unique_stg_companies_cik.dfa9e4bacb'
[0m13:56:06.582552 [debug] [Thread-4 (]: Writing injected SQL for node "test.sec_edgar.unique_stg_filing_periods_cik.26c8ca2727"
[0m13:56:06.582982 [debug] [Thread-1 (]: On test.sec_edgar.unique_stg_companies_cik.dfa9e4bacb: Close
[0m13:56:06.584069 [debug] [Thread-4 (]: Began executing node test.sec_edgar.unique_stg_filing_periods_cik.26c8ca2727
[0m13:56:06.583634 [info ] [Thread-1 (]: 16 of 17 PASS unique_stg_companies_cik ......................................... [[32mPASS[0m in 0.04s]
[0m13:56:06.585618 [debug] [Thread-4 (]: Writing runtime sql for node "test.sec_edgar.unique_stg_filing_periods_cik.26c8ca2727"
[0m13:56:06.586121 [debug] [Thread-1 (]: Finished running node test.sec_edgar.unique_stg_companies_cik.dfa9e4bacb
[0m13:56:06.586950 [debug] [Thread-4 (]: Using duckdb connection "test.sec_edgar.unique_stg_filing_periods_cik.26c8ca2727"
[0m13:56:06.587254 [debug] [Thread-4 (]: On test.sec_edgar.unique_stg_filing_periods_cik.26c8ca2727: BEGIN
[0m13:56:06.587607 [debug] [Thread-4 (]: Opening a new connection, currently in state closed
[0m13:56:06.588160 [debug] [Thread-4 (]: SQL status: OK in 0.001 seconds
[0m13:56:06.588431 [debug] [Thread-4 (]: Using duckdb connection "test.sec_edgar.unique_stg_filing_periods_cik.26c8ca2727"
[0m13:56:06.588691 [debug] [Thread-4 (]: On test.sec_edgar.unique_stg_filing_periods_cik.26c8ca2727: /* {"app": "dbt", "dbt_version": "1.11.8", "profile_name": "sec_edgar", "target_name": "dev", "node_id": "test.sec_edgar.unique_stg_filing_periods_cik.26c8ca2727"} */

    
    select
      count(*) as failures,
      count(*) != 0 as should_warn,
      count(*) != 0 as should_error
    from (
      
    
  
    
    

select
    cik as unique_field,
    count(*) as n_records

from "edgar"."main_silver"."stg_filing_periods"
where cik is not null
group by cik
having count(*) > 1



  
  
      
    ) dbt_internal_test
[0m13:56:06.590909 [debug] [Thread-4 (]: SQL status: OK in 0.002 seconds
[0m13:56:06.591986 [debug] [Thread-4 (]: On test.sec_edgar.unique_stg_filing_periods_cik.26c8ca2727: ROLLBACK
[0m13:56:06.592490 [debug] [Thread-4 (]: Failed to rollback 'test.sec_edgar.unique_stg_filing_periods_cik.26c8ca2727'
[0m13:56:06.592754 [debug] [Thread-4 (]: On test.sec_edgar.unique_stg_filing_periods_cik.26c8ca2727: Close
[0m13:56:06.593265 [info ] [Thread-4 (]: 17 of 17 PASS unique_stg_filing_periods_cik .................................... [[32mPASS[0m in 0.02s]
[0m13:56:06.593913 [debug] [Thread-4 (]: Finished running node test.sec_edgar.unique_stg_filing_periods_cik.26c8ca2727
[0m13:56:06.595068 [debug] [MainThread]: Using duckdb connection "master"
[0m13:56:06.595336 [debug] [MainThread]: On master: BEGIN
[0m13:56:06.595546 [debug] [MainThread]: Opening a new connection, currently in state closed
[0m13:56:06.595974 [debug] [MainThread]: SQL status: OK in 0.000 seconds
[0m13:56:06.596212 [debug] [MainThread]: On master: COMMIT
[0m13:56:06.596429 [debug] [MainThread]: Using duckdb connection "master"
[0m13:56:06.596663 [debug] [MainThread]: On master: COMMIT
[0m13:56:06.597034 [debug] [MainThread]: SQL status: OK in 0.000 seconds
[0m13:56:06.597267 [debug] [MainThread]: On master: Close
[0m13:56:06.597540 [debug] [MainThread]: Connection 'master' was properly closed.
[0m13:56:06.597719 [debug] [MainThread]: Connection 'list_edgar_main_silver' was properly closed.
[0m13:56:06.597878 [debug] [MainThread]: Connection 'list_edgar_main_bronze' was properly closed.
[0m13:56:06.598039 [debug] [MainThread]: Connection 'list_edgar_main_gold' was properly closed.
[0m13:56:06.598192 [debug] [MainThread]: Connection 'list_edgar_main_seeds' was properly closed.
[0m13:56:06.598348 [debug] [MainThread]: Connection 'test.sec_edgar.not_null_stg_financials_value_type.75f4048627' was properly closed.
[0m13:56:06.598503 [debug] [MainThread]: Connection 'test.sec_edgar.unique_stg_filing_periods_cik.26c8ca2727' was properly closed.
[0m13:56:06.598677 [debug] [MainThread]: Connection 'test.sec_edgar.not_null_stg_financials_reported_value.61de75a945' was properly closed.
[0m13:56:06.598835 [debug] [MainThread]: Connection 'test.sec_edgar.unique_stg_companies_cik.dfa9e4bacb' was properly closed.
[0m13:56:06.599057 [info ] [MainThread]: 
[0m13:56:06.599423 [info ] [MainThread]: Finished running 17 data tests in 0 hours 0 minutes and 0.46 seconds (0.46s).
[0m13:56:06.601381 [debug] [MainThread]: Command end result
[0m13:56:06.626973 [debug] [MainThread]: Wrote artifact WritableManifest to C:\Krish\Project\sec-edgar-pipeline\dbt\target\manifest.json
[0m13:56:06.629510 [debug] [MainThread]: Wrote artifact SemanticManifest to C:\Krish\Project\sec-edgar-pipeline\dbt\target\semantic_manifest.json
[0m13:56:06.634860 [debug] [MainThread]: Wrote artifact RunExecutionResult to C:\Krish\Project\sec-edgar-pipeline\dbt\target\run_results.json
[0m13:56:06.635173 [info ] [MainThread]: 
[0m13:56:06.635557 [info ] [MainThread]: [31mCompleted with 1 error, 0 partial successes, and 0 warnings:[0m
[0m13:56:06.635929 [info ] [MainThread]: 
[0m13:56:06.636374 [error] [MainThread]: [31mFailure in test accepted_values_stg_financials_form_type__10_K__10_Q__10_K_A__10_Q_A__20_F__40_F__10_K405__10_KSB__10_KSB_A__10_QSB__10_KT (models\silver\schema.yml)[0m
[0m13:56:06.636783 [error] [MainThread]:   Got 1 result, configured to fail if != 0
[0m13:56:06.637059 [info ] [MainThread]: 
[0m13:56:06.637371 [info ] [MainThread]:   compiled code at target\compiled\sec_edgar\models\silver\schema.yml\accepted_values_stg_financials_ea6a40e57ba1386af36a497ff0d30c37.sql
[0m13:56:06.637674 [info ] [MainThread]: 
[0m13:56:06.637967 [info ] [MainThread]: Done. PASS=16 WARN=0 ERROR=1 SKIP=0 NO-OP=0 TOTAL=17
[0m13:56:06.638558 [debug] [MainThread]: Command `dbt test` failed at 13:56:06.638476 after 2.30 seconds
[0m13:56:06.638834 [debug] [MainThread]: Sending event: {'category': 'dbt', 'action': 'invocation', 'label': 'end', 'context': [<snowplow_tracker.self_describing_json.SelfDescribingJson object at 0x000002106D86A8D0>, <snowplow_tracker.self_describing_json.SelfDescribingJson object at 0x000002106F64FB70>, <snowplow_tracker.self_describing_json.SelfDescribingJson object at 0x000002106F64FC20>]}
[0m13:56:06.639088 [debug] [MainThread]: Flushing usage events
[0m13:56:06.986939 [debug] [MainThread]: An error was encountered while trying to flush usage events
[0m13:57:18.530061 [debug] [MainThread]: Sending event: {'category': 'dbt', 'action': 'invocation', 'label': 'start', 'context': [<snowplow_tracker.self_describing_json.SelfDescribingJson object at 0x000001F4A1B17770>, <snowplow_tracker.self_describing_json.SelfDescribingJson object at 0x000001F49E8FB610>, <snowplow_tracker.self_describing_json.SelfDescribingJson object at 0x000001F4A3DBBC50>]}


============================== 13:57:18.533981 | df17ce1b-4a60-488a-bb8a-c1b80dd9ff79 ==============================
[0m13:57:18.533981 [info ] [MainThread]: Running with dbt=1.11.8
[0m13:57:18.534628 [debug] [MainThread]: running dbt with arguments {'introspect': 'True', 'invocation_command': 'dbt run --select stg_financials --no-partial-parse', 'no_print': 'None', 'printer_width': '80', 'warn_error_options': 'WarnErrorOptionsV2(error=[], warn=[], silence=[])', 'indirect_selection': 'eager', 'send_anonymous_usage_stats': 'True', 'empty': 'False', 'log_path': 'C:\\Krish\\Project\\sec-edgar-pipeline\\dbt\\logs', 'warn_error': 'None', 'quiet': 'False', 'version_check': 'True', 'log_cache_events': 'False', 'write_json': 'True', 'cache_selected_only': 'False', 'debug': 'False', 'use_colors': 'True', 'partial_parse': 'False', 'static_parser': 'True', 'use_experimental_parser': 'False', 'fail_fast': 'False', 'target_path': 'None', 'log_format': 'default', 'profiles_dir': 'C:\\Krish\\Project\\sec-edgar-pipeline\\dbt'}
[0m13:57:18.764428 [debug] [MainThread]: Sending event: {'category': 'dbt', 'action': 'project_id', 'label': 'df17ce1b-4a60-488a-bb8a-c1b80dd9ff79', 'context': [<snowplow_tracker.self_describing_json.SelfDescribingJson object at 0x000001F4A20A4510>]}
[0m13:57:18.815280 [debug] [MainThread]: Sending event: {'category': 'dbt', 'action': 'adapter_info', 'label': 'df17ce1b-4a60-488a-bb8a-c1b80dd9ff79', 'context': [<snowplow_tracker.self_describing_json.SelfDescribingJson object at 0x000001F4A3F3CF30>]}
[0m13:57:18.817457 [info ] [MainThread]: Registered adapter: duckdb=1.10.1
[0m13:57:18.976036 [debug] [MainThread]: checksum: 7d524ac048c2100769df89d592e662e060a73ca564e31bd9c2a37efdfe8d8ab6, vars: {}, profile: , target: , version: 1.11.8
[0m13:57:18.977281 [debug] [MainThread]: Partial parsing not enabled
[0m13:57:20.260995 [debug] [MainThread]: Sending event: {'category': 'dbt', 'action': 'load_project', 'label': 'df17ce1b-4a60-488a-bb8a-c1b80dd9ff79', 'context': [<snowplow_tracker.self_describing_json.SelfDescribingJson object at 0x000001F4A4446150>]}
[0m13:57:20.338275 [debug] [MainThread]: Wrote artifact WritableManifest to C:\Krish\Project\sec-edgar-pipeline\dbt\target\manifest.json
[0m13:57:20.340440 [debug] [MainThread]: Wrote artifact SemanticManifest to C:\Krish\Project\sec-edgar-pipeline\dbt\target\semantic_manifest.json
[0m13:57:20.350142 [debug] [MainThread]: Sending event: {'category': 'dbt', 'action': 'resource_counts', 'label': 'df17ce1b-4a60-488a-bb8a-c1b80dd9ff79', 'context': [<snowplow_tracker.self_describing_json.SelfDescribingJson object at 0x000001F4A3D25F40>]}
[0m13:57:20.350499 [info ] [MainThread]: Found 10 models, 28 data tests, 1 seed, 477 macros
[0m13:57:20.350975 [debug] [MainThread]: Sending event: {'category': 'dbt', 'action': 'runnable_timing', 'label': 'df17ce1b-4a60-488a-bb8a-c1b80dd9ff79', 'context': [<snowplow_tracker.self_describing_json.SelfDescribingJson object at 0x000001F4A595C4B0>]}
[0m13:57:20.352475 [info ] [MainThread]: 
[0m13:57:20.352904 [info ] [MainThread]: Concurrency: 4 threads (target='dev')
[0m13:57:20.353208 [info ] [MainThread]: 
[0m13:57:20.353603 [debug] [MainThread]: Acquiring new duckdb connection 'master'
[0m13:57:20.354473 [debug] [ThreadPool]: Acquiring new duckdb connection 'list_edgar'
[0m13:57:20.505187 [debug] [ThreadPool]: Using duckdb connection "list_edgar"
[0m13:57:20.505648 [debug] [ThreadPool]: On list_edgar: /* {"app": "dbt", "dbt_version": "1.11.8", "profile_name": "sec_edgar", "target_name": "dev", "connection_name": "list_edgar"} */

    
    select schema_name
    from system.information_schema.schemata
    
    where lower(catalog_name) = '"edgar"'
    
  
  
[0m13:57:20.506076 [debug] [ThreadPool]: Opening a new connection, currently in state init
[0m13:57:20.518808 [debug] [ThreadPool]: SQL status: OK in 0.013 seconds
[0m13:57:20.520062 [debug] [ThreadPool]: On list_edgar: Close
[0m13:57:20.520738 [debug] [ThreadPool]: Re-using an available connection from the pool (formerly list_edgar, now create_edgar_main_silver)
[0m13:57:20.521158 [debug] [ThreadPool]: Creating schema "database: "edgar"
schema: "main_silver"
"
[0m13:57:20.526348 [debug] [ThreadPool]: Using duckdb connection "create_edgar_main_silver"
[0m13:57:20.526718 [debug] [ThreadPool]: On create_edgar_main_silver: /* {"app": "dbt", "dbt_version": "1.11.8", "profile_name": "sec_edgar", "target_name": "dev", "connection_name": "create_edgar_main_silver"} */

    
        select type from duckdb_databases()
        where lower(database_name)='edgar'
        and type='sqlite'
    
  
[0m13:57:20.526958 [debug] [ThreadPool]: Opening a new connection, currently in state closed
[0m13:57:20.527856 [debug] [ThreadPool]: SQL status: OK in 0.001 seconds
[0m13:57:20.528976 [debug] [ThreadPool]: Using duckdb connection "create_edgar_main_silver"
[0m13:57:20.529244 [debug] [ThreadPool]: On create_edgar_main_silver: BEGIN
[0m13:57:20.529640 [debug] [ThreadPool]: SQL status: OK in 0.000 seconds
[0m13:57:20.529866 [debug] [ThreadPool]: Using duckdb connection "create_edgar_main_silver"
[0m13:57:20.530068 [debug] [ThreadPool]: On create_edgar_main_silver: /* {"app": "dbt", "dbt_version": "1.11.8", "profile_name": "sec_edgar", "target_name": "dev", "connection_name": "create_edgar_main_silver"} */

    
    
        create schema if not exists "edgar"."main_silver"
    
[0m13:57:20.530479 [debug] [ThreadPool]: SQL status: OK in 0.000 seconds
[0m13:57:20.531085 [debug] [ThreadPool]: On create_edgar_main_silver: COMMIT
[0m13:57:20.531315 [debug] [ThreadPool]: Using duckdb connection "create_edgar_main_silver"
[0m13:57:20.531525 [debug] [ThreadPool]: On create_edgar_main_silver: COMMIT
[0m13:57:20.531912 [debug] [ThreadPool]: SQL status: OK in 0.000 seconds
[0m13:57:20.532183 [debug] [ThreadPool]: On create_edgar_main_silver: Close
[0m13:57:20.536263 [debug] [ThreadPool]: Acquiring new duckdb connection 'list_edgar_main_gold'
[0m13:57:20.540539 [debug] [ThreadPool]: Using duckdb connection "list_edgar_main_gold"
[0m13:57:20.541022 [debug] [ThreadPool]: Acquiring new duckdb connection 'list_edgar_main_silver'
[0m13:57:20.541343 [debug] [ThreadPool]: On list_edgar_main_gold: BEGIN
[0m13:57:20.542731 [debug] [ThreadPool]: Using duckdb connection "list_edgar_main_silver"
[0m13:57:20.543125 [debug] [ThreadPool]: Acquiring new duckdb connection 'list_edgar_main_bronze'
[0m13:57:20.543417 [debug] [ThreadPool]: Opening a new connection, currently in state init
[0m13:57:20.543989 [debug] [ThreadPool]: Acquiring new duckdb connection 'list_edgar_main_seeds'
[0m13:57:20.544265 [debug] [ThreadPool]: On list_edgar_main_silver: BEGIN
[0m13:57:20.545522 [debug] [ThreadPool]: Using duckdb connection "list_edgar_main_bronze"
[0m13:57:20.548536 [debug] [ThreadPool]: Using duckdb connection "list_edgar_main_seeds"
[0m13:57:20.548892 [debug] [ThreadPool]: Opening a new connection, currently in state init
[0m13:57:20.549175 [debug] [ThreadPool]: On list_edgar_main_bronze: BEGIN
[0m13:57:20.549429 [debug] [ThreadPool]: SQL status: OK in 0.006 seconds
[0m13:57:20.549638 [debug] [ThreadPool]: On list_edgar_main_seeds: BEGIN
[0m13:57:20.550010 [debug] [ThreadPool]: Opening a new connection, currently in state init
[0m13:57:20.550274 [debug] [ThreadPool]: Using duckdb connection "list_edgar_main_gold"
[0m13:57:20.550515 [debug] [ThreadPool]: SQL status: OK in 0.002 seconds
[0m13:57:20.550754 [debug] [ThreadPool]: Opening a new connection, currently in state init
[0m13:57:20.551091 [debug] [ThreadPool]: On list_edgar_main_gold: /* {"app": "dbt", "dbt_version": "1.11.8", "profile_name": "sec_edgar", "target_name": "dev", "connection_name": "list_edgar_main_gold"} */
select
      'edgar' as database,
      table_name as name,
      table_schema as schema,
      CASE table_type
        WHEN 'BASE TABLE' THEN 'table'
        WHEN 'VIEW' THEN 'view'
        WHEN 'LOCAL TEMPORARY' THEN 'table'
        END as type
    from system.information_schema.tables
    where lower(table_schema) = 'main_gold'
    and lower(table_catalog) = 'edgar'
  
[0m13:57:20.551353 [debug] [ThreadPool]: SQL status: OK in 0.001 seconds
[0m13:57:20.551613 [debug] [ThreadPool]: Using duckdb connection "list_edgar_main_silver"
[0m13:57:20.552145 [debug] [ThreadPool]: Using duckdb connection "list_edgar_main_bronze"
[0m13:57:20.552434 [debug] [ThreadPool]: SQL status: OK in 0.002 seconds
[0m13:57:20.552705 [debug] [ThreadPool]: On list_edgar_main_silver: /* {"app": "dbt", "dbt_version": "1.11.8", "profile_name": "sec_edgar", "target_name": "dev", "connection_name": "list_edgar_main_silver"} */
select
      'edgar' as database,
      table_name as name,
      table_schema as schema,
      CASE table_type
        WHEN 'BASE TABLE' THEN 'table'
        WHEN 'VIEW' THEN 'view'
        WHEN 'LOCAL TEMPORARY' THEN 'table'
        END as type
    from system.information_schema.tables
    where lower(table_schema) = 'main_silver'
    and lower(table_catalog) = 'edgar'
  
[0m13:57:20.553029 [debug] [ThreadPool]: On list_edgar_main_bronze: /* {"app": "dbt", "dbt_version": "1.11.8", "profile_name": "sec_edgar", "target_name": "dev", "connection_name": "list_edgar_main_bronze"} */
select
      'edgar' as database,
      table_name as name,
      table_schema as schema,
      CASE table_type
        WHEN 'BASE TABLE' THEN 'table'
        WHEN 'VIEW' THEN 'view'
        WHEN 'LOCAL TEMPORARY' THEN 'table'
        END as type
    from system.information_schema.tables
    where lower(table_schema) = 'main_bronze'
    and lower(table_catalog) = 'edgar'
  
[0m13:57:20.553353 [debug] [ThreadPool]: Using duckdb connection "list_edgar_main_seeds"
[0m13:57:20.553948 [debug] [ThreadPool]: On list_edgar_main_seeds: /* {"app": "dbt", "dbt_version": "1.11.8", "profile_name": "sec_edgar", "target_name": "dev", "connection_name": "list_edgar_main_seeds"} */
select
      'edgar' as database,
      table_name as name,
      table_schema as schema,
      CASE table_type
        WHEN 'BASE TABLE' THEN 'table'
        WHEN 'VIEW' THEN 'view'
        WHEN 'LOCAL TEMPORARY' THEN 'table'
        END as type
    from system.information_schema.tables
    where lower(table_schema) = 'main_seeds'
    and lower(table_catalog) = 'edgar'
  
[0m13:57:20.555127 [debug] [ThreadPool]: SQL status: OK in 0.001 seconds
[0m13:57:20.555561 [debug] [ThreadPool]: SQL status: OK in 0.004 seconds
[0m13:57:20.556490 [debug] [ThreadPool]: On list_edgar_main_silver: ROLLBACK
[0m13:57:20.557417 [debug] [ThreadPool]: On list_edgar_main_gold: ROLLBACK
[0m13:57:20.557693 [debug] [ThreadPool]: SQL status: OK in 0.004 seconds
[0m13:57:20.558035 [debug] [ThreadPool]: SQL status: OK in 0.004 seconds
[0m13:57:20.559110 [debug] [ThreadPool]: On list_edgar_main_bronze: ROLLBACK
[0m13:57:20.560060 [debug] [ThreadPool]: On list_edgar_main_seeds: ROLLBACK
[0m13:57:20.561081 [debug] [ThreadPool]: Failed to rollback 'list_edgar_main_silver'
[0m13:57:20.561516 [debug] [ThreadPool]: Failed to rollback 'list_edgar_main_gold'
[0m13:57:20.561785 [debug] [ThreadPool]: On list_edgar_main_silver: Close
[0m13:57:20.562216 [debug] [ThreadPool]: On list_edgar_main_gold: Close
[0m13:57:20.562802 [debug] [ThreadPool]: Failed to rollback 'list_edgar_main_bronze'
[0m13:57:20.563386 [debug] [ThreadPool]: Failed to rollback 'list_edgar_main_seeds'
[0m13:57:20.564183 [debug] [ThreadPool]: On list_edgar_main_bronze: Close
[0m13:57:20.564488 [debug] [ThreadPool]: On list_edgar_main_seeds: Close
[0m13:57:20.565636 [debug] [MainThread]: Sending event: {'category': 'dbt', 'action': 'runnable_timing', 'label': 'df17ce1b-4a60-488a-bb8a-c1b80dd9ff79', 'context': [<snowplow_tracker.self_describing_json.SelfDescribingJson object at 0x000001F4A59CF860>]}
[0m13:57:20.565986 [debug] [MainThread]: Using duckdb connection "master"
[0m13:57:20.566198 [debug] [MainThread]: On master: BEGIN
[0m13:57:20.566393 [debug] [MainThread]: Opening a new connection, currently in state init
[0m13:57:20.566816 [debug] [MainThread]: SQL status: OK in 0.000 seconds
[0m13:57:20.567040 [debug] [MainThread]: On master: COMMIT
[0m13:57:20.567225 [debug] [MainThread]: Using duckdb connection "master"
[0m13:57:20.567426 [debug] [MainThread]: On master: COMMIT
[0m13:57:20.567752 [debug] [MainThread]: SQL status: OK in 0.000 seconds
[0m13:57:20.567985 [debug] [MainThread]: On master: Close
[0m13:57:20.571182 [debug] [Thread-1 (]: Began running node model.sec_edgar.stg_financials
[0m13:57:20.571648 [info ] [Thread-1 (]: 1 of 1 START sql table model main_silver.stg_financials ........................ [RUN]
[0m13:57:20.572233 [debug] [Thread-1 (]: Acquiring new duckdb connection 'model.sec_edgar.stg_financials'
[0m13:57:20.572526 [debug] [Thread-1 (]: Began compiling node model.sec_edgar.stg_financials
[0m13:57:20.581152 [debug] [Thread-1 (]: Using duckdb connection "model.sec_edgar.stg_financials"
[0m13:57:20.581537 [debug] [Thread-1 (]: On model.sec_edgar.stg_financials: /* {"app": "dbt", "dbt_version": "1.11.8", "profile_name": "sec_edgar", "target_name": "dev", "node_id": "model.sec_edgar.stg_financials"} */

    
    select distinct synonym_tag
    from "edgar"."main_seeds"."gaap_tag_synonyms"
    order by synonym_tag

  
[0m13:57:20.581801 [debug] [Thread-1 (]: Opening a new connection, currently in state init
[0m13:57:20.584292 [debug] [Thread-1 (]: SQL status: OK in 0.002 seconds
[0m13:57:20.585843 [debug] [Thread-1 (]: Writing injected SQL for node "model.sec_edgar.stg_financials"
[0m13:57:20.586674 [debug] [Thread-1 (]: Began executing node model.sec_edgar.stg_financials
[0m13:57:20.612426 [debug] [Thread-1 (]: Writing runtime sql for node "model.sec_edgar.stg_financials"
[0m13:57:20.613364 [debug] [Thread-1 (]: Using duckdb connection "model.sec_edgar.stg_financials"
[0m13:57:20.613686 [debug] [Thread-1 (]: On model.sec_edgar.stg_financials: BEGIN
[0m13:57:20.614165 [debug] [Thread-1 (]: SQL status: OK in 0.000 seconds
[0m13:57:20.614439 [debug] [Thread-1 (]: Using duckdb connection "model.sec_edgar.stg_financials"
[0m13:57:20.615035 [debug] [Thread-1 (]: On model.sec_edgar.stg_financials: /* {"app": "dbt", "dbt_version": "1.11.8", "profile_name": "sec_edgar", "target_name": "dev", "node_id": "model.sec_edgar.stg_financials"} */

  
    
    

    create  table
      "edgar"."main_silver"."stg_financials__dbt_tmp"
  
    as (
      -- Silver: stg_financials
--
-- The hardest model in the project. Transforms the raw XBRL JSON blob into
-- clean, flat, deduplicated financial fact rows.
--
-- Five engineering problems solved here:
--   1. Unnesting   — the JSON is 3 levels deep before we reach individual values
--   2. Tag synonyms — Revenue has 6+ different concept names across companies
--   3. Amendments  — 10-K/A filings supersede the original; keep only the latest
--   4. Period overlap — 10-K and 10-Q both report Q4 data; keep one source
--   5. CIK format  — standardize to 10-digit zero-padded string
--
-- DuckDB JSON limitation: dynamic key lookup (-> column_name) and dynamic path
-- arrays (json_extract(blob, computed_array)) are not supported. The only safe
-- approach is literal string keys. We use dbt run_query at compile time to read
-- the synonym list from the seed and generate a UNION ALL with literal paths.



-- ── Compile-time: fetch the synonym list from the seed ────────────────────────



    
    


with

-- ── Step 1: Base table with CIK and us-gaap blob ──────────────────────────────
bronze as (
    select
        lpad(cik_raw, 10, '0')             as cik,
        entity_name,
        facts_blob -> 'us-gaap'            as us_gaap_blob
    from "edgar"."main_bronze"."raw_company_facts"
    where (facts_blob -> 'us-gaap') is not null
),

-- ── Step 2: Extract USD arrays for each tracked concept ───────────────────────
-- run_query above gives us the synonym list at compile time.
-- dbt renders one SELECT per synonym tag — all keys are string literals,
-- which DuckDB's -> operator supports safely.
-- The UNION ALL is fully resolved before DuckDB sees the SQL.
tracked_concepts as (
    
    select
        cik,
        entity_name,
        'Assets'                                              as concept_name,
        (us_gaap_blob -> 'Assets' -> 'units' -> 'USD')::json[] as usd_array
    from bronze
    where (us_gaap_blob -> 'Assets' -> 'units' -> 'USD') is not null
     union all 
    
    select
        cik,
        entity_name,
        'CashAndCashEquivalentsAtCarryingValue'                                              as concept_name,
        (us_gaap_blob -> 'CashAndCashEquivalentsAtCarryingValue' -> 'units' -> 'USD')::json[] as usd_array
    from bronze
    where (us_gaap_blob -> 'CashAndCashEquivalentsAtCarryingValue' -> 'units' -> 'USD') is not null
     union all 
    
    select
        cik,
        entity_name,
        'CommonStockSharesOutstanding'                                              as concept_name,
        (us_gaap_blob -> 'CommonStockSharesOutstanding' -> 'units' -> 'USD')::json[] as usd_array
    from bronze
    where (us_gaap_blob -> 'CommonStockSharesOutstanding' -> 'units' -> 'USD') is not null
     union all 
    
    select
        cik,
        entity_name,
        'EarningsPerShareBasic'                                              as concept_name,
        (us_gaap_blob -> 'EarningsPerShareBasic' -> 'units' -> 'USD')::json[] as usd_array
    from bronze
    where (us_gaap_blob -> 'EarningsPerShareBasic' -> 'units' -> 'USD') is not null
     union all 
    
    select
        cik,
        entity_name,
        'EarningsPerShareBasicAndDiluted'                                              as concept_name,
        (us_gaap_blob -> 'EarningsPerShareBasicAndDiluted' -> 'units' -> 'USD')::json[] as usd_array
    from bronze
    where (us_gaap_blob -> 'EarningsPerShareBasicAndDiluted' -> 'units' -> 'USD') is not null
     union all 
    
    select
        cik,
        entity_name,
        'IncomeLossFromContinuingOperations'                                              as concept_name,
        (us_gaap_blob -> 'IncomeLossFromContinuingOperations' -> 'units' -> 'USD')::json[] as usd_array
    from bronze
    where (us_gaap_blob -> 'IncomeLossFromContinuingOperations' -> 'units' -> 'USD') is not null
     union all 
    
    select
        cik,
        entity_name,
        'IncomeLossFromContinuingOperationsBeforeIncomeTaxesExtraordinaryItemsNoncontrollingInterest'                                              as concept_name,
        (us_gaap_blob -> 'IncomeLossFromContinuingOperationsBeforeIncomeTaxesExtraordinaryItemsNoncontrollingInterest' -> 'units' -> 'USD')::json[] as usd_array
    from bronze
    where (us_gaap_blob -> 'IncomeLossFromContinuingOperationsBeforeIncomeTaxesExtraordinaryItemsNoncontrollingInterest' -> 'units' -> 'USD') is not null
     union all 
    
    select
        cik,
        entity_name,
        'Liabilities'                                              as concept_name,
        (us_gaap_blob -> 'Liabilities' -> 'units' -> 'USD')::json[] as usd_array
    from bronze
    where (us_gaap_blob -> 'Liabilities' -> 'units' -> 'USD') is not null
     union all 
    
    select
        cik,
        entity_name,
        'NetIncome'                                              as concept_name,
        (us_gaap_blob -> 'NetIncome' -> 'units' -> 'USD')::json[] as usd_array
    from bronze
    where (us_gaap_blob -> 'NetIncome' -> 'units' -> 'USD') is not null
     union all 
    
    select
        cik,
        entity_name,
        'NetIncomeLoss'                                              as concept_name,
        (us_gaap_blob -> 'NetIncomeLoss' -> 'units' -> 'USD')::json[] as usd_array
    from bronze
    where (us_gaap_blob -> 'NetIncomeLoss' -> 'units' -> 'USD') is not null
     union all 
    
    select
        cik,
        entity_name,
        'NetIncomeLossAvailableToCommonStockholdersBasic'                                              as concept_name,
        (us_gaap_blob -> 'NetIncomeLossAvailableToCommonStockholdersBasic' -> 'units' -> 'USD')::json[] as usd_array
    from bronze
    where (us_gaap_blob -> 'NetIncomeLossAvailableToCommonStockholdersBasic' -> 'units' -> 'USD') is not null
     union all 
    
    select
        cik,
        entity_name,
        'OperatingIncomeLoss'                                              as concept_name,
        (us_gaap_blob -> 'OperatingIncomeLoss' -> 'units' -> 'USD')::json[] as usd_array
    from bronze
    where (us_gaap_blob -> 'OperatingIncomeLoss' -> 'units' -> 'USD') is not null
     union all 
    
    select
        cik,
        entity_name,
        'ProfitLoss'                                              as concept_name,
        (us_gaap_blob -> 'ProfitLoss' -> 'units' -> 'USD')::json[] as usd_array
    from bronze
    where (us_gaap_blob -> 'ProfitLoss' -> 'units' -> 'USD') is not null
     union all 
    
    select
        cik,
        entity_name,
        'RevenueFromContractWithCustomerExcludingAssessedTax'                                              as concept_name,
        (us_gaap_blob -> 'RevenueFromContractWithCustomerExcludingAssessedTax' -> 'units' -> 'USD')::json[] as usd_array
    from bronze
    where (us_gaap_blob -> 'RevenueFromContractWithCustomerExcludingAssessedTax' -> 'units' -> 'USD') is not null
     union all 
    
    select
        cik,
        entity_name,
        'RevenueFromContractWithCustomerIncludingAssessedTax'                                              as concept_name,
        (us_gaap_blob -> 'RevenueFromContractWithCustomerIncludingAssessedTax' -> 'units' -> 'USD')::json[] as usd_array
    from bronze
    where (us_gaap_blob -> 'RevenueFromContractWithCustomerIncludingAssessedTax' -> 'units' -> 'USD') is not null
     union all 
    
    select
        cik,
        entity_name,
        'Revenues'                                              as concept_name,
        (us_gaap_blob -> 'Revenues' -> 'units' -> 'USD')::json[] as usd_array
    from bronze
    where (us_gaap_blob -> 'Revenues' -> 'units' -> 'USD') is not null
     union all 
    
    select
        cik,
        entity_name,
        'RevenuesNetOfInterestExpense'                                              as concept_name,
        (us_gaap_blob -> 'RevenuesNetOfInterestExpense' -> 'units' -> 'USD')::json[] as usd_array
    from bronze
    where (us_gaap_blob -> 'RevenuesNetOfInterestExpense' -> 'units' -> 'USD') is not null
     union all 
    
    select
        cik,
        entity_name,
        'SalesRevenueGoodsNet'                                              as concept_name,
        (us_gaap_blob -> 'SalesRevenueGoodsNet' -> 'units' -> 'USD')::json[] as usd_array
    from bronze
    where (us_gaap_blob -> 'SalesRevenueGoodsNet' -> 'units' -> 'USD') is not null
     union all 
    
    select
        cik,
        entity_name,
        'SalesRevenueNet'                                              as concept_name,
        (us_gaap_blob -> 'SalesRevenueNet' -> 'units' -> 'USD')::json[] as usd_array
    from bronze
    where (us_gaap_blob -> 'SalesRevenueNet' -> 'units' -> 'USD') is not null
     union all 
    
    select
        cik,
        entity_name,
        'StockholdersEquity'                                              as concept_name,
        (us_gaap_blob -> 'StockholdersEquity' -> 'units' -> 'USD')::json[] as usd_array
    from bronze
    where (us_gaap_blob -> 'StockholdersEquity' -> 'units' -> 'USD') is not null
     union all 
    
    select
        cik,
        entity_name,
        'StockholdersEquityAttributableToParent'                                              as concept_name,
        (us_gaap_blob -> 'StockholdersEquityAttributableToParent' -> 'units' -> 'USD')::json[] as usd_array
    from bronze
    where (us_gaap_blob -> 'StockholdersEquityAttributableToParent' -> 'units' -> 'USD') is not null
    
    
    
),

-- ── Step 3: Unnest the USD filing entries array ────────────────────────────────
unnested as (
    select
        cik,
        entity_name,
        concept_name                        as raw_concept,
        entry
    from tracked_concepts,
        unnest(usd_array)                   as t(entry)
),

-- ── Step 5: Parse JSON fields into typed columns ──────────────────────────────
-- ->> extracts a JSON field as text; try_cast handles malformed dates safely.
extracted as (
    select
        cik,
        entity_name,
        raw_concept,
        

coalesce(
    (
        select s.canonical_tag
        from "edgar"."main_seeds"."gaap_tag_synonyms" s
        where s.synonym_tag = raw_concept
        limit 1
    ),
    raw_concept
)
         as canonical_concept,
        try_cast(entry ->> 'val'    as double)          as reported_value,
        try_cast(entry ->> 'start'  as date)            as period_start,
        try_cast(entry ->> 'end'    as date)            as period_end,
        (entry ->> 'accn')                              as accession_number,
        upper(entry ->> 'form')                         as form_type,
        try_cast(entry ->> 'filed'  as date)            as filed_date,
        (entry ->> 'fp')                                as fiscal_period_label,
        -- Balance sheet items have no start date (point-in-time snapshot)
        -- Income statement items have both start and end (flow over a period)
        case
            when (entry ->> 'start') is null then 'instant'
            else 'duration'
        end                                             as value_type
    from unnested
    where
        try_cast(entry ->> 'val'   as double) is not null
        and try_cast(entry ->> 'end' as date) is not null
        -- Exclude 8-K (material event disclosures) — they contain preliminary
        -- earnings data that is always superseded by the 10-K or 10-Q filing.
        -- Keeping them would create duplicates and inflate row counts.
        and upper(entry ->> 'form') not in ('8-K', '8-K/A')
),

-- ── Step 6: Remove duplicate amendments ──────────────────────────────────────
-- A 10-K/A (amendment) supersedes the original 10-K for the same period.
-- Keep only the row with the latest filed_date per
-- (company, concept, period_end, form_type).
-- ROW_NUMBER = 1 is the most recently filed version.
deduped_amendments as (
    select
        *,
        row_number() over (
            partition by cik, canonical_concept, period_end, form_type
            order by filed_date desc nulls last
        ) as rn
    from extracted
),

latest_only as (
    select * exclude (rn)
    from deduped_amendments
    where rn = 1
),

-- ── Step 7: Remove 10-K / 10-Q period overlap ─────────────────────────────────
-- Annual 10-K filings contain Q4 and full-year data that also appears in 10-Qs.
-- Rule: Q1/Q2/Q3 → prefer 10-Q.  Q4 and FY → prefer 10-K.
-- ROW_NUMBER = 1 picks the preferred form type for each period.
form_deduped as (
    select
        *,
        

ceil(month(period_end) / 3.0)::integer
              as calendar_quarter,
        year(period_end)                                as period_year,
        row_number() over (
            partition by cik, canonical_concept, period_end
            order by
                case
                    when 

ceil(month(period_end) / 3.0)::integer
 in (1, 2, 3)
                         and form_type = '10-Q'         then 1
                    when 

ceil(month(period_end) / 3.0)::integer
 = 4
                         and form_type = '10-K'         then 1
                    when fiscal_period_label = 'FY'
                         and form_type = '10-K'         then 1
                    else 2
                end
        ) as form_rn
    from latest_only
)

select * exclude (form_rn)
from form_deduped
where form_rn = 1
    );
  
  
[0m13:57:23.250329 [debug] [Thread-1 (]: SQL status: OK in 2.634 seconds
[0m13:57:23.256020 [debug] [Thread-1 (]: Using duckdb connection "model.sec_edgar.stg_financials"
[0m13:57:23.256479 [debug] [Thread-1 (]: On model.sec_edgar.stg_financials: /* {"app": "dbt", "dbt_version": "1.11.8", "profile_name": "sec_edgar", "target_name": "dev", "node_id": "model.sec_edgar.stg_financials"} */

    SELECT index_name
    FROM duckdb_indexes()
    WHERE schema_name = 'main_silver'
      AND table_name = 'stg_financials'
  
[0m13:57:23.257517 [debug] [Thread-1 (]: SQL status: OK in 0.001 seconds
[0m13:57:23.258686 [debug] [Thread-1 (]: Using duckdb connection "model.sec_edgar.stg_financials"
[0m13:57:23.259035 [debug] [Thread-1 (]: On model.sec_edgar.stg_financials: /* {"app": "dbt", "dbt_version": "1.11.8", "profile_name": "sec_edgar", "target_name": "dev", "node_id": "model.sec_edgar.stg_financials"} */

    SELECT COUNT(*) as remaining_indexes
    FROM duckdb_indexes()
    WHERE schema_name = 'main_silver'
      AND table_name = 'stg_financials'
  
[0m13:57:23.260074 [debug] [Thread-1 (]: SQL status: OK in 0.001 seconds
[0m13:57:23.265565 [debug] [Thread-1 (]: Using duckdb connection "model.sec_edgar.stg_financials"
[0m13:57:23.266083 [debug] [Thread-1 (]: On model.sec_edgar.stg_financials: /* {"app": "dbt", "dbt_version": "1.11.8", "profile_name": "sec_edgar", "target_name": "dev", "node_id": "model.sec_edgar.stg_financials"} */
alter table "edgar"."main_silver"."stg_financials" rename to "stg_financials__dbt_backup"
[0m13:57:23.266914 [debug] [Thread-1 (]: SQL status: OK in 0.000 seconds
[0m13:57:23.270147 [debug] [Thread-1 (]: Using duckdb connection "model.sec_edgar.stg_financials"
[0m13:57:23.270638 [debug] [Thread-1 (]: On model.sec_edgar.stg_financials: /* {"app": "dbt", "dbt_version": "1.11.8", "profile_name": "sec_edgar", "target_name": "dev", "node_id": "model.sec_edgar.stg_financials"} */
alter table "edgar"."main_silver"."stg_financials__dbt_tmp" rename to "stg_financials"
[0m13:57:23.271464 [debug] [Thread-1 (]: SQL status: OK in 0.000 seconds
[0m13:57:23.286185 [debug] [Thread-1 (]: On model.sec_edgar.stg_financials: COMMIT
[0m13:57:23.286803 [debug] [Thread-1 (]: Using duckdb connection "model.sec_edgar.stg_financials"
[0m13:57:23.287166 [debug] [Thread-1 (]: On model.sec_edgar.stg_financials: COMMIT
[0m13:57:23.300335 [debug] [Thread-1 (]: SQL status: OK in 0.013 seconds
[0m13:57:23.304858 [debug] [Thread-1 (]: Using duckdb connection "model.sec_edgar.stg_financials"
[0m13:57:23.305296 [debug] [Thread-1 (]: On model.sec_edgar.stg_financials: /* {"app": "dbt", "dbt_version": "1.11.8", "profile_name": "sec_edgar", "target_name": "dev", "node_id": "model.sec_edgar.stg_financials"} */

      drop table if exists "edgar"."main_silver"."stg_financials__dbt_backup" cascade
    
[0m13:57:23.306660 [debug] [Thread-1 (]: SQL status: OK in 0.001 seconds
[0m13:57:23.308847 [debug] [Thread-1 (]: On model.sec_edgar.stg_financials: Close
[0m13:57:23.310980 [debug] [Thread-1 (]: Sending event: {'category': 'dbt', 'action': 'run_model', 'label': 'df17ce1b-4a60-488a-bb8a-c1b80dd9ff79', 'context': [<snowplow_tracker.self_describing_json.SelfDescribingJson object at 0x000001F4A59B3050>]}
[0m13:57:23.311601 [info ] [Thread-1 (]: 1 of 1 OK created sql table model main_silver.stg_financials ................... [[32mOK[0m in 2.74s]
[0m13:57:23.312276 [debug] [Thread-1 (]: Finished running node model.sec_edgar.stg_financials
[0m13:57:23.313483 [debug] [MainThread]: Using duckdb connection "master"
[0m13:57:23.313829 [debug] [MainThread]: On master: BEGIN
[0m13:57:23.314067 [debug] [MainThread]: Opening a new connection, currently in state closed
[0m13:57:23.314567 [debug] [MainThread]: SQL status: OK in 0.000 seconds
[0m13:57:23.314819 [debug] [MainThread]: On master: COMMIT
[0m13:57:23.315132 [debug] [MainThread]: Using duckdb connection "master"
[0m13:57:23.315375 [debug] [MainThread]: On master: COMMIT
[0m13:57:23.315762 [debug] [MainThread]: SQL status: OK in 0.000 seconds
[0m13:57:23.316022 [debug] [MainThread]: On master: Close
[0m13:57:23.316375 [debug] [MainThread]: Connection 'master' was properly closed.
[0m13:57:23.316586 [debug] [MainThread]: Connection 'create_edgar_main_silver' was properly closed.
[0m13:57:23.316790 [debug] [MainThread]: Connection 'list_edgar_main_gold' was properly closed.
[0m13:57:23.316979 [debug] [MainThread]: Connection 'list_edgar_main_silver' was properly closed.
[0m13:57:23.317161 [debug] [MainThread]: Connection 'list_edgar_main_bronze' was properly closed.
[0m13:57:23.317344 [debug] [MainThread]: Connection 'list_edgar_main_seeds' was properly closed.
[0m13:57:23.317525 [debug] [MainThread]: Connection 'model.sec_edgar.stg_financials' was properly closed.
[0m13:57:23.317768 [info ] [MainThread]: 
[0m13:57:23.318363 [info ] [MainThread]: Finished running 1 table model in 0 hours 0 minutes and 2.96 seconds (2.96s).
[0m13:57:23.319063 [debug] [MainThread]: Command end result
[0m13:57:23.351188 [debug] [MainThread]: Wrote artifact WritableManifest to C:\Krish\Project\sec-edgar-pipeline\dbt\target\manifest.json
[0m13:57:23.355478 [debug] [MainThread]: Wrote artifact SemanticManifest to C:\Krish\Project\sec-edgar-pipeline\dbt\target\semantic_manifest.json
[0m13:57:23.361640 [debug] [MainThread]: Wrote artifact RunExecutionResult to C:\Krish\Project\sec-edgar-pipeline\dbt\target\run_results.json
[0m13:57:23.362031 [info ] [MainThread]: 
[0m13:57:23.362651 [info ] [MainThread]: [32mCompleted successfully[0m
[0m13:57:23.363191 [info ] [MainThread]: 
[0m13:57:23.363615 [info ] [MainThread]: Done. PASS=1 WARN=0 ERROR=0 SKIP=0 NO-OP=0 TOTAL=1
[0m13:57:23.364571 [debug] [MainThread]: Command `dbt run` succeeded at 13:57:23.364419 after 4.94 seconds
[0m13:57:23.365006 [debug] [MainThread]: Sending event: {'category': 'dbt', 'action': 'invocation', 'label': 'end', 'context': [<snowplow_tracker.self_describing_json.SelfDescribingJson object at 0x000001F4A5B85DE0>, <snowplow_tracker.self_describing_json.SelfDescribingJson object at 0x000001F4A5D6F930>, <snowplow_tracker.self_describing_json.SelfDescribingJson object at 0x000001F4A5D6F9D0>]}
[0m13:57:23.365375 [debug] [MainThread]: Flushing usage events
[0m13:57:23.752005 [debug] [MainThread]: An error was encountered while trying to flush usage events
[0m13:57:26.864216 [debug] [MainThread]: Sending event: {'category': 'dbt', 'action': 'invocation', 'label': 'start', 'context': [<snowplow_tracker.self_describing_json.SelfDescribingJson object at 0x00000210F96DF770>, <snowplow_tracker.self_describing_json.SelfDescribingJson object at 0x00000210F64CB610>, <snowplow_tracker.self_describing_json.SelfDescribingJson object at 0x00000210FB98BC50>]}


============================== 13:57:26.868138 | 9a1d42a0-3c3d-42f1-85a6-78809eb0edf8 ==============================
[0m13:57:26.868138 [info ] [MainThread]: Running with dbt=1.11.8
[0m13:57:26.868751 [debug] [MainThread]: running dbt with arguments {'profiles_dir': 'C:\\Krish\\Project\\sec-edgar-pipeline\\dbt', 'invocation_command': 'dbt test --select silver --no-partial-parse', 'no_print': 'None', 'printer_width': '80', 'warn_error_options': 'WarnErrorOptionsV2(error=[], warn=[], silence=[])', 'indirect_selection': 'eager', 'send_anonymous_usage_stats': 'True', 'empty': 'None', 'log_path': 'C:\\Krish\\Project\\sec-edgar-pipeline\\dbt\\logs', 'warn_error': 'None', 'version_check': 'True', 'quiet': 'False', 'cache_selected_only': 'False', 'write_json': 'True', 'log_cache_events': 'False', 'debug': 'False', 'use_colors': 'True', 'fail_fast': 'False', 'static_parser': 'True', 'partial_parse': 'False', 'use_experimental_parser': 'False', 'target_path': 'None', 'log_format': 'default', 'introspect': 'True'}
[0m13:57:27.080111 [debug] [MainThread]: Sending event: {'category': 'dbt', 'action': 'project_id', 'label': '9a1d42a0-3c3d-42f1-85a6-78809eb0edf8', 'context': [<snowplow_tracker.self_describing_json.SelfDescribingJson object at 0x00000210F9C74510>]}
[0m13:57:27.128846 [debug] [MainThread]: Sending event: {'category': 'dbt', 'action': 'adapter_info', 'label': '9a1d42a0-3c3d-42f1-85a6-78809eb0edf8', 'context': [<snowplow_tracker.self_describing_json.SelfDescribingJson object at 0x00000210FBB5CF30>]}
[0m13:57:27.131286 [info ] [MainThread]: Registered adapter: duckdb=1.10.1
[0m13:57:27.276257 [debug] [MainThread]: checksum: 7d524ac048c2100769df89d592e662e060a73ca564e31bd9c2a37efdfe8d8ab6, vars: {}, profile: , target: , version: 1.11.8
[0m13:57:27.277692 [debug] [MainThread]: Partial parsing not enabled
[0m13:57:28.422968 [debug] [MainThread]: Sending event: {'category': 'dbt', 'action': 'load_project', 'label': '9a1d42a0-3c3d-42f1-85a6-78809eb0edf8', 'context': [<snowplow_tracker.self_describing_json.SelfDescribingJson object at 0x00000210FC056150>]}
[0m13:57:28.501344 [debug] [MainThread]: Wrote artifact WritableManifest to C:\Krish\Project\sec-edgar-pipeline\dbt\target\manifest.json
[0m13:57:28.504049 [debug] [MainThread]: Wrote artifact SemanticManifest to C:\Krish\Project\sec-edgar-pipeline\dbt\target\semantic_manifest.json
[0m13:57:28.521306 [debug] [MainThread]: Sending event: {'category': 'dbt', 'action': 'resource_counts', 'label': '9a1d42a0-3c3d-42f1-85a6-78809eb0edf8', 'context': [<snowplow_tracker.self_describing_json.SelfDescribingJson object at 0x00000210FC5E34D0>]}
[0m13:57:28.521835 [info ] [MainThread]: Found 10 models, 28 data tests, 1 seed, 477 macros
[0m13:57:28.522296 [debug] [MainThread]: Sending event: {'category': 'dbt', 'action': 'runnable_timing', 'label': '9a1d42a0-3c3d-42f1-85a6-78809eb0edf8', 'context': [<snowplow_tracker.self_describing_json.SelfDescribingJson object at 0x00000210FC534910>]}
[0m13:57:28.524159 [info ] [MainThread]: 
[0m13:57:28.524685 [info ] [MainThread]: Concurrency: 4 threads (target='dev')
[0m13:57:28.524973 [info ] [MainThread]: 
[0m13:57:28.525399 [debug] [MainThread]: Acquiring new duckdb connection 'master'
[0m13:57:28.529231 [debug] [ThreadPool]: Acquiring new duckdb connection 'list_edgar_main_seeds'
[0m13:57:28.536025 [debug] [ThreadPool]: Acquiring new duckdb connection 'list_edgar_main_bronze'
[0m13:57:28.538294 [debug] [ThreadPool]: Acquiring new duckdb connection 'list_edgar_main_silver'
[0m13:57:28.539867 [debug] [ThreadPool]: Acquiring new duckdb connection 'list_edgar_main_gold'
[0m13:57:28.658532 [debug] [ThreadPool]: Using duckdb connection "list_edgar_main_seeds"
[0m13:57:28.658847 [debug] [ThreadPool]: On list_edgar_main_seeds: BEGIN
[0m13:57:28.659135 [debug] [ThreadPool]: Using duckdb connection "list_edgar_main_bronze"
[0m13:57:28.659410 [debug] [ThreadPool]: Opening a new connection, currently in state init
[0m13:57:28.659632 [debug] [ThreadPool]: Using duckdb connection "list_edgar_main_silver"
[0m13:57:28.659878 [debug] [ThreadPool]: Using duckdb connection "list_edgar_main_gold"
[0m13:57:28.660103 [debug] [ThreadPool]: On list_edgar_main_bronze: BEGIN
[0m13:57:28.660431 [debug] [ThreadPool]: On list_edgar_main_silver: BEGIN
[0m13:57:28.660722 [debug] [ThreadPool]: On list_edgar_main_gold: BEGIN
[0m13:57:28.661012 [debug] [ThreadPool]: Opening a new connection, currently in state init
[0m13:57:28.661255 [debug] [ThreadPool]: Opening a new connection, currently in state init
[0m13:57:28.661535 [debug] [ThreadPool]: Opening a new connection, currently in state init
[0m13:57:28.678500 [debug] [ThreadPool]: SQL status: OK in 0.019 seconds
[0m13:57:28.678860 [debug] [ThreadPool]: Using duckdb connection "list_edgar_main_seeds"
[0m13:57:28.679125 [debug] [ThreadPool]: On list_edgar_main_seeds: /* {"app": "dbt", "dbt_version": "1.11.8", "profile_name": "sec_edgar", "target_name": "dev", "connection_name": "list_edgar_main_seeds"} */
select
      'edgar' as database,
      table_name as name,
      table_schema as schema,
      CASE table_type
        WHEN 'BASE TABLE' THEN 'table'
        WHEN 'VIEW' THEN 'view'
        WHEN 'LOCAL TEMPORARY' THEN 'table'
        END as type
    from system.information_schema.tables
    where lower(table_schema) = 'main_seeds'
    and lower(table_catalog) = 'edgar'
  
[0m13:57:28.679427 [debug] [ThreadPool]: SQL status: OK in 0.018 seconds
[0m13:57:28.679699 [debug] [ThreadPool]: Using duckdb connection "list_edgar_main_bronze"
[0m13:57:28.680008 [debug] [ThreadPool]: SQL status: OK in 0.019 seconds
[0m13:57:28.680322 [debug] [ThreadPool]: On list_edgar_main_bronze: /* {"app": "dbt", "dbt_version": "1.11.8", "profile_name": "sec_edgar", "target_name": "dev", "connection_name": "list_edgar_main_bronze"} */
select
      'edgar' as database,
      table_name as name,
      table_schema as schema,
      CASE table_type
        WHEN 'BASE TABLE' THEN 'table'
        WHEN 'VIEW' THEN 'view'
        WHEN 'LOCAL TEMPORARY' THEN 'table'
        END as type
    from system.information_schema.tables
    where lower(table_schema) = 'main_bronze'
    and lower(table_catalog) = 'edgar'
  
[0m13:57:28.680577 [debug] [ThreadPool]: SQL status: OK in 0.019 seconds
[0m13:57:28.681243 [debug] [ThreadPool]: Using duckdb connection "list_edgar_main_gold"
[0m13:57:28.681472 [debug] [ThreadPool]: On list_edgar_main_gold: /* {"app": "dbt", "dbt_version": "1.11.8", "profile_name": "sec_edgar", "target_name": "dev", "connection_name": "list_edgar_main_gold"} */
select
      'edgar' as database,
      table_name as name,
      table_schema as schema,
      CASE table_type
        WHEN 'BASE TABLE' THEN 'table'
        WHEN 'VIEW' THEN 'view'
        WHEN 'LOCAL TEMPORARY' THEN 'table'
        END as type
    from system.information_schema.tables
    where lower(table_schema) = 'main_gold'
    and lower(table_catalog) = 'edgar'
  
[0m13:57:28.680902 [debug] [ThreadPool]: Using duckdb connection "list_edgar_main_silver"
[0m13:57:28.682013 [debug] [ThreadPool]: On list_edgar_main_silver: /* {"app": "dbt", "dbt_version": "1.11.8", "profile_name": "sec_edgar", "target_name": "dev", "connection_name": "list_edgar_main_silver"} */
select
      'edgar' as database,
      table_name as name,
      table_schema as schema,
      CASE table_type
        WHEN 'BASE TABLE' THEN 'table'
        WHEN 'VIEW' THEN 'view'
        WHEN 'LOCAL TEMPORARY' THEN 'table'
        END as type
    from system.information_schema.tables
    where lower(table_schema) = 'main_silver'
    and lower(table_catalog) = 'edgar'
  
[0m13:57:28.682575 [debug] [ThreadPool]: SQL status: OK in 0.001 seconds
[0m13:57:28.682918 [debug] [ThreadPool]: SQL status: OK in 0.001 seconds
[0m13:57:28.683863 [debug] [ThreadPool]: On list_edgar_main_bronze: ROLLBACK
[0m13:57:28.684727 [debug] [ThreadPool]: On list_edgar_main_gold: ROLLBACK
[0m13:57:28.685040 [debug] [ThreadPool]: SQL status: OK in 0.006 seconds
[0m13:57:28.685279 [debug] [ThreadPool]: SQL status: OK in 0.003 seconds
[0m13:57:28.686362 [debug] [ThreadPool]: On list_edgar_main_silver: ROLLBACK
[0m13:57:28.687018 [debug] [ThreadPool]: Failed to rollback 'list_edgar_main_bronze'
[0m13:57:28.687282 [debug] [ThreadPool]: On list_edgar_main_bronze: Close
[0m13:57:28.688217 [debug] [ThreadPool]: On list_edgar_main_seeds: ROLLBACK
[0m13:57:28.688823 [debug] [ThreadPool]: Failed to rollback 'list_edgar_main_seeds'
[0m13:57:28.689087 [debug] [ThreadPool]: On list_edgar_main_seeds: Close
[0m13:57:28.690186 [debug] [ThreadPool]: Failed to rollback 'list_edgar_main_gold'
[0m13:57:28.690626 [debug] [ThreadPool]: On list_edgar_main_gold: Close
[0m13:57:28.691202 [debug] [ThreadPool]: Failed to rollback 'list_edgar_main_silver'
[0m13:57:28.691429 [debug] [ThreadPool]: On list_edgar_main_silver: Close
[0m13:57:28.692488 [debug] [MainThread]: Sending event: {'category': 'dbt', 'action': 'runnable_timing', 'label': '9a1d42a0-3c3d-42f1-85a6-78809eb0edf8', 'context': [<snowplow_tracker.self_describing_json.SelfDescribingJson object at 0x00000210FC633380>]}
[0m13:57:28.692831 [debug] [MainThread]: Using duckdb connection "master"
[0m13:57:28.693045 [debug] [MainThread]: On master: BEGIN
[0m13:57:28.693232 [debug] [MainThread]: Opening a new connection, currently in state init
[0m13:57:28.693640 [debug] [MainThread]: SQL status: OK in 0.000 seconds
[0m13:57:28.693874 [debug] [MainThread]: On master: COMMIT
[0m13:57:28.694077 [debug] [MainThread]: Using duckdb connection "master"
[0m13:57:28.694270 [debug] [MainThread]: On master: COMMIT
[0m13:57:28.694574 [debug] [MainThread]: SQL status: OK in 0.000 seconds
[0m13:57:28.694802 [debug] [MainThread]: On master: Close
[0m13:57:28.697159 [debug] [Thread-4 (]: Began running node test.sec_edgar.not_null_stg_companies_company_name.3ec65d90b5
[0m13:57:28.697502 [debug] [Thread-1 (]: Began running node test.sec_edgar.accepted_values_stg_financials_form_type__10_K__10_Q__10_K_A__10_Q_A__20_F__40_F__10_K405__10_KSB__10_KSB_A__10_QSB__10_KT.6fd6731a6e
[0m13:57:28.697793 [debug] [Thread-3 (]: Began running node test.sec_edgar.not_null_stg_companies_cik.a4f4343324
[0m13:57:28.698324 [debug] [Thread-2 (]: Began running node test.sec_edgar.accepted_values_stg_financials_value_type__instant__duration.119a99947c
[0m13:57:28.698083 [info ] [Thread-4 (]: 4 of 17 START test not_null_stg_companies_company_name ......................... [RUN]
[0m13:57:28.698711 [info ] [Thread-1 (]: 1 of 17 START test accepted_values_stg_financials_form_type__10_K__10_Q__10_K_A__10_Q_A__20_F__40_F__10_K405__10_KSB__10_KSB_A__10_QSB__10_KT  [RUN]
[0m13:57:28.699651 [debug] [Thread-4 (]: Acquiring new duckdb connection 'test.sec_edgar.not_null_stg_companies_company_name.3ec65d90b5'
[0m13:57:28.698981 [info ] [Thread-3 (]: 3 of 17 START test not_null_stg_companies_cik .................................. [RUN]
[0m13:57:28.700075 [debug] [Thread-1 (]: Acquiring new duckdb connection 'test.sec_edgar.accepted_values_stg_financials_form_type__10_K__10_Q__10_K_A__10_Q_A__20_F__40_F__10_K405__10_KSB__10_KSB_A__10_QSB__10_KT.6fd6731a6e'
[0m13:57:28.700367 [debug] [Thread-4 (]: Began compiling node test.sec_edgar.not_null_stg_companies_company_name.3ec65d90b5
[0m13:57:28.699318 [info ] [Thread-2 (]: 2 of 17 START test accepted_values_stg_financials_value_type__instant__duration  [RUN]
[0m13:57:28.700781 [debug] [Thread-3 (]: Acquiring new duckdb connection 'test.sec_edgar.not_null_stg_companies_cik.a4f4343324'
[0m13:57:28.701128 [debug] [Thread-1 (]: Began compiling node test.sec_edgar.accepted_values_stg_financials_form_type__10_K__10_Q__10_K_A__10_Q_A__20_F__40_F__10_K405__10_KSB__10_KSB_A__10_QSB__10_KT.6fd6731a6e
[0m13:57:28.704425 [debug] [Thread-2 (]: Acquiring new duckdb connection 'test.sec_edgar.accepted_values_stg_financials_value_type__instant__duration.119a99947c'
[0m13:57:28.710970 [debug] [Thread-4 (]: Writing injected SQL for node "test.sec_edgar.not_null_stg_companies_company_name.3ec65d90b5"
[0m13:57:28.711395 [debug] [Thread-3 (]: Began compiling node test.sec_edgar.not_null_stg_companies_cik.a4f4343324
[0m13:57:28.714042 [debug] [Thread-1 (]: Writing injected SQL for node "test.sec_edgar.accepted_values_stg_financials_form_type__10_K__10_Q__10_K_A__10_Q_A__20_F__40_F__10_K405__10_KSB__10_KSB_A__10_QSB__10_KT.6fd6731a6e"
[0m13:57:28.714411 [debug] [Thread-2 (]: Began compiling node test.sec_edgar.accepted_values_stg_financials_value_type__instant__duration.119a99947c
[0m13:57:28.716885 [debug] [Thread-3 (]: Writing injected SQL for node "test.sec_edgar.not_null_stg_companies_cik.a4f4343324"
[0m13:57:28.719779 [debug] [Thread-2 (]: Writing injected SQL for node "test.sec_edgar.accepted_values_stg_financials_value_type__instant__duration.119a99947c"
[0m13:57:28.720495 [debug] [Thread-4 (]: Began executing node test.sec_edgar.not_null_stg_companies_company_name.3ec65d90b5
[0m13:57:28.732323 [debug] [Thread-4 (]: Writing runtime sql for node "test.sec_edgar.not_null_stg_companies_company_name.3ec65d90b5"
[0m13:57:28.732919 [debug] [Thread-1 (]: Began executing node test.sec_edgar.accepted_values_stg_financials_form_type__10_K__10_Q__10_K_A__10_Q_A__20_F__40_F__10_K405__10_KSB__10_KSB_A__10_QSB__10_KT.6fd6731a6e
[0m13:57:28.735146 [debug] [Thread-1 (]: Writing runtime sql for node "test.sec_edgar.accepted_values_stg_financials_form_type__10_K__10_Q__10_K_A__10_Q_A__20_F__40_F__10_K405__10_KSB__10_KSB_A__10_QSB__10_KT.6fd6731a6e"
[0m13:57:28.735610 [debug] [Thread-3 (]: Began executing node test.sec_edgar.not_null_stg_companies_cik.a4f4343324
[0m13:57:28.736987 [debug] [Thread-3 (]: Writing runtime sql for node "test.sec_edgar.not_null_stg_companies_cik.a4f4343324"
[0m13:57:28.737665 [debug] [Thread-2 (]: Began executing node test.sec_edgar.accepted_values_stg_financials_value_type__instant__duration.119a99947c
[0m13:57:28.738044 [debug] [Thread-4 (]: Using duckdb connection "test.sec_edgar.not_null_stg_companies_company_name.3ec65d90b5"
[0m13:57:28.739873 [debug] [Thread-2 (]: Writing runtime sql for node "test.sec_edgar.accepted_values_stg_financials_value_type__instant__duration.119a99947c"
[0m13:57:28.740248 [debug] [Thread-4 (]: On test.sec_edgar.not_null_stg_companies_company_name.3ec65d90b5: BEGIN
[0m13:57:28.740778 [debug] [Thread-1 (]: Using duckdb connection "test.sec_edgar.accepted_values_stg_financials_form_type__10_K__10_Q__10_K_A__10_Q_A__20_F__40_F__10_K405__10_KSB__10_KSB_A__10_QSB__10_KT.6fd6731a6e"
[0m13:57:28.741145 [debug] [Thread-3 (]: Using duckdb connection "test.sec_edgar.not_null_stg_companies_cik.a4f4343324"
[0m13:57:28.741579 [debug] [Thread-4 (]: Opening a new connection, currently in state init
[0m13:57:28.741917 [debug] [Thread-1 (]: On test.sec_edgar.accepted_values_stg_financials_form_type__10_K__10_Q__10_K_A__10_Q_A__20_F__40_F__10_K405__10_KSB__10_KSB_A__10_QSB__10_KT.6fd6731a6e: BEGIN
[0m13:57:28.742285 [debug] [Thread-3 (]: On test.sec_edgar.not_null_stg_companies_cik.a4f4343324: BEGIN
[0m13:57:28.742751 [debug] [Thread-2 (]: Using duckdb connection "test.sec_edgar.accepted_values_stg_financials_value_type__instant__duration.119a99947c"
[0m13:57:28.743450 [debug] [Thread-1 (]: Opening a new connection, currently in state init
[0m13:57:28.743839 [debug] [Thread-3 (]: Opening a new connection, currently in state init
[0m13:57:28.744143 [debug] [Thread-4 (]: SQL status: OK in 0.003 seconds
[0m13:57:28.744505 [debug] [Thread-2 (]: On test.sec_edgar.accepted_values_stg_financials_value_type__instant__duration.119a99947c: BEGIN
[0m13:57:28.745096 [debug] [Thread-1 (]: SQL status: OK in 0.002 seconds
[0m13:57:28.745426 [debug] [Thread-3 (]: SQL status: OK in 0.002 seconds
[0m13:57:28.745968 [debug] [Thread-4 (]: Using duckdb connection "test.sec_edgar.not_null_stg_companies_company_name.3ec65d90b5"
[0m13:57:28.746419 [debug] [Thread-2 (]: Opening a new connection, currently in state init
[0m13:57:28.746758 [debug] [Thread-1 (]: Using duckdb connection "test.sec_edgar.accepted_values_stg_financials_form_type__10_K__10_Q__10_K_A__10_Q_A__20_F__40_F__10_K405__10_KSB__10_KSB_A__10_QSB__10_KT.6fd6731a6e"
[0m13:57:28.747134 [debug] [Thread-3 (]: Using duckdb connection "test.sec_edgar.not_null_stg_companies_cik.a4f4343324"
[0m13:57:28.747480 [debug] [Thread-4 (]: On test.sec_edgar.not_null_stg_companies_company_name.3ec65d90b5: /* {"app": "dbt", "dbt_version": "1.11.8", "profile_name": "sec_edgar", "target_name": "dev", "node_id": "test.sec_edgar.not_null_stg_companies_company_name.3ec65d90b5"} */

    
    select
      count(*) as failures,
      count(*) != 0 as should_warn,
      count(*) != 0 as should_error
    from (
      
    
  
    
    



select company_name
from "edgar"."main_silver"."stg_companies"
where company_name is null



  
  
      
    ) dbt_internal_test
[0m13:57:28.748074 [debug] [Thread-1 (]: On test.sec_edgar.accepted_values_stg_financials_form_type__10_K__10_Q__10_K_A__10_Q_A__20_F__40_F__10_K405__10_KSB__10_KSB_A__10_QSB__10_KT.6fd6731a6e: /* {"app": "dbt", "dbt_version": "1.11.8", "profile_name": "sec_edgar", "target_name": "dev", "node_id": "test.sec_edgar.accepted_values_stg_financials_form_type__10_K__10_Q__10_K_A__10_Q_A__20_F__40_F__10_K405__10_KSB__10_KSB_A__10_QSB__10_KT.6fd6731a6e"} */

    
    select
      count(*) as failures,
      count(*) != 0 as should_warn,
      count(*) != 0 as should_error
    from (
      
    
  
    
    

with all_values as (

    select
        form_type as value_field,
        count(*) as n_records

    from "edgar"."main_silver"."stg_financials"
    group by form_type

)

select *
from all_values
where value_field not in (
    '10-K','10-Q','10-K/A','10-Q/A','20-F','40-F','10-K405','10-KSB','10-KSB/A','10-QSB','10-KT'
)



  
  
      
    ) dbt_internal_test
[0m13:57:28.748410 [debug] [Thread-2 (]: SQL status: OK in 0.002 seconds
[0m13:57:28.748707 [debug] [Thread-3 (]: On test.sec_edgar.not_null_stg_companies_cik.a4f4343324: /* {"app": "dbt", "dbt_version": "1.11.8", "profile_name": "sec_edgar", "target_name": "dev", "node_id": "test.sec_edgar.not_null_stg_companies_cik.a4f4343324"} */

    
    select
      count(*) as failures,
      count(*) != 0 as should_warn,
      count(*) != 0 as should_error
    from (
      
    
  
    
    



select cik
from "edgar"."main_silver"."stg_companies"
where cik is null



  
  
      
    ) dbt_internal_test
[0m13:57:28.749326 [debug] [Thread-2 (]: Using duckdb connection "test.sec_edgar.accepted_values_stg_financials_value_type__instant__duration.119a99947c"
[0m13:57:28.749897 [debug] [Thread-4 (]: SQL status: OK in 0.001 seconds
[0m13:57:28.750219 [debug] [Thread-2 (]: On test.sec_edgar.accepted_values_stg_financials_value_type__instant__duration.119a99947c: /* {"app": "dbt", "dbt_version": "1.11.8", "profile_name": "sec_edgar", "target_name": "dev", "node_id": "test.sec_edgar.accepted_values_stg_financials_value_type__instant__duration.119a99947c"} */

    
    select
      count(*) as failures,
      count(*) != 0 as should_warn,
      count(*) != 0 as should_error
    from (
      
    
  
    
    

with all_values as (

    select
        value_type as value_field,
        count(*) as n_records

    from "edgar"."main_silver"."stg_financials"
    group by value_type

)

select *
from all_values
where value_field not in (
    'instant','duration'
)



  
  
      
    ) dbt_internal_test
[0m13:57:28.750599 [debug] [Thread-3 (]: SQL status: OK in 0.001 seconds
[0m13:57:28.753816 [debug] [Thread-4 (]: On test.sec_edgar.not_null_stg_companies_company_name.3ec65d90b5: ROLLBACK
[0m13:57:28.755119 [debug] [Thread-3 (]: On test.sec_edgar.not_null_stg_companies_cik.a4f4343324: ROLLBACK
[0m13:57:28.755728 [debug] [Thread-4 (]: Failed to rollback 'test.sec_edgar.not_null_stg_companies_company_name.3ec65d90b5'
[0m13:57:28.756125 [debug] [Thread-1 (]: SQL status: OK in 0.007 seconds
[0m13:57:28.756578 [debug] [Thread-3 (]: Failed to rollback 'test.sec_edgar.not_null_stg_companies_cik.a4f4343324'
[0m13:57:28.756927 [debug] [Thread-2 (]: SQL status: OK in 0.006 seconds
[0m13:57:28.757322 [debug] [Thread-4 (]: On test.sec_edgar.not_null_stg_companies_company_name.3ec65d90b5: Close
[0m13:57:28.757755 [debug] [Thread-3 (]: On test.sec_edgar.not_null_stg_companies_cik.a4f4343324: Close
[0m13:57:28.758802 [debug] [Thread-1 (]: On test.sec_edgar.accepted_values_stg_financials_form_type__10_K__10_Q__10_K_A__10_Q_A__20_F__40_F__10_K405__10_KSB__10_KSB_A__10_QSB__10_KT.6fd6731a6e: ROLLBACK
[0m13:57:28.759942 [debug] [Thread-2 (]: On test.sec_edgar.accepted_values_stg_financials_value_type__instant__duration.119a99947c: ROLLBACK
[0m13:57:28.760383 [info ] [Thread-4 (]: 4 of 17 PASS not_null_stg_companies_company_name ............................... [[32mPASS[0m in 0.06s]
[0m13:57:28.761600 [debug] [Thread-2 (]: Failed to rollback 'test.sec_edgar.accepted_values_stg_financials_value_type__instant__duration.119a99947c'
[0m13:57:28.760868 [info ] [Thread-3 (]: 3 of 17 PASS not_null_stg_companies_cik ........................................ [[32mPASS[0m in 0.06s]
[0m13:57:28.762121 [debug] [Thread-4 (]: Finished running node test.sec_edgar.not_null_stg_companies_company_name.3ec65d90b5
[0m13:57:28.762561 [debug] [Thread-1 (]: Failed to rollback 'test.sec_edgar.accepted_values_stg_financials_form_type__10_K__10_Q__10_K_A__10_Q_A__20_F__40_F__10_K405__10_KSB__10_KSB_A__10_QSB__10_KT.6fd6731a6e'
[0m13:57:28.762874 [debug] [Thread-2 (]: On test.sec_edgar.accepted_values_stg_financials_value_type__instant__duration.119a99947c: Close
[0m13:57:28.763341 [debug] [Thread-3 (]: Finished running node test.sec_edgar.not_null_stg_companies_cik.a4f4343324
[0m13:57:28.763700 [debug] [Thread-4 (]: Began running node test.sec_edgar.not_null_stg_filing_periods_cik.5d0ac31d80
[0m13:57:28.764130 [debug] [Thread-1 (]: On test.sec_edgar.accepted_values_stg_financials_form_type__10_K__10_Q__10_K_A__10_Q_A__20_F__40_F__10_K405__10_KSB__10_KSB_A__10_QSB__10_KT.6fd6731a6e: Close
[0m13:57:28.764976 [debug] [Thread-3 (]: Began running node test.sec_edgar.not_null_stg_filing_periods_has_gaps.0b29e58c11
[0m13:57:28.764612 [info ] [Thread-2 (]: 2 of 17 PASS accepted_values_stg_financials_value_type__instant__duration ...... [[32mPASS[0m in 0.06s]
[0m13:57:28.765425 [info ] [Thread-4 (]: 5 of 17 START test not_null_stg_filing_periods_cik ............................. [RUN]
[0m13:57:28.766680 [debug] [Thread-2 (]: Finished running node test.sec_edgar.accepted_values_stg_financials_value_type__instant__duration.119a99947c
[0m13:57:28.765844 [info ] [Thread-3 (]: 6 of 17 START test not_null_stg_filing_periods_has_gaps ........................ [RUN]
[0m13:57:28.767204 [debug] [Thread-4 (]: Re-using an available connection from the pool (formerly test.sec_edgar.not_null_stg_companies_company_name.3ec65d90b5, now test.sec_edgar.not_null_stg_filing_periods_cik.5d0ac31d80)
[0m13:57:28.766233 [info ] [Thread-1 (]: 1 of 17 PASS accepted_values_stg_financials_form_type__10_K__10_Q__10_K_A__10_Q_A__20_F__40_F__10_K405__10_KSB__10_KSB_A__10_QSB__10_KT  [[32mPASS[0m in 0.07s]
[0m13:57:28.767616 [debug] [Thread-2 (]: Began running node test.sec_edgar.not_null_stg_filing_periods_missing_quarters.39af8604ef
[0m13:57:28.767955 [debug] [Thread-3 (]: Re-using an available connection from the pool (formerly test.sec_edgar.not_null_stg_companies_cik.a4f4343324, now test.sec_edgar.not_null_stg_filing_periods_has_gaps.0b29e58c11)
[0m13:57:28.768289 [debug] [Thread-4 (]: Began compiling node test.sec_edgar.not_null_stg_filing_periods_cik.5d0ac31d80
[0m13:57:28.768799 [debug] [Thread-1 (]: Finished running node test.sec_edgar.accepted_values_stg_financials_form_type__10_K__10_Q__10_K_A__10_Q_A__20_F__40_F__10_K405__10_KSB__10_KSB_A__10_QSB__10_KT.6fd6731a6e
[0m13:57:28.769399 [debug] [Thread-3 (]: Began compiling node test.sec_edgar.not_null_stg_filing_periods_has_gaps.0b29e58c11
[0m13:57:28.769132 [info ] [Thread-2 (]: 7 of 17 START test not_null_stg_filing_periods_missing_quarters ................ [RUN]
[0m13:57:28.772137 [debug] [Thread-4 (]: Writing injected SQL for node "test.sec_edgar.not_null_stg_filing_periods_cik.5d0ac31d80"
[0m13:57:28.772495 [debug] [Thread-1 (]: Began running node test.sec_edgar.not_null_stg_financials_accession_number.6add92839f
[0m13:57:28.775794 [debug] [Thread-3 (]: Writing injected SQL for node "test.sec_edgar.not_null_stg_filing_periods_has_gaps.0b29e58c11"
[0m13:57:28.777157 [debug] [Thread-2 (]: Re-using an available connection from the pool (formerly test.sec_edgar.accepted_values_stg_financials_value_type__instant__duration.119a99947c, now test.sec_edgar.not_null_stg_filing_periods_missing_quarters.39af8604ef)
[0m13:57:28.779215 [debug] [Thread-2 (]: Began compiling node test.sec_edgar.not_null_stg_filing_periods_missing_quarters.39af8604ef
[0m13:57:28.783633 [debug] [Thread-2 (]: Writing injected SQL for node "test.sec_edgar.not_null_stg_filing_periods_missing_quarters.39af8604ef"
[0m13:57:28.778132 [info ] [Thread-1 (]: 8 of 17 START test not_null_stg_financials_accession_number .................... [RUN]
[0m13:57:28.784470 [debug] [Thread-1 (]: Re-using an available connection from the pool (formerly test.sec_edgar.accepted_values_stg_financials_form_type__10_K__10_Q__10_K_A__10_Q_A__20_F__40_F__10_K405__10_KSB__10_KSB_A__10_QSB__10_KT.6fd6731a6e, now test.sec_edgar.not_null_stg_financials_accession_number.6add92839f)
[0m13:57:28.784892 [debug] [Thread-4 (]: Began executing node test.sec_edgar.not_null_stg_filing_periods_cik.5d0ac31d80
[0m13:57:28.785375 [debug] [Thread-1 (]: Began compiling node test.sec_edgar.not_null_stg_financials_accession_number.6add92839f
[0m13:57:28.785811 [debug] [Thread-3 (]: Began executing node test.sec_edgar.not_null_stg_filing_periods_has_gaps.0b29e58c11
[0m13:57:28.787826 [debug] [Thread-4 (]: Writing runtime sql for node "test.sec_edgar.not_null_stg_filing_periods_cik.5d0ac31d80"
[0m13:57:28.788225 [debug] [Thread-2 (]: Began executing node test.sec_edgar.not_null_stg_filing_periods_missing_quarters.39af8604ef
[0m13:57:28.790969 [debug] [Thread-1 (]: Writing injected SQL for node "test.sec_edgar.not_null_stg_financials_accession_number.6add92839f"
[0m13:57:28.792535 [debug] [Thread-3 (]: Writing runtime sql for node "test.sec_edgar.not_null_stg_filing_periods_has_gaps.0b29e58c11"
[0m13:57:28.794473 [debug] [Thread-2 (]: Writing runtime sql for node "test.sec_edgar.not_null_stg_filing_periods_missing_quarters.39af8604ef"
[0m13:57:28.795324 [debug] [Thread-4 (]: Using duckdb connection "test.sec_edgar.not_null_stg_filing_periods_cik.5d0ac31d80"
[0m13:57:28.795760 [debug] [Thread-4 (]: On test.sec_edgar.not_null_stg_filing_periods_cik.5d0ac31d80: BEGIN
[0m13:57:28.796150 [debug] [Thread-4 (]: Opening a new connection, currently in state closed
[0m13:57:28.796752 [debug] [Thread-3 (]: Using duckdb connection "test.sec_edgar.not_null_stg_filing_periods_has_gaps.0b29e58c11"
[0m13:57:28.797090 [debug] [Thread-1 (]: Began executing node test.sec_edgar.not_null_stg_financials_accession_number.6add92839f
[0m13:57:28.797477 [debug] [Thread-3 (]: On test.sec_edgar.not_null_stg_filing_periods_has_gaps.0b29e58c11: BEGIN
[0m13:57:28.797858 [debug] [Thread-4 (]: SQL status: OK in 0.002 seconds
[0m13:57:28.798208 [debug] [Thread-2 (]: Using duckdb connection "test.sec_edgar.not_null_stg_filing_periods_missing_quarters.39af8604ef"
[0m13:57:28.799681 [debug] [Thread-1 (]: Writing runtime sql for node "test.sec_edgar.not_null_stg_financials_accession_number.6add92839f"
[0m13:57:28.800028 [debug] [Thread-3 (]: Opening a new connection, currently in state closed
[0m13:57:28.800317 [debug] [Thread-4 (]: Using duckdb connection "test.sec_edgar.not_null_stg_filing_periods_cik.5d0ac31d80"
[0m13:57:28.800593 [debug] [Thread-2 (]: On test.sec_edgar.not_null_stg_filing_periods_missing_quarters.39af8604ef: BEGIN
[0m13:57:28.801056 [debug] [Thread-4 (]: On test.sec_edgar.not_null_stg_filing_periods_cik.5d0ac31d80: /* {"app": "dbt", "dbt_version": "1.11.8", "profile_name": "sec_edgar", "target_name": "dev", "node_id": "test.sec_edgar.not_null_stg_filing_periods_cik.5d0ac31d80"} */

    
    select
      count(*) as failures,
      count(*) != 0 as should_warn,
      count(*) != 0 as should_error
    from (
      
    
  
    
    



select cik
from "edgar"."main_silver"."stg_filing_periods"
where cik is null



  
  
      
    ) dbt_internal_test
[0m13:57:28.801380 [debug] [Thread-3 (]: SQL status: OK in 0.001 seconds
[0m13:57:28.801702 [debug] [Thread-2 (]: Opening a new connection, currently in state closed
[0m13:57:28.802137 [debug] [Thread-1 (]: Using duckdb connection "test.sec_edgar.not_null_stg_financials_accession_number.6add92839f"
[0m13:57:28.802459 [debug] [Thread-3 (]: Using duckdb connection "test.sec_edgar.not_null_stg_filing_periods_has_gaps.0b29e58c11"
[0m13:57:28.802748 [debug] [Thread-4 (]: SQL status: OK in 0.001 seconds
[0m13:57:28.803102 [debug] [Thread-1 (]: On test.sec_edgar.not_null_stg_financials_accession_number.6add92839f: BEGIN
[0m13:57:28.803411 [debug] [Thread-3 (]: On test.sec_edgar.not_null_stg_filing_periods_has_gaps.0b29e58c11: /* {"app": "dbt", "dbt_version": "1.11.8", "profile_name": "sec_edgar", "target_name": "dev", "node_id": "test.sec_edgar.not_null_stg_filing_periods_has_gaps.0b29e58c11"} */

    
    select
      count(*) as failures,
      count(*) != 0 as should_warn,
      count(*) != 0 as should_error
    from (
      
    
  
    
    



select has_gaps
from "edgar"."main_silver"."stg_filing_periods"
where has_gaps is null



  
  
      
    ) dbt_internal_test
[0m13:57:28.803799 [debug] [Thread-2 (]: SQL status: OK in 0.002 seconds
[0m13:57:28.804814 [debug] [Thread-4 (]: On test.sec_edgar.not_null_stg_filing_periods_cik.5d0ac31d80: ROLLBACK
[0m13:57:28.805188 [debug] [Thread-1 (]: Opening a new connection, currently in state closed
[0m13:57:28.805916 [debug] [Thread-2 (]: Using duckdb connection "test.sec_edgar.not_null_stg_filing_periods_missing_quarters.39af8604ef"
[0m13:57:28.806546 [debug] [Thread-4 (]: Failed to rollback 'test.sec_edgar.not_null_stg_filing_periods_cik.5d0ac31d80'
[0m13:57:28.806950 [debug] [Thread-3 (]: SQL status: OK in 0.001 seconds
[0m13:57:28.807408 [debug] [Thread-2 (]: On test.sec_edgar.not_null_stg_filing_periods_missing_quarters.39af8604ef: /* {"app": "dbt", "dbt_version": "1.11.8", "profile_name": "sec_edgar", "target_name": "dev", "node_id": "test.sec_edgar.not_null_stg_filing_periods_missing_quarters.39af8604ef"} */

    
    select
      count(*) as failures,
      count(*) != 0 as should_warn,
      count(*) != 0 as should_error
    from (
      
    
  
    
    



select missing_quarters
from "edgar"."main_silver"."stg_filing_periods"
where missing_quarters is null



  
  
      
    ) dbt_internal_test
[0m13:57:28.807784 [debug] [Thread-4 (]: On test.sec_edgar.not_null_stg_filing_periods_cik.5d0ac31d80: Close
[0m13:57:28.808101 [debug] [Thread-1 (]: SQL status: OK in 0.003 seconds
[0m13:57:28.809156 [debug] [Thread-3 (]: On test.sec_edgar.not_null_stg_filing_periods_has_gaps.0b29e58c11: ROLLBACK
[0m13:57:28.810085 [debug] [Thread-1 (]: Using duckdb connection "test.sec_edgar.not_null_stg_financials_accession_number.6add92839f"
[0m13:57:28.810420 [debug] [Thread-2 (]: SQL status: OK in 0.001 seconds
[0m13:57:28.809805 [info ] [Thread-4 (]: 5 of 17 PASS not_null_stg_filing_periods_cik ................................... [[32mPASS[0m in 0.04s]
[0m13:57:28.810935 [debug] [Thread-1 (]: On test.sec_edgar.not_null_stg_financials_accession_number.6add92839f: /* {"app": "dbt", "dbt_version": "1.11.8", "profile_name": "sec_edgar", "target_name": "dev", "node_id": "test.sec_edgar.not_null_stg_financials_accession_number.6add92839f"} */

    
    select
      count(*) as failures,
      count(*) != 0 as should_warn,
      count(*) != 0 as should_error
    from (
      
    
  
    
    



select accession_number
from "edgar"."main_silver"."stg_financials"
where accession_number is null



  
  
      
    ) dbt_internal_test
[0m13:57:28.811458 [debug] [Thread-3 (]: Failed to rollback 'test.sec_edgar.not_null_stg_filing_periods_has_gaps.0b29e58c11'
[0m13:57:28.811954 [debug] [Thread-4 (]: Finished running node test.sec_edgar.not_null_stg_filing_periods_cik.5d0ac31d80
[0m13:57:28.812907 [debug] [Thread-2 (]: On test.sec_edgar.not_null_stg_filing_periods_missing_quarters.39af8604ef: ROLLBACK
[0m13:57:28.813429 [debug] [Thread-3 (]: On test.sec_edgar.not_null_stg_filing_periods_has_gaps.0b29e58c11: Close
[0m13:57:28.813797 [debug] [Thread-4 (]: Began running node test.sec_edgar.not_null_stg_financials_canonical_concept.e17bcbd71d
[0m13:57:28.814138 [debug] [Thread-1 (]: SQL status: OK in 0.001 seconds
[0m13:57:28.814676 [debug] [Thread-2 (]: Failed to rollback 'test.sec_edgar.not_null_stg_filing_periods_missing_quarters.39af8604ef'
[0m13:57:28.815149 [info ] [Thread-3 (]: 6 of 17 PASS not_null_stg_filing_periods_has_gaps .............................. [[32mPASS[0m in 0.05s]
[0m13:57:28.815939 [debug] [Thread-2 (]: On test.sec_edgar.not_null_stg_filing_periods_missing_quarters.39af8604ef: Close
[0m13:57:28.816852 [debug] [Thread-1 (]: On test.sec_edgar.not_null_stg_financials_accession_number.6add92839f: ROLLBACK
[0m13:57:28.815447 [info ] [Thread-4 (]: 9 of 17 START test not_null_stg_financials_canonical_concept ................... [RUN]
[0m13:57:28.817386 [debug] [Thread-3 (]: Finished running node test.sec_edgar.not_null_stg_filing_periods_has_gaps.0b29e58c11
[0m13:57:28.818412 [debug] [Thread-1 (]: Failed to rollback 'test.sec_edgar.not_null_stg_financials_accession_number.6add92839f'
[0m13:57:28.818724 [debug] [Thread-4 (]: Re-using an available connection from the pool (formerly test.sec_edgar.not_null_stg_filing_periods_cik.5d0ac31d80, now test.sec_edgar.not_null_stg_financials_canonical_concept.e17bcbd71d)
[0m13:57:28.819060 [debug] [Thread-3 (]: Began running node test.sec_edgar.not_null_stg_financials_cik.4ca5d0f1eb
[0m13:57:28.817916 [info ] [Thread-2 (]: 7 of 17 PASS not_null_stg_filing_periods_missing_quarters ...................... [[32mPASS[0m in 0.04s]
[0m13:57:28.819444 [debug] [Thread-1 (]: On test.sec_edgar.not_null_stg_financials_accession_number.6add92839f: Close
[0m13:57:28.819772 [debug] [Thread-4 (]: Began compiling node test.sec_edgar.not_null_stg_financials_canonical_concept.e17bcbd71d
[0m13:57:28.820440 [debug] [Thread-2 (]: Finished running node test.sec_edgar.not_null_stg_filing_periods_missing_quarters.39af8604ef
[0m13:57:28.820070 [info ] [Thread-3 (]: 10 of 17 START test not_null_stg_financials_cik ................................ [RUN]
[0m13:57:28.823809 [debug] [Thread-4 (]: Writing injected SQL for node "test.sec_edgar.not_null_stg_financials_canonical_concept.e17bcbd71d"
[0m13:57:28.821041 [info ] [Thread-1 (]: 8 of 17 PASS not_null_stg_financials_accession_number .......................... [[32mPASS[0m in 0.04s]
[0m13:57:28.824430 [debug] [Thread-2 (]: Began running node test.sec_edgar.not_null_stg_financials_filed_date.118ebbbdd4
[0m13:57:28.824972 [debug] [Thread-3 (]: Re-using an available connection from the pool (formerly test.sec_edgar.not_null_stg_filing_periods_has_gaps.0b29e58c11, now test.sec_edgar.not_null_stg_financials_cik.4ca5d0f1eb)
[0m13:57:28.825524 [debug] [Thread-1 (]: Finished running node test.sec_edgar.not_null_stg_financials_accession_number.6add92839f
[0m13:57:28.826211 [debug] [Thread-3 (]: Began compiling node test.sec_edgar.not_null_stg_financials_cik.4ca5d0f1eb
[0m13:57:28.825855 [info ] [Thread-2 (]: 11 of 17 START test not_null_stg_financials_filed_date ......................... [RUN]
[0m13:57:28.826662 [debug] [Thread-1 (]: Began running node test.sec_edgar.not_null_stg_financials_form_type.8add921f37
[0m13:57:28.826981 [debug] [Thread-4 (]: Began executing node test.sec_edgar.not_null_stg_financials_canonical_concept.e17bcbd71d
[0m13:57:28.830193 [debug] [Thread-3 (]: Writing injected SQL for node "test.sec_edgar.not_null_stg_financials_cik.4ca5d0f1eb"
[0m13:57:28.830589 [debug] [Thread-2 (]: Re-using an available connection from the pool (formerly test.sec_edgar.not_null_stg_filing_periods_missing_quarters.39af8604ef, now test.sec_edgar.not_null_stg_financials_filed_date.118ebbbdd4)
[0m13:57:28.832266 [debug] [Thread-4 (]: Writing runtime sql for node "test.sec_edgar.not_null_stg_financials_canonical_concept.e17bcbd71d"
[0m13:57:28.830941 [info ] [Thread-1 (]: 12 of 17 START test not_null_stg_financials_form_type .......................... [RUN]
[0m13:57:28.832792 [debug] [Thread-2 (]: Began compiling node test.sec_edgar.not_null_stg_financials_filed_date.118ebbbdd4
[0m13:57:28.833311 [debug] [Thread-3 (]: Began executing node test.sec_edgar.not_null_stg_financials_cik.4ca5d0f1eb
[0m13:57:28.833655 [debug] [Thread-1 (]: Re-using an available connection from the pool (formerly test.sec_edgar.not_null_stg_financials_accession_number.6add92839f, now test.sec_edgar.not_null_stg_financials_form_type.8add921f37)
[0m13:57:28.836198 [debug] [Thread-2 (]: Writing injected SQL for node "test.sec_edgar.not_null_stg_financials_filed_date.118ebbbdd4"
[0m13:57:28.837574 [debug] [Thread-3 (]: Writing runtime sql for node "test.sec_edgar.not_null_stg_financials_cik.4ca5d0f1eb"
[0m13:57:28.837943 [debug] [Thread-1 (]: Began compiling node test.sec_edgar.not_null_stg_financials_form_type.8add921f37
[0m13:57:28.838293 [debug] [Thread-4 (]: Using duckdb connection "test.sec_edgar.not_null_stg_financials_canonical_concept.e17bcbd71d"
[0m13:57:28.841988 [debug] [Thread-1 (]: Writing injected SQL for node "test.sec_edgar.not_null_stg_financials_form_type.8add921f37"
[0m13:57:28.842431 [debug] [Thread-4 (]: On test.sec_edgar.not_null_stg_financials_canonical_concept.e17bcbd71d: BEGIN
[0m13:57:28.842805 [debug] [Thread-2 (]: Began executing node test.sec_edgar.not_null_stg_financials_filed_date.118ebbbdd4
[0m13:57:28.843166 [debug] [Thread-3 (]: Using duckdb connection "test.sec_edgar.not_null_stg_financials_cik.4ca5d0f1eb"
[0m13:57:28.843649 [debug] [Thread-4 (]: Opening a new connection, currently in state closed
[0m13:57:28.845351 [debug] [Thread-2 (]: Writing runtime sql for node "test.sec_edgar.not_null_stg_financials_filed_date.118ebbbdd4"
[0m13:57:28.845705 [debug] [Thread-3 (]: On test.sec_edgar.not_null_stg_financials_cik.4ca5d0f1eb: BEGIN
[0m13:57:28.846298 [debug] [Thread-1 (]: Began executing node test.sec_edgar.not_null_stg_financials_form_type.8add921f37
[0m13:57:28.846637 [debug] [Thread-4 (]: SQL status: OK in 0.003 seconds
[0m13:57:28.846966 [debug] [Thread-3 (]: Opening a new connection, currently in state closed
[0m13:57:28.848372 [debug] [Thread-1 (]: Writing runtime sql for node "test.sec_edgar.not_null_stg_financials_form_type.8add921f37"
[0m13:57:28.848763 [debug] [Thread-4 (]: Using duckdb connection "test.sec_edgar.not_null_stg_financials_canonical_concept.e17bcbd71d"
[0m13:57:28.849199 [debug] [Thread-2 (]: Using duckdb connection "test.sec_edgar.not_null_stg_financials_filed_date.118ebbbdd4"
[0m13:57:28.849607 [debug] [Thread-3 (]: SQL status: OK in 0.003 seconds
[0m13:57:28.849987 [debug] [Thread-4 (]: On test.sec_edgar.not_null_stg_financials_canonical_concept.e17bcbd71d: /* {"app": "dbt", "dbt_version": "1.11.8", "profile_name": "sec_edgar", "target_name": "dev", "node_id": "test.sec_edgar.not_null_stg_financials_canonical_concept.e17bcbd71d"} */

    
    select
      count(*) as failures,
      count(*) != 0 as should_warn,
      count(*) != 0 as should_error
    from (
      
    
  
    
    



select canonical_concept
from "edgar"."main_silver"."stg_financials"
where canonical_concept is null



  
  
      
    ) dbt_internal_test
[0m13:57:28.850322 [debug] [Thread-2 (]: On test.sec_edgar.not_null_stg_financials_filed_date.118ebbbdd4: BEGIN
[0m13:57:28.850725 [debug] [Thread-3 (]: Using duckdb connection "test.sec_edgar.not_null_stg_financials_cik.4ca5d0f1eb"
[0m13:57:28.851212 [debug] [Thread-1 (]: Using duckdb connection "test.sec_edgar.not_null_stg_financials_form_type.8add921f37"
[0m13:57:28.851539 [debug] [Thread-2 (]: Opening a new connection, currently in state closed
[0m13:57:28.851888 [debug] [Thread-4 (]: SQL status: OK in 0.001 seconds
[0m13:57:28.852282 [debug] [Thread-3 (]: On test.sec_edgar.not_null_stg_financials_cik.4ca5d0f1eb: /* {"app": "dbt", "dbt_version": "1.11.8", "profile_name": "sec_edgar", "target_name": "dev", "node_id": "test.sec_edgar.not_null_stg_financials_cik.4ca5d0f1eb"} */

    
    select
      count(*) as failures,
      count(*) != 0 as should_warn,
      count(*) != 0 as should_error
    from (
      
    
  
    
    



select cik
from "edgar"."main_silver"."stg_financials"
where cik is null



  
  
      
    ) dbt_internal_test
[0m13:57:28.852651 [debug] [Thread-1 (]: On test.sec_edgar.not_null_stg_financials_form_type.8add921f37: BEGIN
[0m13:57:28.853267 [debug] [Thread-2 (]: SQL status: OK in 0.002 seconds
[0m13:57:28.854311 [debug] [Thread-4 (]: On test.sec_edgar.not_null_stg_financials_canonical_concept.e17bcbd71d: ROLLBACK
[0m13:57:28.854661 [debug] [Thread-1 (]: Opening a new connection, currently in state closed
[0m13:57:28.855003 [debug] [Thread-3 (]: SQL status: OK in 0.002 seconds
[0m13:57:28.855336 [debug] [Thread-2 (]: Using duckdb connection "test.sec_edgar.not_null_stg_financials_filed_date.118ebbbdd4"
[0m13:57:28.856360 [debug] [Thread-1 (]: SQL status: OK in 0.002 seconds
[0m13:57:28.857576 [debug] [Thread-3 (]: On test.sec_edgar.not_null_stg_financials_cik.4ca5d0f1eb: ROLLBACK
[0m13:57:28.857866 [debug] [Thread-4 (]: Failed to rollback 'test.sec_edgar.not_null_stg_financials_canonical_concept.e17bcbd71d'
[0m13:57:28.858198 [debug] [Thread-2 (]: On test.sec_edgar.not_null_stg_financials_filed_date.118ebbbdd4: /* {"app": "dbt", "dbt_version": "1.11.8", "profile_name": "sec_edgar", "target_name": "dev", "node_id": "test.sec_edgar.not_null_stg_financials_filed_date.118ebbbdd4"} */

    
    select
      count(*) as failures,
      count(*) != 0 as should_warn,
      count(*) != 0 as should_error
    from (
      
    
  
    
    



select filed_date
from "edgar"."main_silver"."stg_financials"
where filed_date is null



  
  
      
    ) dbt_internal_test
[0m13:57:28.858552 [debug] [Thread-1 (]: Using duckdb connection "test.sec_edgar.not_null_stg_financials_form_type.8add921f37"
[0m13:57:28.858911 [debug] [Thread-4 (]: On test.sec_edgar.not_null_stg_financials_canonical_concept.e17bcbd71d: Close
[0m13:57:28.859300 [debug] [Thread-3 (]: Failed to rollback 'test.sec_edgar.not_null_stg_financials_cik.4ca5d0f1eb'
[0m13:57:28.859847 [debug] [Thread-1 (]: On test.sec_edgar.not_null_stg_financials_form_type.8add921f37: /* {"app": "dbt", "dbt_version": "1.11.8", "profile_name": "sec_edgar", "target_name": "dev", "node_id": "test.sec_edgar.not_null_stg_financials_form_type.8add921f37"} */

    
    select
      count(*) as failures,
      count(*) != 0 as should_warn,
      count(*) != 0 as should_error
    from (
      
    
  
    
    



select form_type
from "edgar"."main_silver"."stg_financials"
where form_type is null



  
  
      
    ) dbt_internal_test
[0m13:57:28.860228 [debug] [Thread-2 (]: SQL status: OK in 0.001 seconds
[0m13:57:28.860610 [debug] [Thread-3 (]: On test.sec_edgar.not_null_stg_financials_cik.4ca5d0f1eb: Close
[0m13:57:28.861112 [info ] [Thread-4 (]: 9 of 17 PASS not_null_stg_financials_canonical_concept ......................... [[32mPASS[0m in 0.04s]
[0m13:57:28.862388 [debug] [Thread-2 (]: On test.sec_edgar.not_null_stg_financials_filed_date.118ebbbdd4: ROLLBACK
[0m13:57:28.863337 [debug] [Thread-4 (]: Finished running node test.sec_edgar.not_null_stg_financials_canonical_concept.e17bcbd71d
[0m13:57:28.862898 [info ] [Thread-3 (]: 10 of 17 PASS not_null_stg_financials_cik ...................................... [[32mPASS[0m in 0.04s]
[0m13:57:28.863732 [debug] [Thread-1 (]: SQL status: OK in 0.002 seconds
[0m13:57:28.864171 [debug] [Thread-2 (]: Failed to rollback 'test.sec_edgar.not_null_stg_financials_filed_date.118ebbbdd4'
[0m13:57:28.864492 [debug] [Thread-4 (]: Began running node test.sec_edgar.not_null_stg_financials_period_end.dc50fa8d9a
[0m13:57:28.864912 [debug] [Thread-3 (]: Finished running node test.sec_edgar.not_null_stg_financials_cik.4ca5d0f1eb
[0m13:57:28.865952 [debug] [Thread-1 (]: On test.sec_edgar.not_null_stg_financials_form_type.8add921f37: ROLLBACK
[0m13:57:28.866307 [debug] [Thread-2 (]: On test.sec_edgar.not_null_stg_financials_filed_date.118ebbbdd4: Close
[0m13:57:28.867014 [debug] [Thread-3 (]: Began running node test.sec_edgar.not_null_stg_financials_reported_value.61de75a945
[0m13:57:28.866658 [info ] [Thread-4 (]: 13 of 17 START test not_null_stg_financials_period_end ......................... [RUN]
[0m13:57:28.867635 [debug] [Thread-1 (]: Failed to rollback 'test.sec_edgar.not_null_stg_financials_form_type.8add921f37'
[0m13:57:28.868037 [info ] [Thread-3 (]: 14 of 17 START test not_null_stg_financials_reported_value ..................... [RUN]
[0m13:57:28.868862 [debug] [Thread-4 (]: Re-using an available connection from the pool (formerly test.sec_edgar.not_null_stg_financials_canonical_concept.e17bcbd71d, now test.sec_edgar.not_null_stg_financials_period_end.dc50fa8d9a)
[0m13:57:28.869190 [debug] [Thread-1 (]: On test.sec_edgar.not_null_stg_financials_form_type.8add921f37: Close
[0m13:57:28.869543 [debug] [Thread-3 (]: Re-using an available connection from the pool (formerly test.sec_edgar.not_null_stg_financials_cik.4ca5d0f1eb, now test.sec_edgar.not_null_stg_financials_reported_value.61de75a945)
[0m13:57:28.868460 [info ] [Thread-2 (]: 11 of 17 PASS not_null_stg_financials_filed_date ............................... [[32mPASS[0m in 0.04s]
[0m13:57:28.869929 [debug] [Thread-4 (]: Began compiling node test.sec_edgar.not_null_stg_financials_period_end.dc50fa8d9a
[0m13:57:28.870767 [debug] [Thread-3 (]: Began compiling node test.sec_edgar.not_null_stg_financials_reported_value.61de75a945
[0m13:57:28.870481 [info ] [Thread-1 (]: 12 of 17 PASS not_null_stg_financials_form_type ................................ [[32mPASS[0m in 0.04s]
[0m13:57:28.871397 [debug] [Thread-2 (]: Finished running node test.sec_edgar.not_null_stg_financials_filed_date.118ebbbdd4
[0m13:57:28.877255 [debug] [Thread-4 (]: Writing injected SQL for node "test.sec_edgar.not_null_stg_financials_period_end.dc50fa8d9a"
[0m13:57:28.879742 [debug] [Thread-3 (]: Writing injected SQL for node "test.sec_edgar.not_null_stg_financials_reported_value.61de75a945"
[0m13:57:28.880269 [debug] [Thread-1 (]: Finished running node test.sec_edgar.not_null_stg_financials_form_type.8add921f37
[0m13:57:28.880623 [debug] [Thread-2 (]: Began running node test.sec_edgar.not_null_stg_financials_value_type.75f4048627
[0m13:57:28.881185 [debug] [Thread-1 (]: Began running node test.sec_edgar.unique_stg_companies_cik.dfa9e4bacb
[0m13:57:28.881527 [info ] [Thread-2 (]: 15 of 17 START test not_null_stg_financials_value_type ......................... [RUN]
[0m13:57:28.882285 [debug] [Thread-2 (]: Re-using an available connection from the pool (formerly test.sec_edgar.not_null_stg_financials_filed_date.118ebbbdd4, now test.sec_edgar.not_null_stg_financials_value_type.75f4048627)
[0m13:57:28.882607 [debug] [Thread-3 (]: Began executing node test.sec_edgar.not_null_stg_financials_reported_value.61de75a945
[0m13:57:28.881841 [info ] [Thread-1 (]: 16 of 17 START test unique_stg_companies_cik ................................... [RUN]
[0m13:57:28.882966 [debug] [Thread-2 (]: Began compiling node test.sec_edgar.not_null_stg_financials_value_type.75f4048627
[0m13:57:28.883247 [debug] [Thread-4 (]: Began executing node test.sec_edgar.not_null_stg_financials_period_end.dc50fa8d9a
[0m13:57:28.884599 [debug] [Thread-3 (]: Writing runtime sql for node "test.sec_edgar.not_null_stg_financials_reported_value.61de75a945"
[0m13:57:28.884990 [debug] [Thread-1 (]: Re-using an available connection from the pool (formerly test.sec_edgar.not_null_stg_financials_form_type.8add921f37, now test.sec_edgar.unique_stg_companies_cik.dfa9e4bacb)
[0m13:57:28.888046 [debug] [Thread-2 (]: Writing injected SQL for node "test.sec_edgar.not_null_stg_financials_value_type.75f4048627"
[0m13:57:28.889812 [debug] [Thread-4 (]: Writing runtime sql for node "test.sec_edgar.not_null_stg_financials_period_end.dc50fa8d9a"
[0m13:57:28.890330 [debug] [Thread-1 (]: Began compiling node test.sec_edgar.unique_stg_companies_cik.dfa9e4bacb
[0m13:57:28.895134 [debug] [Thread-1 (]: Writing injected SQL for node "test.sec_edgar.unique_stg_companies_cik.dfa9e4bacb"
[0m13:57:28.895871 [debug] [Thread-3 (]: Using duckdb connection "test.sec_edgar.not_null_stg_financials_reported_value.61de75a945"
[0m13:57:28.896229 [debug] [Thread-2 (]: Began executing node test.sec_edgar.not_null_stg_financials_value_type.75f4048627
[0m13:57:28.896566 [debug] [Thread-4 (]: Using duckdb connection "test.sec_edgar.not_null_stg_financials_period_end.dc50fa8d9a"
[0m13:57:28.896880 [debug] [Thread-3 (]: On test.sec_edgar.not_null_stg_financials_reported_value.61de75a945: BEGIN
[0m13:57:28.898362 [debug] [Thread-2 (]: Writing runtime sql for node "test.sec_edgar.not_null_stg_financials_value_type.75f4048627"
[0m13:57:28.898747 [debug] [Thread-4 (]: On test.sec_edgar.not_null_stg_financials_period_end.dc50fa8d9a: BEGIN
[0m13:57:28.899084 [debug] [Thread-3 (]: Opening a new connection, currently in state closed
[0m13:57:28.899371 [debug] [Thread-1 (]: Began executing node test.sec_edgar.unique_stg_companies_cik.dfa9e4bacb
[0m13:57:28.899723 [debug] [Thread-4 (]: Opening a new connection, currently in state closed
[0m13:57:28.901263 [debug] [Thread-1 (]: Writing runtime sql for node "test.sec_edgar.unique_stg_companies_cik.dfa9e4bacb"
[0m13:57:28.901792 [debug] [Thread-3 (]: SQL status: OK in 0.003 seconds
[0m13:57:28.902255 [debug] [Thread-2 (]: Using duckdb connection "test.sec_edgar.not_null_stg_financials_value_type.75f4048627"
[0m13:57:28.902645 [debug] [Thread-3 (]: Using duckdb connection "test.sec_edgar.not_null_stg_financials_reported_value.61de75a945"
[0m13:57:28.902959 [debug] [Thread-4 (]: SQL status: OK in 0.003 seconds
[0m13:57:28.903281 [debug] [Thread-2 (]: On test.sec_edgar.not_null_stg_financials_value_type.75f4048627: BEGIN
[0m13:57:28.903639 [debug] [Thread-3 (]: On test.sec_edgar.not_null_stg_financials_reported_value.61de75a945: /* {"app": "dbt", "dbt_version": "1.11.8", "profile_name": "sec_edgar", "target_name": "dev", "node_id": "test.sec_edgar.not_null_stg_financials_reported_value.61de75a945"} */

    
    select
      count(*) as failures,
      count(*) != 0 as should_warn,
      count(*) != 0 as should_error
    from (
      
    
  
    
    



select reported_value
from "edgar"."main_silver"."stg_financials"
where reported_value is null



  
  
      
    ) dbt_internal_test
[0m13:57:28.904052 [debug] [Thread-1 (]: Using duckdb connection "test.sec_edgar.unique_stg_companies_cik.dfa9e4bacb"
[0m13:57:28.904387 [debug] [Thread-4 (]: Using duckdb connection "test.sec_edgar.not_null_stg_financials_period_end.dc50fa8d9a"
[0m13:57:28.904751 [debug] [Thread-2 (]: Opening a new connection, currently in state closed
[0m13:57:28.905197 [debug] [Thread-1 (]: On test.sec_edgar.unique_stg_companies_cik.dfa9e4bacb: BEGIN
[0m13:57:28.905538 [debug] [Thread-4 (]: On test.sec_edgar.not_null_stg_financials_period_end.dc50fa8d9a: /* {"app": "dbt", "dbt_version": "1.11.8", "profile_name": "sec_edgar", "target_name": "dev", "node_id": "test.sec_edgar.not_null_stg_financials_period_end.dc50fa8d9a"} */

    
    select
      count(*) as failures,
      count(*) != 0 as should_warn,
      count(*) != 0 as should_error
    from (
      
    
  
    
    



select period_end
from "edgar"."main_silver"."stg_financials"
where period_end is null



  
  
      
    ) dbt_internal_test
[0m13:57:28.906067 [debug] [Thread-3 (]: SQL status: OK in 0.001 seconds
[0m13:57:28.907109 [debug] [Thread-2 (]: SQL status: OK in 0.002 seconds
[0m13:57:28.907425 [debug] [Thread-1 (]: Opening a new connection, currently in state closed
[0m13:57:28.907978 [debug] [Thread-2 (]: Using duckdb connection "test.sec_edgar.not_null_stg_financials_value_type.75f4048627"
[0m13:57:28.909033 [debug] [Thread-3 (]: On test.sec_edgar.not_null_stg_financials_reported_value.61de75a945: ROLLBACK
[0m13:57:28.909444 [debug] [Thread-4 (]: SQL status: OK in 0.002 seconds
[0m13:57:28.909773 [debug] [Thread-2 (]: On test.sec_edgar.not_null_stg_financials_value_type.75f4048627: /* {"app": "dbt", "dbt_version": "1.11.8", "profile_name": "sec_edgar", "target_name": "dev", "node_id": "test.sec_edgar.not_null_stg_financials_value_type.75f4048627"} */

    
    select
      count(*) as failures,
      count(*) != 0 as should_warn,
      count(*) != 0 as should_error
    from (
      
    
  
    
    



select value_type
from "edgar"."main_silver"."stg_financials"
where value_type is null



  
  
      
    ) dbt_internal_test
[0m13:57:28.910263 [debug] [Thread-1 (]: SQL status: OK in 0.003 seconds
[0m13:57:28.911306 [debug] [Thread-4 (]: On test.sec_edgar.not_null_stg_financials_period_end.dc50fa8d9a: ROLLBACK
[0m13:57:28.911777 [debug] [Thread-3 (]: Failed to rollback 'test.sec_edgar.not_null_stg_financials_reported_value.61de75a945'
[0m13:57:28.912197 [debug] [Thread-1 (]: Using duckdb connection "test.sec_edgar.unique_stg_companies_cik.dfa9e4bacb"
[0m13:57:28.912575 [debug] [Thread-2 (]: SQL status: OK in 0.000 seconds
[0m13:57:28.912986 [debug] [Thread-4 (]: Failed to rollback 'test.sec_edgar.not_null_stg_financials_period_end.dc50fa8d9a'
[0m13:57:28.913283 [debug] [Thread-3 (]: On test.sec_edgar.not_null_stg_financials_reported_value.61de75a945: Close
[0m13:57:28.913577 [debug] [Thread-1 (]: On test.sec_edgar.unique_stg_companies_cik.dfa9e4bacb: /* {"app": "dbt", "dbt_version": "1.11.8", "profile_name": "sec_edgar", "target_name": "dev", "node_id": "test.sec_edgar.unique_stg_companies_cik.dfa9e4bacb"} */

    
    select
      count(*) as failures,
      count(*) != 0 as should_warn,
      count(*) != 0 as should_error
    from (
      
    
  
    
    

select
    cik as unique_field,
    count(*) as n_records

from "edgar"."main_silver"."stg_companies"
where cik is not null
group by cik
having count(*) > 1



  
  
      
    ) dbt_internal_test
[0m13:57:28.913924 [debug] [Thread-4 (]: On test.sec_edgar.not_null_stg_financials_period_end.dc50fa8d9a: Close
[0m13:57:28.914771 [debug] [Thread-2 (]: On test.sec_edgar.not_null_stg_financials_value_type.75f4048627: ROLLBACK
[0m13:57:28.915290 [info ] [Thread-3 (]: 14 of 17 PASS not_null_stg_financials_reported_value ........................... [[32mPASS[0m in 0.05s]
[0m13:57:28.916556 [debug] [Thread-2 (]: Failed to rollback 'test.sec_edgar.not_null_stg_financials_value_type.75f4048627'
[0m13:57:28.917578 [debug] [Thread-3 (]: Finished running node test.sec_edgar.not_null_stg_financials_reported_value.61de75a945
[0m13:57:28.915978 [info ] [Thread-4 (]: 13 of 17 PASS not_null_stg_financials_period_end ............................... [[32mPASS[0m in 0.05s]
[0m13:57:28.918042 [debug] [Thread-1 (]: SQL status: OK in 0.002 seconds
[0m13:57:28.918325 [debug] [Thread-2 (]: On test.sec_edgar.not_null_stg_financials_value_type.75f4048627: Close
[0m13:57:28.918740 [debug] [Thread-3 (]: Began running node test.sec_edgar.unique_stg_filing_periods_cik.26c8ca2727
[0m13:57:28.919253 [debug] [Thread-4 (]: Finished running node test.sec_edgar.not_null_stg_financials_period_end.dc50fa8d9a
[0m13:57:28.920355 [debug] [Thread-1 (]: On test.sec_edgar.unique_stg_companies_cik.dfa9e4bacb: ROLLBACK
[0m13:57:28.920781 [info ] [Thread-2 (]: 15 of 17 PASS not_null_stg_financials_value_type ............................... [[32mPASS[0m in 0.04s]
[0m13:57:28.921137 [info ] [Thread-3 (]: 17 of 17 START test unique_stg_filing_periods_cik .............................. [RUN]
[0m13:57:28.922372 [debug] [Thread-1 (]: Failed to rollback 'test.sec_edgar.unique_stg_companies_cik.dfa9e4bacb'
[0m13:57:28.922891 [debug] [Thread-3 (]: Re-using an available connection from the pool (formerly test.sec_edgar.not_null_stg_financials_reported_value.61de75a945, now test.sec_edgar.unique_stg_filing_periods_cik.26c8ca2727)
[0m13:57:28.923238 [debug] [Thread-2 (]: Finished running node test.sec_edgar.not_null_stg_financials_value_type.75f4048627
[0m13:57:28.923580 [debug] [Thread-1 (]: On test.sec_edgar.unique_stg_companies_cik.dfa9e4bacb: Close
[0m13:57:28.923944 [debug] [Thread-3 (]: Began compiling node test.sec_edgar.unique_stg_filing_periods_cik.26c8ca2727
[0m13:57:28.926876 [debug] [Thread-3 (]: Writing injected SQL for node "test.sec_edgar.unique_stg_filing_periods_cik.26c8ca2727"
[0m13:57:28.927369 [info ] [Thread-1 (]: 16 of 17 PASS unique_stg_companies_cik ......................................... [[32mPASS[0m in 0.04s]
[0m13:57:28.927994 [debug] [Thread-1 (]: Finished running node test.sec_edgar.unique_stg_companies_cik.dfa9e4bacb
[0m13:57:28.928477 [debug] [Thread-3 (]: Began executing node test.sec_edgar.unique_stg_filing_periods_cik.26c8ca2727
[0m13:57:28.929801 [debug] [Thread-3 (]: Writing runtime sql for node "test.sec_edgar.unique_stg_filing_periods_cik.26c8ca2727"
[0m13:57:28.930414 [debug] [Thread-3 (]: Using duckdb connection "test.sec_edgar.unique_stg_filing_periods_cik.26c8ca2727"
[0m13:57:28.930698 [debug] [Thread-3 (]: On test.sec_edgar.unique_stg_filing_periods_cik.26c8ca2727: BEGIN
[0m13:57:28.930932 [debug] [Thread-3 (]: Opening a new connection, currently in state closed
[0m13:57:28.931407 [debug] [Thread-3 (]: SQL status: OK in 0.000 seconds
[0m13:57:28.931680 [debug] [Thread-3 (]: Using duckdb connection "test.sec_edgar.unique_stg_filing_periods_cik.26c8ca2727"
[0m13:57:28.931912 [debug] [Thread-3 (]: On test.sec_edgar.unique_stg_filing_periods_cik.26c8ca2727: /* {"app": "dbt", "dbt_version": "1.11.8", "profile_name": "sec_edgar", "target_name": "dev", "node_id": "test.sec_edgar.unique_stg_filing_periods_cik.26c8ca2727"} */

    
    select
      count(*) as failures,
      count(*) != 0 as should_warn,
      count(*) != 0 as should_error
    from (
      
    
  
    
    

select
    cik as unique_field,
    count(*) as n_records

from "edgar"."main_silver"."stg_filing_periods"
where cik is not null
group by cik
having count(*) > 1



  
  
      
    ) dbt_internal_test
[0m13:57:28.933867 [debug] [Thread-3 (]: SQL status: OK in 0.002 seconds
[0m13:57:28.934930 [debug] [Thread-3 (]: On test.sec_edgar.unique_stg_filing_periods_cik.26c8ca2727: ROLLBACK
[0m13:57:28.935412 [debug] [Thread-3 (]: Failed to rollback 'test.sec_edgar.unique_stg_filing_periods_cik.26c8ca2727'
[0m13:57:28.935701 [debug] [Thread-3 (]: On test.sec_edgar.unique_stg_filing_periods_cik.26c8ca2727: Close
[0m13:57:28.936091 [info ] [Thread-3 (]: 17 of 17 PASS unique_stg_filing_periods_cik .................................... [[32mPASS[0m in 0.01s]
[0m13:57:28.936663 [debug] [Thread-3 (]: Finished running node test.sec_edgar.unique_stg_filing_periods_cik.26c8ca2727
[0m13:57:28.937800 [debug] [MainThread]: Using duckdb connection "master"
[0m13:57:28.938051 [debug] [MainThread]: On master: BEGIN
[0m13:57:28.938260 [debug] [MainThread]: Opening a new connection, currently in state closed
[0m13:57:28.938669 [debug] [MainThread]: SQL status: OK in 0.000 seconds
[0m13:57:28.938895 [debug] [MainThread]: On master: COMMIT
[0m13:57:28.939103 [debug] [MainThread]: Using duckdb connection "master"
[0m13:57:28.939309 [debug] [MainThread]: On master: COMMIT
[0m13:57:28.939675 [debug] [MainThread]: SQL status: OK in 0.000 seconds
[0m13:57:28.939917 [debug] [MainThread]: On master: Close
[0m13:57:28.940211 [debug] [MainThread]: Connection 'master' was properly closed.
[0m13:57:28.940411 [debug] [MainThread]: Connection 'list_edgar_main_seeds' was properly closed.
[0m13:57:28.940598 [debug] [MainThread]: Connection 'list_edgar_main_bronze' was properly closed.
[0m13:57:28.940775 [debug] [MainThread]: Connection 'list_edgar_main_silver' was properly closed.
[0m13:57:28.940947 [debug] [MainThread]: Connection 'list_edgar_main_gold' was properly closed.
[0m13:57:28.941122 [debug] [MainThread]: Connection 'test.sec_edgar.not_null_stg_financials_period_end.dc50fa8d9a' was properly closed.
[0m13:57:28.941318 [debug] [MainThread]: Connection 'test.sec_edgar.unique_stg_companies_cik.dfa9e4bacb' was properly closed.
[0m13:57:28.941501 [debug] [MainThread]: Connection 'test.sec_edgar.unique_stg_filing_periods_cik.26c8ca2727' was properly closed.
[0m13:57:28.941681 [debug] [MainThread]: Connection 'test.sec_edgar.not_null_stg_financials_value_type.75f4048627' was properly closed.
[0m13:57:28.941943 [info ] [MainThread]: 
[0m13:57:28.942353 [info ] [MainThread]: Finished running 17 data tests in 0 hours 0 minutes and 0.42 seconds (0.42s).
[0m13:57:28.944606 [debug] [MainThread]: Command end result
[0m13:57:29.008917 [debug] [MainThread]: Wrote artifact WritableManifest to C:\Krish\Project\sec-edgar-pipeline\dbt\target\manifest.json
[0m13:57:29.011040 [debug] [MainThread]: Wrote artifact SemanticManifest to C:\Krish\Project\sec-edgar-pipeline\dbt\target\semantic_manifest.json
[0m13:57:29.016067 [debug] [MainThread]: Wrote artifact RunExecutionResult to C:\Krish\Project\sec-edgar-pipeline\dbt\target\run_results.json
[0m13:57:29.016390 [info ] [MainThread]: 
[0m13:57:29.016886 [info ] [MainThread]: [32mCompleted successfully[0m
[0m13:57:29.017330 [info ] [MainThread]: 
[0m13:57:29.017679 [info ] [MainThread]: Done. PASS=17 WARN=0 ERROR=0 SKIP=0 NO-OP=0 TOTAL=17
[0m13:57:29.018284 [debug] [MainThread]: Command `dbt test` succeeded at 13:57:29.018201 after 2.25 seconds
[0m13:57:29.018549 [debug] [MainThread]: Sending event: {'category': 'dbt', 'action': 'invocation', 'label': 'end', 'context': [<snowplow_tracker.self_describing_json.SelfDescribingJson object at 0x00000210FA7068D0>, <snowplow_tracker.self_describing_json.SelfDescribingJson object at 0x00000210FC496C50>, <snowplow_tracker.self_describing_json.SelfDescribingJson object at 0x00000210FC497960>]}
[0m13:57:29.018819 [debug] [MainThread]: Flushing usage events
[0m13:57:29.391913 [debug] [MainThread]: An error was encountered while trying to flush usage events
